ELEV,0.06,0.3,246.54,-57.83,-3,-0.02,-0.12,-3/5,hold,0.221-4.33,-10.41,93.0,1.6,1.31,Sell ALL,1.83 million,Healthcare,Biotechnology,1.607,0.36,0.43,1.2,0.7,0.39
SA,0.1,11.6,110.51,-69.57,-1,1,1,-1/5,buy,9.4-20.55,-10.86,44.0,51.67312,45.51,Sell ALL,865.68 thousand,Basic Materials,Gold,0.83,12.61,14.89,1.09,0.78,0.01
ED,0.26,102.01,34.69,-57.88,-1,0.07,0.05,-1/5,hold,87.28-114.87,-8.32,11.0,128.0,116.98,Sell ALL,2.68 million,Utilities,Utilities - Regulated Electric,0.276,109.64,131.9,1.07,0.77,0.19
Elab,0.39,2.4,256.43,-48.87,-2,1,1,-2/5,,2.14-980.0,-7.5,100.0,0.1,0.1,Sell,350.74 thousand,Healthcare,Biotechnology,1,2.56,3.94,1.07,0.61,0.16
ELAB,0.39,2.4,256.43,-48.87,-2,1,1,-2/5,,2.14-980.0,-7.5,100.0,0.1,0.1,Sell,350.74 thousand,Healthcare,Biotechnology,1,2.56,3.94,1.07,0.61,0.16
PT,0.43,0.95,154.89,-45.15,0,1,1,0/5,,0.76-1.19,-6.32,20.0,0.1,0.1,Buy,11.89 thousand,Financial Services,Credit Services,0.859,0.99,1.28,1.04,0.74,-0.45
MODV,0.44,0.89,93.91,-59.53,0,-1.24,-2.71,0/5,hold,0.8755-32.82,-26.98,97.0,12.0,8.39,Sell ALL,352.79 thousand,Healthcare,Medical Care Facilities,0.892,1.24,1.46,1.39,0.61,0.32
BDRX,0.49,1.3,174.72,-84.26,0,1,1,0/5,buy,1.11-74.0,-12.31,98.0,18.044283,18.04,mere Sell (some bought),76.41 thousand,Healthcare,Biotechnology,1.163,1.44,1.85,1.11,0.7,-0.02
LMT,0.5,465.14,32.55,-17.59,-1,2.06,0.32,-1/5,hold,418.88-618.95,-2.57,25.0,670.0,597.11,Sell ALL,1.33 million,Industrials,Aerospace & Defense,0.289,472.4,560.16,1.02,0.83,0.02
VERX,0.59,37.52,121.45,-26.31,-1,0.03,0.19,-1/5,strongBuy,30.259-60.71,-3.78,38.0,61.0,53.98,Sell,898.14 thousand,Technology,Software - Application,0.781,39.74,47.17,1.06,0.8,0.0
GV,0.67,1.9,105.1,-6.49,-1,1,1,-1/5,,1.0-9.6,-2.11,80.0,0.1,0.1,Buy,73.97 thousand,Consumer Defensive,Education & Training Services,0.223,2.02,2.38,1.06,0.8,-0.06
SNYR,0.69,2.14,296.47,-79.17,0,0,0,0/5,strongBuy,1.3-10.0,-16.82,79.0,10.0,10.0,- Buy time -,337.14 thousand,Healthcare,Medical Distribution,1.212,2.34,3.18,1.09,0.67,-0.01
SCNX,0.76,0.9,155.23,7.62,-1,1,1,-1/5,,0.69-23.77,-0.34,96.0,0.1,0.1,Sell,73.21 thousand,Healthcare,Pharmaceutical Retailers,1,0.93,1.09,1.03,0.83,-0.22
DNUT,0.77,3.21,391.2,-119.88,0,-0.09,-0.99,0/5,strongBuy,2.58-12.68,-22.98,75.0,17.5,12.66,Sell ALL,3.22 million,Consumer Defensive,Grocery Stores,1.484,4.07,4.72,1.27,0.68,0.29
MRSN,0.78,0.31,272.74,-14.2,-2,0.06,0.36,-2/5,buy,0.259-2.83,-6.84,89.0,9.0,6.79,Sell ALL,2.62 million,Healthcare,Biotechnology,1.299,0.37,0.45,1.19,0.69,0.26
CLDI,0.78,0.41,150.64,-76.04,0,0.06,0.02,0/5,buy,0.35-4.9,-12.05,92.0,10.0,8.12,Sell ALL,175.61 thousand,Healthcare,Biotechnology,1.201,0.48,0.55,1.17,0.75,0.26
MTA,0.81,2.84,366.54,-74.07,0,0.0,-0.5,0/5,buy,2.32-4.08,-11.62,30.0,4.5,4.5,mere Buy (some sold),388.21 thousand,Basic Materials,Other Precious Metals & Mining,1.776,3.11,3.71,1.1,0.77,-0.21
BNZI,0.93,0.98,-77.7,-53.99,2,9.95,1.6,2/5,buy,0.735-16.95,-8.16,94.0,26.0,26.0,Sell,745.13 thousand,Technology,Software - Application,1,1.1,1.3,1.12,0.75,-0.15
TGTX,0.93,33.59,448.42,-54.99,-1,-0.19,-1.07,-1/5,buy,15.16-46.48,-13.75,28.000000000000004,55.0,49.25,Sell,3.16 million,Healthcare,Biotechnology,2.207,39.35,45.68,1.17,0.74,0.06
WPM,0.97,78.77,90.97,-50.27,1,0.03,0.06,1/5,buy,51.96-87.42,-7.6,10.0,129.0,113.16,Sell,2.13 million,Basic Materials,Gold,0.621,84.0,99.94,1.07,0.79,-0.11
WATT,1.14,0.26,134.25,5.5,-1,0.42,0.56,-1/5,,0.122-2.7,-0.83,90.0,0.1,0.1,Sell ALL,1.97 million,Technology,Scientific & Technical Instruments,1,0.28,0.37,1.08,0.7,0.24
ATYR,1.15,3.0,176.04,0.18,-1,0.07,0.31,-1/5,buy,1.42-4.66,-0.67,36.0,35.0,26.77,Sell ALL,1.20 million,Healthcare,Biotechnology,0.792,3.31,3.95,1.1,0.76,0.18
ENB,1.15,44.92,226.56,6.6,-1,0.09,0.09,-1/5,hold,34.6-47.08,0.78,5.0,72.52269,61.05,Sell ALL,3.41 million,Energy,Oil & Gas Midstream,0.891,45.91,54.86,1.02,0.82,-0.01
AXSM,1.16,107.22,91.32,23.16,-1,-0.37,-0.38,-1/5,buy,64.11-139.13,2.56,23.0,210.0,193.26,mere Sell (some bought),574.04 thousand,Healthcare,Biotechnology,0.454,109.35,130.53,1.02,0.82,0.15
MVIS,1.17,1.07,378.02,-76.66,0,-0.02,-0.5,0/5,buy,0.8-1.95,-11.21,45.0,2.5,2.38,Sell ALL,2.40 million,Technology,Scientific & Technical Instruments,2.027,1.15,1.34,1.07,0.8,0.13
SNY,1.23,50.86,116.45,38.49,-1,0.01,-0.01,-1/5,buy,45.8-60.12,4.81,15.0,69.0,67.04,mere Sell (some bought),3.25 million,Healthcare,Drug Manufacturers - General,0.426,50.95,62.23,1.0,0.82,0.0
KO,1.32,71.61,125.25,-0.48,0,0.04,0.08,0/5,buy,60.62-74.38,-0.1,4.0,86.0,81.83,Sell ALL,15.72 million,Consumer Defensive,Beverages - Non-Alcoholic,0.474,72.36,86.36,1.01,0.83,0.05
MURA,1.32,2.53,217.34,38.61,0,0.01,0.0,0/5,strongBuy,0.95-4.74,4.35,47.0,6.0,6.0,Buy,2.10 million,Healthcare,Biotechnology,1,2.62,4.08,1.04,0.62,-0.53
OPEN,1.32,0.73,632.21,-159.0,0,0.05,0.37,0/5,hold,0.65-3.09,-26.83,76.0,2.0,1.58,- Buy time -,38.31 million,Real Estate,Real Estate Services,2.867,0.85,0.92,1.16,0.79,0.67
UL,1.41,61.84,63.9,-8.17,1,1,1,1/5,buy,53.5-65.87,-1.18,6.0,69.05205,67.2,== less Sell ALL==,2.46 million,Consumer Defensive,Household & Personal Products,0.233,63.3,76.06,1.02,0.81,-0.06
DXF,1.43,7.02,495.51,-157.25,0,1,1,0/5,,4.8-48.26,-31.77,85.0,0.1,0.1,mere Buy (some sold),1.73 million,Financial Services,Credit Services,3.157,8.48,15.59,1.21,0.45,1.19
MAN,1.5,43.34,233.57,-74.18,2,-0.04,-0.11,2/5,hold,38.1-78.22,-14.24,45.0,66.0,57.95,Buy,1.32 million,Industrials,Staffing & Employment Services,1.065,43.87,51.61,1.01,0.84,0.02
KOF,1.55,91.47,144.74,-18.71,0,0.3,0.22,0/5,buy,72.68-101.74,-2.65,10.0,195.0,153.32,mere Buy (some sold),154.25 thousand,Consumer Defensive,Beverages - Non-Alcoholic,0.637,94.17,112.69,1.03,0.81,0.42
YOSH,1.57,14.16,168.65,173.79,-3,1,1,-3/5,,2.705-22.5,15.61,37.0,0.1,0.1,Sell,15.15 thousand,Consumer Cyclical,Restaurants,0.668,14.86,17.54,1.05,0.81,-0.14
RSLS,1.7,5.98,440.82,-157.18,-1,0,0,-1/5,,5.53-725.0,-51.76,99.0,0.1,0.1,mere Buy (some sold),1.28 million,Healthcare,Medical Devices,2.122,9.67,25.36,1.62,0.24,2.5
VMAR,1.7,6.79,-21.42,19.87,1,304.3,0.94,1/5,buy,4.036-1026.0,2.36,99.0,11.911583,11.41,Buy,57.35 thousand,Consumer Cyclical,Recreational Vehicles,0.048,6.98,8.82,1.03,0.77,0.15
X,1.7,41.2,377.43,-3.5,0,0.21,0.66,0/5,hold,26.92-46.18,-1.39,11.0,50.0,46.4,== less Sell ALL==,4.47 million,Basic Materials,Steel,1.819,42.44,49.92,1.03,0.83,-0.08
RSLs,1.7,5.98,440.82,-157.18,-1,0,0,-1/5,,5.53-725.0,-51.76,99.0,0.1,0.1,mere Buy (some sold),1.28 million,Healthcare,Medical Devices,2.122,9.67,25.36,1.62,0.24,2.5
x,1.7,41.2,377.43,-3.5,0,0.21,0.66,0/5,hold,26.92-46.18,-1.39,11.0,50.0,46.4,== less Sell ALL==,4.47 million,Basic Materials,Steel,1.819,42.44,49.92,1.03,0.83,-0.08
GB,1.81,7.44,112.0,4.06,1,0,0,1/5,hold,4.294-8.0,0.54,7.000000000000001,0.1,0.1,Sell,104.26 thousand,Technology,Software - Infrastructure,0.448,7.44,8.84,1.0,0.84,0.11
LXRX,1.85,0.53,355.0,92.14,-2,0.06,0.6,-2/5,hold,0.28-2.45,5.66,78.0,6.0,4.29,mere Sell (some bought),5.60 million,Healthcare,Biotechnology,1.08,0.64,0.77,1.21,0.69,0.12
TNON,1.96,1.1,305.56,17.11,0,-0.09,-0.1,0/5,strongBuy,0.91-15.788,1.82,93.0,3.0,2.88,Sell ALL,284.67 thousand,Healthcare,Medical Devices,1,1.15,1.39,1.05,0.79,0.12
ASRT,1.96,0.64,80.46,30.1,1,-0.07,-6.25,1/5,strongBuy,0.51-1.8,3.05,64.0,3.5,3.15,Buy,288.87 thousand,Healthcare,Drug Manufacturers - Specialty & Generic,0.322,0.64,0.78,1.0,0.82,0.09
DHR,1.97,190.95,170.76,3.38,1,0.22,0.13,1/5,buy,171.0-281.7,0.15,32.0,310.0,278.52,- Buy time -,4.53 million,Healthcare,Diagnostics & Research,0.834,194.14,231.4,1.02,0.83,0.16
CYN,1.97,4.69,157.07,46.13,0,0,0,0/5,buy,3.62-2700.0,4.8,100.0,12.0,12.0,Sell,38.37 thousand,Technology,Software - Application,1,4.9,6.03,1.04,0.78,0.19
SBI,2.02,7.57,109.77,13.54,1,1,1,1/5,,7.3-8.29,1.75,9.0,0.1,0.1,Buy,65.03 thousand,Financial Services,Asset Management,0.439,7.57,9.13,1.0,0.83,0.23
UFPI,2.02,101.36,348.75,-15.03,1,-0.37,-0.26,1/5,buy,95.9-141.33,-2.15,28.000000000000004,135.0,127.5,Buy,492.71 thousand,Basic Materials,Lumber & Wood Production,1.541,102.44,121.29,1.01,0.84,-0.01
GHI,2.06,11.65,162.39,23.07,1,-0.14,-0.13,1/5,buy,10.12-15.6,2.66,25.0,16.0,15.42,Buy,26.42 thousand,Financial Services,Mortgage Finance,0.671,11.82,14.2,1.01,0.82,0.07
LW,2.08,51.79,115.37,-17.0,2,-0.12,-0.08,2/5,hold,47.9-89.51,-2.38,42.0,82.0,74.0,- Buy time -,1.79 million,Consumer Defensive,Packaged Foods,0.455,52.78,63.77,1.02,0.81,0.18
OCCI,2.12,6.65,230.86,19.62,1,0,0,1/5,buy,5.26-7.81,2.33,15.0,7.5,7.44,Buy,348.95 thousand,Financial Services,Asset Management,0.95,6.63,7.99,1.0,0.83,0.01
PFE,2.13,22.6,135.41,36.36,1,0.42,0.74,1/5,hold,20.92-31.54,4.3,28.000000000000004,42.0,35.75,Buy,43.67 million,Healthcare,Drug Manufacturers - General,0.502,22.79,27.39,1.01,0.83,0.07
CMS,2.14,70.9,108.77,-7.35,2,0.01,0.01,2/5,hold,58.5-76.45,-1.03,7.000000000000001,83.0,79.07,Sell,2.66 million,Utilities,Utilities - Regulated Electric,0.408,72.72,86.87,1.03,0.82,0.16
ZJK,2.16,4.56,414.77,68.51,-1,1,1,-1/5,,3.09-30.5,6.8,85.0,0.1,0.1,- +Buy time -,25.13 thousand,Industrials,Specialty Industrial Machinery,1,4.91,5.9,1.08,0.77,0.02
SONY,2.17,24.87,214.58,48.65,-1,0.23,1.23,-1/5,buy,15.668-26.08,6.07,5.0,34.06,31.41,Sell ALL,6.68 million,Technology,Consumer Electronics,0.77,24.73,30.3,0.99,0.82,0.62
Sony,2.17,24.87,214.58,48.65,-1,0.23,1.23,-1/5,buy,15.668-26.08,6.07,5.0,34.06,31.41,Sell ALL,6.68 million,Technology,Consumer Electronics,0.77,24.73,30.3,0.99,0.82,0.62
KW,2.22,6.4,249.51,-28.51,2,0.71,2.56,2/5,hold,6.09-11.88,-4.06,46.0,13.0,11.77,Sell ALL,917.31 thousand,Real Estate,Real Estate Services,1.098,6.61,7.87,1.03,0.81,0.14
MSI,2.23,425.58,264.89,12.54,1,0.32,0.1,1/5,buy,356.77-507.82,1.21,16.0,520.0,506.84,Buy,801.93 thousand,Technology,Communication Equipment,0.987,426.58,508.12,1.0,0.84,0.12
NKTR,2.3,0.68,300.68,115.42,-1,0.0,-0.05,-1/5,buy,0.43-1.83,10.29,63.0,7.0,5.96,- Buy time -,1.74 million,Healthcare,Biotechnology,0.631,0.71,0.84,1.04,0.81,0.01
AEHL,2.3,2.69,168.82,-45.95,2,1,1,2/5,,2.0-256.4,-7.06,99.0,0.1,0.1,Buy time,150.54 thousand,Industrials,Building Products & Equipment,0.698,2.85,3.34,1.06,0.81,0.6
BIO,2.35,243.19,222.02,-4.24,2,0.78,0.43,2/5,buy,215.38-387.99,-0.83,37.0,392.0,355.33,Buy,393.26 thousand,Healthcare,Medical Devices,1.002,243.7,290.6,1.0,0.84,0.09
SY,2.35,0.81,245.76,9.79,1,-0.63,5.4,1/5,buy,0.664-1.27,1.01,36.0,1.5064805,1.33,mere Buy (some sold),23.83 thousand,Healthcare,Health Information Services,0.998,0.83,0.98,1.02,0.83,0.31
GWAV,2.35,0.2,296.15,60.73,2,1,1,2/5,,0.12-44.55,-9.95,100.0,0.1,0.1,mere Buy (some sold),4.32 million,Industrials,Waste Management,0.994,0.21,0.26,1.05,0.77,-0.28
RDHL,2.38,1.81,975.16,-94.06,0,-50.0,-5.0,0/5,,1.71-20.275,-14.36,91.0,0.1,0.1,mere Sell (some bought),1.32 million,Healthcare,Drug Manufacturers - Specialty & Generic,4.329,2.13,5.99,1.18,0.3,0.22
INMB,2.4,7.29,437.25,0.23,1,0.16,0.3,1/5,strongBuy,4.32-11.465,-0.27,36.0,30.0,26.7,Buy,217.38 thousand,Healthcare,Biotechnology,1.639,7.58,9.14,1.04,0.8,0.03
APLE,2.43,12.01,306.95,38.41,1,-0.01,-0.1,1/5,hold,10.44-16.5,4.73,27.0,15.0,14.25,Buy,2.90 million,Real Estate,REIT - Hotel & Motel,1.082,11.79,14.24,0.98,0.84,-0.04
UNP,2.47,230.85,257.03,50.26,1,0.08,0.03,1/5,buy,204.66-258.07,6.17,11.0,267.0,254.78,Buy,3.20 million,Industrials,Railroads,1.068,220.54,264.72,0.96,0.87,0.0
KMB,2.52,137.35,130.47,-10.01,3,0.03,0.01,3/5,hold,124.1-150.45,-1.71,9.0,162.0,152.48,- +Buy time -,2.45 million,Consumer Defensive,Household & Personal Products,0.372,137.59,163.1,1.0,0.84,0.12
WD,2.56,73.36,411.5,-1.8,1,-0.02,0.11,1/5,hold,69.59-118.19,-0.4,38.0,115.0,107.5,Buy,259.12 thousand,Financial Services,Mortgage Finance,1.622,74.38,91.88,1.01,0.8,0.26
HII,2.59,228.16,127.21,43.59,2,1.04,0.37,2/5,hold,158.88-285.81,5.5,20.0,316.0,280.05,Sell,609.17 thousand,Industrials,Aerospace & Defense,0.303,228.17,277.52,1.0,0.82,0.06
SRAD,2.59,23.58,529.7,-8.0,1,-0.06,-1.55,1/5,buy,9.935-25.85,-1.19,9.0,32.19736,29.84,Buy,1.93 million,Technology,Software - Application,2.089,23.95,28.73,1.02,0.82,0.09
GETY,2.62,1.76,558.23,50.19,0,-0.25,-11.14,0/5,buy,1.25-4.485,5.68,61.0,7.7,6.06,Sell ALL,523.78 thousand,Communication Services,Internet Content & Information,1.997,1.85,2.26,1.05,0.78,-0.1
BTI,2.62,41.37,89.01,-5.74,2,1,1,2/5,strongBuy,30.01-44.78,-1.11,8.0,52.0,49.2,Sell ALL,8.66 million,Consumer Defensive,Tobacco,0.147,42.99,50.96,1.04,0.81,0.67
UPS,2.66,100.35,323.12,49.49,1,0.33,0.17,1/5,buy,90.55-150.03,6.13,33.0,150.0,133.14,Buy,5.02 million,Industrials,Integrated Freight & Logistics,1.212,97.0,117.43,0.97,0.85,0.05
NLSP,2.68,1.61,72.7,99.33,2,1,1,2/5,,1.3-18.4,11.18,91.0,0.1,0.1,Sell,27.99 thousand,Healthcare,Biotechnology,1,1.58,1.98,0.98,0.81,-0.25
IBRX,2.69,2.67,6.19,104.79,-1,0.04,0.31,-1/5,buy,1.83-8.161,7.12,67.0,30.0,21.5,Buy,9.57 million,Healthcare,Biotechnology,1,2.58,3.08,0.97,0.87,1.2
TEAM,2.7,220.88,268.62,72.87,1,0.24,0.32,1/5,buy,135.29-326.0,7.05,32.0,420.0,349.72,- +Buy time -,2.61 million,Technology,Software - Application,1.064,217.03,263.29,0.98,0.84,0.03
SBEV,2.74,5.25,402.32,261.74,-2,-0.58,-0.15,-2/5,strongBuy,0.962-20.84,18.1,75.0,0.1,0.1,Sell,9.90 million,Consumer Defensive,Beverages - Wineries & Distilleries,1.443,6.25,23.32,1.19,0.23,-0.55
BARK,2.74,1.26,439.27,14.54,2,0.0,0.19,2/5,buy,1.09-2.555,0.79,51.0,4.0,3.5,Buy,500.71 thousand,Consumer Cyclical,Specialty Retail,1.984,1.22,1.45,0.97,0.87,-0.17
FUBO,2.76,2.95,583.4,31.62,0,0.1,1.25,0/5,hold,1.1-6.45,2.71,54.0,6.0,5.09,Buy,17.34 million,Communication Services,Broadcasting,2.207,2.91,3.5,0.99,0.84,0.19
PBR,2.76,12.05,134.72,72.46,2,-0.22,1.08,2/5,buy,11.03-15.73,8.98,23.0,17.0,16.22,Buy,23.97 million,Energy,Oil & Gas Integrated,0.331,11.5,13.86,0.95,0.87,-0.07
XLO,2.79,0.8,2.37,55.4,1,-0.26,-2.8,1/5,strongBuy,0.62-1.7,5.25,53.0,0.1,0.1,- Buy time -,388.78 thousand,Healthcare,Biotechnology,1,0.8,0.98,1.0,0.82,0.87
GDDY,2.82,189.95,281.75,84.97,1,0.06,0.04,1/5,hold,134.625-216.0,9.34,12.0,250.0,230.38,Buy,1.39 million,Technology,Software - Infrastructure,1.127,183.14,221.22,0.96,0.86,-0.02
AISP,2.82,3.96,66.3,78.99,2,-0.04,-1.05,2/5,strongBuy,1.9-7.66,9.34,48.0,11.0,9.75,Buy,414.08 thousand,Technology,Software - Infrastructure,0.171,3.93,4.64,0.99,0.85,0.09
COST,2.82,1010.47,266.64,34.15,2,0.16,0.04,2/5,buy,787.83-1078.23,4.35,6.0,1205.0,1129.49,Sell ALL,2.21 million,Consumer Defensive,Discount Stores,0.99,1001.67,1190.62,0.99,0.85,0.07
MAA,2.85,160.9,234.38,34.85,2,1.09,1.19,2/5,hold,126.77-173.38,4.4,7.000000000000001,194.0,182.37,Sell ALL,942.75 thousand,Real Estate,REIT - Residential,0.803,160.87,192.41,1.0,0.84,0.17
PLYA,2.86,13.44,169.12,1.12,3,0.08,1.24,3/5,hold,6.95-13.45,0.15,0.0,13.81,13.64,Buy time,1.88 million,Consumer Cyclical,Resorts & Casinos,0.672,13.43,16.15,1.0,0.83,0.25
AON,2.91,358.59,206.68,-28.21,4,-0.19,-0.02,4/5,hold,275.07-412.97,-3.97,13.0,449.0,422.33,Buy,1.31 million,Financial Services,Insurance Brokers,0.89,364.78,437.4,1.02,0.82,0.11
POAI,2.92,1.1,299.66,158.16,0,0,0,0/5,,0.55-3.06,13.73,64.0,0.1,0.1,Buy time,116.97 thousand,Healthcare,Medical Instruments & Supplies,1.303,1.08,1.29,0.98,0.85,-0.15
CTM,2.92,1.05,30.9,96.21,2,0,0,2/5,strongBuy,0.122-2.83,10.19,63.0,3.0,3.0,Buy,753.41 thousand,Technology,Information Technology Services,1,0.98,1.18,0.93,0.89,0.13
CHH,2.93,128.28,284.83,29.32,2,0.04,0.03,2/5,hold,109.22-157.86,3.71,19.0,160.0,148.12,- Buy time -,439.17 thousand,Consumer Cyclical,Lodging,1.015,126.7,151.5,0.99,0.85,0.19
FTNT,2.97,102.56,281.87,55.81,2,0.18,0.31,2/5,hold,54.57-114.82,6.33,11.0,135.0,122.27,Sell,4.38 million,Technology,Software - Infrastructure,1.168,102.52,122.93,1.0,0.83,-0.01
TTWO,2.97,232.34,253.5,78.57,1,0.22,0.23,1/5,buy,135.24-238.0,9.01,2.0,270.0,247.82,Buy,2.17 million,Communication Services,Electronic Gaming & Multimedia,1.086,226.23,271.74,0.97,0.86,0.25
TSCDY,2.98,15.16,227.98,70.2,2,1,1,2/5,hold,11.42-15.4,8.77,2.0,13.4,13.4,Sell,190.38 thousand,Consumer Defensive,Grocery Stores,0.597,14.87,19.0,0.98,0.8,-0.03
ELA,2.99,6.32,266.84,42.07,2,0.04,0.63,2/5,buy,4.2-7.88,4.91,20.0,10.0,9.75,Sell ALL,14.75 thousand,Consumer Cyclical,Luxury Goods,1,6.51,7.96,1.03,0.79,0.18
ALLR,2.99,1.01,119.77,215.04,-1,6.65,0.79,-1/5,,0.614-21.57,21.09,95.0,0.1,0.1,Sell,845.42 thousand,Healthcare,Biotechnology,1,1.04,1.28,1.03,0.79,0.16
NTDOY,2.99,19.63,197.95,99.59,2,1,1,2/5,buy,11.36-22.08,10.85,11.0,25.6,25.6,mere Buy (some sold),879.80 thousand,Communication Services,Electronic Gaming & Multimedia,0.401,19.79,23.48,1.01,0.84,-0.21
LKQ,3.0,42.12,287.65,17.63,3,0.07,0.09,3/5,strongBuy,35.56-46.64,1.76,10.0,60.0,56.26,- +Buy time -,1.87 million,Consumer Cyclical,Auto Parts,0.977,40.85,48.89,0.97,0.86,-0.02
NBR,3.04,30.71,413.57,59.23,1,0.74,-0.09,1/5,hold,25.11-105.96,6.32,71.0,75.0,60.06,Buy,416.84 thousand,Energy,Oil & Gas Drilling,1.956,29.72,35.6,0.97,0.86,0.16
COCO,3.05,34.61,157.17,88.72,2,0.2,1.8,2/5,hold,23.56-40.32,10.75,14.000000000000002,45.0,41.61,Sell,622.11 thousand,Consumer Defensive,Beverages - Non-Alcoholic,0.368,33.39,40.12,0.96,0.86,0.02
INLF,3.07,1.3,238.5,42.27,2,1,1,2/5,,1.09-21.0,4.35,94.0,0.1,0.1,- Buy time -,40.01 thousand,Industrials,Specialty Industrial Machinery,1,1.28,1.5,0.98,0.87,0.33
CENT,3.12,35.67,173.89,16.2,4,0.36,6.85,4/5,buy,31.97-47.29,2.05,25.0,45.0,42.83,Buy,136.40 thousand,Consumer Defensive,Packaged Foods,0.654,35.27,42.33,0.99,0.84,-0.06
WH,3.12,85.86,281.76,40.49,2,0.1,0.11,2/5,buy,67.67-113.07,4.83,24.0,115.0,109.63,Buy,1.25 million,Consumer Cyclical,Lodging,1.088,84.94,103.78,0.99,0.83,0.29
WB,3.12,8.45,118.46,88.33,2,0.1,0.25,2/5,hold,7.03-12.4,10.77,32.0,14.5,12.91,mere Buy (some sold),1.12 million,Communication Services,Internet Content & Information,0.034,8.16,9.83,0.97,0.86,0.18
LODE,3.14,2.35,357.69,84.89,2,-2.22,-11.13,2/5,hold,1.3-10.1,8.09,77.0,0.1,0.1,mere Buy (some sold),570.26 thousand,Basic Materials,Other Precious Metals & Mining,1.503,2.38,2.83,1.01,0.83,-0.24
DRS,3.16,40.97,67.1,108.69,2,0.06,0.29,2/5,buy,22.73-43.2,12.35,5.0,49.0,46.0,mere Buy (some sold),1.21 million,Industrials,Aerospace & Defense,0.156,39.26,47.02,0.96,0.87,0.15
UCOBANK.NS,3.2,30.97,235.93,45.98,2,1,1,2/5,,26.81-62.35,5.88,50.0,0.1,0.1,Sell ALL,10.37 million,Financial Services,Banks - Regional,0.754,30.87,36.76,1.0,0.84,0.4
GGG,3.24,85.93,351.38,71.36,2,-0.09,-0.12,2/5,hold,72.06-92.86,8.74,7.000000000000001,100.0,94.02,Buy,756.06 thousand,Industrials,Specialty Industrial Machinery,1.093,81.72,98.79,0.95,0.87,-0.05
TGT,3.31,97.07,406.33,63.19,2,-0.29,-0.13,2/5,hold,87.35-167.4,7.86,42.0,160.0,140.73,Buy,6.57 million,Consumer Defensive,Discount Stores,1.265,94.38,113.35,0.97,0.86,-0.03
SAP,3.33,294.35,266.65,100.62,2,0.2,0.13,2/5,buy,179.43-303.4,11.51,3.0,355.0,339.32,Sell,1.32 million,Technology,Software - Application,0.952,282.18,339.29,0.96,0.87,-0.04
IGC,3.34,0.29,335.41,11.8,1,0.02,0.67,1/5,buy,0.25-0.62,0.75,53.0,4.25,4.06,Buy,187.20 thousand,Healthcare,Biotechnology,1.503,0.3,0.38,1.03,0.76,1.09
VRSN,3.39,281.64,211.01,110.47,2,0.0,-0.0,2/5,buy,168.7-288.95,12.68,3.0,294.0,273.92,Sell,941.95 thousand,Technology,Software - Infrastructure,0.802,269.63,328.21,0.96,0.86,0.04
HE,3.4,10.59,173.7,17.49,4,-0.28,-0.84,4/5,hold,7.61-18.19,2.27,42.0,14.0,12.85,Buy time,1.75 million,Utilities,Utilities - Regulated Electric,0.642,10.54,12.66,1.0,0.84,0.21
QMCO,3.44,10.52,648.18,16.73,1,-0.09,-0.12,1/5,hold,2.22-90.64,1.14,88.0,20.0,19.5,Sell ALL,502.69 thousand,Technology,Computer Hardware,2.73,10.96,13.44,1.04,0.78,0.46
AAP,3.46,34.42,340.66,86.58,2,-0.43,-1.05,2/5,hold,28.89-75.89,10.28,55.00000000000001,65.0,52.7,Buy,1.90 million,Consumer Cyclical,Auto Parts,0.96,33.11,39.65,0.96,0.87,0.05
ADAD,3.5,0.11,0.0,0.0,0,1,1,0/4,,0.11-0.11,0.0,0.0,0.1,0.1,Sell ALL,385,Financial Services,Shell Companies,1,0.11,inf,1.0,0.0,2.5
JACK,3.51,24.06,435.61,45.07,2,0.28,0.18,2/5,hold,22.01-60.73,4.99,60.0,61.0,47.32,Sell ALL,964.28 thousand,Consumer Cyclical,Restaurants,1.366,25.55,31.23,1.06,0.77,0.3
STZ,3.56,190.65,226.14,35.09,4,0.3,0.14,4/5,hold,160.46-265.7,4.52,28.000000000000004,300.0,258.55,Buy time,1.52 million,Consumer Defensive,Beverages - Brewers,0.737,187.65,225.59,0.98,0.85,0.08
VRME,3.56,0.7,240.82,88.28,2,0.06,1.58,2/5,strongBuy,0.5469-5.0,10.18,86.0,1.5,1.44,== less Sell ALL==,67.65 thousand,Industrials,Security & Protection Services,1,0.7,0.89,1.0,0.79,0.36
LVMUY,3.61,113.32,292.5,30.01,5,1,1,5/5,buy,106.48-171.59,3.87,34.0,165.0,158.69,Buy,419.37 thousand,Consumer Cyclical,Luxury Goods,1.03,111.98,132.35,0.99,0.86,-0.38
SKY,3.63,91.11,411.08,97.45,2,0.36,0.44,2/5,hold,64.82-116.49,11.63,22.0,115.0,105.79,Buy,391.31 thousand,Consumer Cyclical,Residential Construction,1.373,86.4,104.73,0.95,0.87,-0.04
BR,3.65,240.32,284.12,16.75,4,0.1,0.06,4/5,hold,192.68-247.01,2.09,3.0,300.0,275.13,- +Buy time -,554.21 thousand,Technology,Information Technology Services,0.992,236.84,287.35,0.99,0.84,0.22
ILMN,3.7,80.9,400.75,76.07,2,-0.03,-0.04,2/5,hold,68.7-156.66,9.11,48.0,190.0,148.41,- Buy time -,1.73 million,Healthcare,Diagnostics & Research,1.352,76.89,92.46,0.95,0.87,0.26
CLEU,3.7,1.36,644.82,-33.91,0,1,1,0/5,,0.045-7.9,-11.76,83.0,0.1,0.1,Sell ALL,43.12 thousand,Consumer Defensive,Education & Training Services,2.074,1.72,2.1,1.26,0.65,1.8
U,3.71,21.22,611.29,90.96,1,0.25,0.67,1/5,hold,13.895-30.88,10.98,31.0,31.5,28.67,Sell,7.33 million,Technology,Software - Application,2.294,20.83,25.57,0.98,0.83,0.06
DASH,3.71,197.1,428.34,79.07,2,0.06,0.14,2/5,buy,99.32-215.245,8.99,8.0,240.0,228.14,Buy,4.93 million,Communication Services,Internet Content & Information,1.679,191.08,236.46,0.97,0.83,0.19
HON,3.71,222.29,360.19,108.71,2,0.42,0.19,2/5,hold,179.36-242.77,13.05,8.0,300.0,267.71,Buy,4.38 million,Industrials,Conglomerates,1.058,208.44,253.06,0.94,0.88,0.04
MDAI,3.73,1.35,352.64,92.74,2,0.07,0.53,2/5,buy,0.824-3.25,10.37,57.99999999999999,7.45,6.12,Buy,153.85 thousand,Healthcare,Medical Devices,1,1.28,1.55,0.95,0.87,0.25
IP,3.74,49.57,226.94,56.4,3,-0.19,-2.13,3/5,buy,39.51-60.36,6.6,18.0,62.0,57.44,Buy time,4.61 million,Consumer Cyclical,Packaging & Containers,0.987,46.63,55.42,0.94,0.89,0.47
EE,3.75,29.25,324.25,76.53,3,0.18,0.48,3/5,buy,16.7-32.99,8.82,11.0,37.0,34.55,- +Buy time -,340.66 thousand,Energy,Oil & Gas Midstream,1.391,27.02,33.15,0.92,0.88,0.07
STAN.L,3.75,1149.0,360.67,118.49,2,0.04,0.07,2/4,hold,664.804-1281.0,10.79,10.0,1449.426,1324.12,Buy,7.08 million,Financial Services,Banks - Diversified,0.67,1094.92,1322.01,0.95,0.87,0.07
VG,3.75,9.84,276.32,83.56,3,0,0,3/5,hold,6.75-24.0,9.76,59.0,20.0,17.04,- Buy time -,4.28 million,Energy,Oil & Gas Midstream,1,9.18,11.19,0.93,0.88,0.11
FC,3.76,23.61,260.83,125.32,2,-0.04,-0.4,2/5,strongBuy,18.94-44.46,14.44,47.0,60.0,50.83,- Buy time -,78.65 thousand,Consumer Defensive,Education & Training Services,0.834,21.29,25.74,0.9,0.92,0.16
GROW,3.81,2.2,393.58,35.24,2,-0.02,-20.0,2/5,,2.02-2.73,4.44,19.0,0.1,0.1,Buy,16.35 thousand,Financial Services,Asset Management,1.489,2.17,2.67,0.99,0.82,0.77
SSD,3.86,163.14,425.28,84.86,2,0.38,0.26,2/5,strongBuy,137.35-197.82,10.32,18.0,195.0,190.33,- Buy time -,228.90 thousand,Basic Materials,Lumber & Wood Production,1.337,154.23,187.66,0.95,0.87,0.27
BYD,3.92,75.42,457.83,119.25,2,0.27,0.16,2/5,buy,49.34-80.5,14.05,6.0,88.0,83.83,Buy,742.29 thousand,Consumer Cyclical,Resorts & Casinos,1.328,69.22,84.06,0.92,0.9,-0.07
SON,3.94,45.83,203.24,50.39,4,-0.23,-0.19,4/5,buy,39.46-61.73,6.37,26.0,65.0,60.39,Buy time,919.43 thousand,Consumer Cyclical,Packaging & Containers,0.659,44.07,53.65,0.96,0.85,0.36
CVE,3.96,13.64,360.68,125.72,2,0.03,0.09,2/5,strongBuy,10.23-21.08,14.52,35.0,23.15,20.36,Buy,11.52 million,Energy,Oil & Gas Integrated,1.284,12.36,15.11,0.91,0.9,0.13
AMS,3.97,2.68,60.82,-7.19,1,-0.25,-4.88,1/5,strongBuy,2.51-4.6,-1.12,42.0,4.84,4.84,Sell ALL,12.89 thousand,Healthcare,Medical Care Facilities,0.354,2.78,4.41,1.04,0.61,2.5
BLK,3.99,983.08,463.73,99.24,2,1.88,0.18,2/5,buy,752.3-1084.22,11.93,9.0,1111.0,1068.51,- Buy time -,613.47 thousand,Financial Services,Asset Management,1.426,918.8,1117.32,0.93,0.88,0.18
RSI,4.05,12.14,461.94,21.26,3,0.04,0.56,3/5,buy,8.29-16.776,2.55,28.000000000000004,17.0,16.5,Buy,1.40 million,Consumer Cyclical,Gambling,1.758,12.08,15.44,1.0,0.79,0.6
DKNG,4.1,36.61,524.35,67.52,3,0.14,125.98,3/5,buy,28.69-53.61,8.17,32.0,74.0,63.62,Buy time,9.00 million,Consumer Cyclical,Gambling,1.888,34.67,42.61,0.95,0.86,0.05
FIS,4.15,78.71,356.06,107.93,2,0.04,0.03,2/5,hold,66.51-91.98,12.79,14.000000000000002,103.0,95.46,Buy,5.46 million,Technology,Information Technology Services,1.096,76.85,95.13,0.98,0.83,0.5
LIDR,4.16,0.69,700.9,66.66,1,0.52,0.41,1/5,,0.49-5.15,7.35,87.0,0.1,0.1,- Buy time -,198.74 thousand,Technology,Software - Infrastructure,2.689,0.7,0.87,1.01,0.79,0.57
TW,4.16,143.5,284.43,51.13,5,0.02,0.03,5/5,buy,101.03-152.65,6.26,6.0,208.0,178.9,- +Buy time -,1.18 million,Financial Services,Capital Markets,0.902,139.0,167.59,0.97,0.86,-0.01
EBAY,4.17,70.6,374.49,57.52,4,0.09,0.07,4/5,hold,51.02-71.61,7.27,1.0,79.0,73.01,Buy time,6.29 million,Consumer Cyclical,Internet Retail,1.291,69.19,84.03,0.98,0.84,0.14
DHY,4.18,2.05,176.49,30.53,5,1,1,5/5,,1.82-2.27,3.9,10.0,0.1,0.1,- +Buy time -,683.46 thousand,Financial Services,Asset Management,0.647,2.03,2.46,0.99,0.83,0.44
ABEO,4.2,5.79,448.71,190.81,0,0.14,0.4,0/5,buy,3.93-7.32,16.23,21.0,27.5,23.79,Buy,1.91 million,Healthcare,Biotechnology,1.677,5.83,7.19,1.01,0.81,0.52
CAN,4.21,0.76,802.01,93.54,0,-0.46,-0.49,0/5,buy,0.535-3.27,8.05,77.0,7.9981127,5.86,Buy,22.72 million,Technology,Computer Hardware,3.275,0.73,0.9,0.96,0.84,0.6
STRS,4.21,20.06,440.65,111.04,2,1,1,2/5,,15.1-30.66,11.62,35.0,0.1,0.1,Buy,5.56 thousand,Real Estate,Real Estate - Diversified,1.259,18.08,22.34,0.9,0.9,0.38
UAA,4.22,6.54,450.24,129.72,2,0.05,1.38,2/5,hold,4.78-11.89,14.98,45.0,14.5,10.97,- Buy time -,11.90 million,Consumer Cyclical,Apparel Manufacturing,1.544,5.99,7.28,0.92,0.9,0.16
TMC,4.22,3.3,428.85,157.33,2,-0.01,-0.51,2/5,strongBuy,0.721-3.8,15.45,13.0,6.0,5.93,- Buy time -,10.65 million,Basic Materials,Other Industrial Metals & Mining,1.327,3.19,3.77,0.97,0.88,0.01
WIT,4.23,3.0,253.58,72.27,5,0.0,0.17,5/5,strongSell,2.545-3.79,9.0,21.0,2.9,2.76,- +Buy time -,6.24 million,Technology,Information Technology Services,0.723,2.86,3.48,0.95,0.86,-0.09
OMH,4.23,2.12,-49.39,333.92,-4,1,1,-4/5,strongBuy,0.25-4.33,9.43,51.0,29.0,29.0,Sell ALL,541.10 thousand,Real Estate,Real Estate Services,0.307,3.01,3.65,1.42,0.58,2.5
DATS,4.24,2.53,583.05,86.68,3,1,1,3/5,,1.01-9.34,10.67,73.0,0.1,0.1,- +Buy time -,97.73 thousand,Technology,Software - Application,2.037,2.49,3.03,0.98,0.83,-0.13
ETN,4.26,326.82,414.22,160.93,2,0.03,0.01,2/5,buy,231.85-379.99,17.93,14.000000000000002,418.18,380.52,- +Buy time -,3.15 million,Industrials,Specialty Industrial Machinery,1.129,295.18,361.45,0.9,0.9,-0.01
PNNT,4.31,6.71,334.25,61.1,5,-0.02,-0.08,5/5,hold,5.72-8.04,7.6,17.0,8.0,7.4,- +Buy time -,582.61 thousand,Financial Services,Asset Management,1.057,6.51,7.85,0.97,0.85,-0.07
HCWB,4.31,8.2,234.57,78.73,-1,-6.8,-1.89,-1/5,strongBuy,5.0-100.8,6.95,92.0,120.0,120.0,- Buy time -,80.64 thousand,Healthcare,Biotechnology,0.856,8.44,11.33,1.03,0.72,2.5
CUB.NS,4.31,192.25,195.97,98.37,4,0.15,0.04,4/5,buy,130.4-196.25,12.02,2.0,235.0,220.41,Buy,3.39 million,Financial Services,Banks - Regional,0.287,182.3,236.01,0.95,0.81,0.28
INFY,4.32,18.72,228.93,93.48,5,0.01,0.04,5/5,hold,15.82-23.63,11.43,21.0,22.8,21.02,- +Buy time -,13.20 million,Technology,Information Technology Services,0.537,17.65,22.22,0.94,0.84,-0.15
RS,4.33,300.73,278.62,68.48,5,-0.42,-0.16,5/5,hold,250.07-326.87,8.49,8.0,355.0,341.02,Buy,236.67 thousand,Basic Materials,Steel,0.901,289.57,348.74,0.96,0.86,-0.0
HI,4.34,21.53,427.11,44.85,2,0.08,0.16,2/5,buy,18.36-46.92,5.29,54.0,40.0,35.62,- +Buy time -,787.73 thousand,Industrials,Specialty Industrial Machinery,1.573,21.08,27.61,0.98,0.78,1.14
PDYN,4.41,6.12,951.75,46.57,1,0,0,1/5,,1.34-14.95,5.23,59.0,15.0,15.0,- Buy time -,526.02 thousand,Technology,Software - Infrastructure,3.768,6.04,7.61,0.99,0.8,0.45
STAG,4.43,35.48,289.89,70.63,5,0.29,1.53,5/5,hold,28.61-41.63,8.72,15.0,45.0,41.42,Buy,1.22 million,Real Estate,REIT - Industrial,0.931,33.65,40.67,0.95,0.87,0.05
STLD,4.49,133.8,403.96,107.25,4,0.13,0.1,4/5,buy,103.17-155.56,12.4,14.000000000000002,155.0,150.56,- +Buy time -,1.06 million,Basic Materials,Steel,1.455,127.61,153.77,0.95,0.87,-0.07
TCBP,4.5,0.33,336.33,247.82,0,1,1,0/4,strongBuy,0.08-480.0,19.22,100.0,48.0,48.0,Sell,12.16 thousand,Healthcare,Biotechnology,0.012,0.42,0.49,1.27,0.67,0.61
HD,4.5,378.63,317.82,69.05,5,0.1,0.03,5/5,buy,323.77-439.37,8.62,14.000000000000002,484.0,450.8,Buy time,3.00 million,Consumer Cyclical,Home Improvement Retail,1.056,362.53,438.65,0.96,0.86,0.07
ACB,4.5,4.96,923.42,108.86,1,0,0,1/5,buy,3.422-8.141,12.5,39.0,0.1,0.1,Buy time,776.60 thousand,Healthcare,Drug Manufacturers - Specialty & Generic,3.415,4.69,5.89,0.95,0.84,-0.0
IBM,4.5,266.68,238.3,91.35,5,0.31,0.16,5/5,hold,163.53-267.43,11.13,0.0,300.0,276.14,Buy time,4.31 million,Technology,Information Technology Services,0.629,247.53,295.69,0.93,0.9,0.04
CYCU,4.52,0.44,236.86,45.82,2,1,1,2/5,,0.413-10.99,5.73,96.0,0.1,0.1,Sell ALL,1.92 million,Technology,Information Technology Services,0.798,0.46,0.56,1.05,0.79,1.73
NNOX,4.56,5.45,664.37,149.65,1,-0.02,-0.13,1/5,buy,3.75-11.0,17.43,50.0,15.0,13.38,- Buy time -,723.24 thousand,Healthcare,Medical Devices,2.021,5.08,6.37,0.93,0.86,0.24
NTLA,4.57,8.07,890.3,148.76,0,0.22,0.17,0/5,buy,5.9-28.18,15.05,71.0,106.0,73.15,Buy,3.32 million,Healthcare,Biotechnology,2.333,8.17,10.13,1.01,0.8,0.22
BAH,4.57,127.67,240.72,105.47,5,0.35,0.24,5/5,hold,101.05-190.59,12.83,33.0,175.0,155.33,Buy,1.60 million,Industrials,Consulting Services,0.561,119.88,144.51,0.94,0.88,-0.04
SNAP,4.57,8.58,234.59,79.59,5,0.06,1.4,5/5,hold,7.08-17.33,9.79,50.0,16.0,12.91,- +Buy time -,40.02 million,Communication Services,Internet Content & Information,0.607,8.29,10.16,0.97,0.84,0.23
ODFL,4.59,169.93,377.04,108.69,4,0.12,0.1,4/5,hold,144.9-233.26,12.99,27.0,190.0,178.51,Buy time,1.71 million,Industrials,Trucking,1.315,157.16,189.97,0.92,0.89,0.06
LSPD,4.59,10.67,804.42,118.81,2,0.04,0.39,2/5,hold,7.34-18.96,14.15,44.0,15.0,13.54,- +Buy time -,941.15 thousand,Technology,Software - Application,2.853,9.85,12.51,0.92,0.85,-0.16
TAX,4.63,24.74,360.94,94.78,5,1,1,5/5,,20.0-25.537,11.49,3.0,0.1,0.1,Buy,88,N/A,N/A,1,22.9,27.44,0.93,0.9,-0.14
ISRG,4.65,560.28,548.34,119.38,3,0.5,0.28,3/5,buy,393.98-616.0,14.09,9.0,675.0,624.32,Buy time,1.84 million,Healthcare,Medical Instruments & Supplies,1.702,518.6,634.32,0.93,0.88,0.05
FDX,4.67,231.11,403.8,97.98,4,-0.03,-0.0,4/5,buy,194.3-313.84,11.92,26.0,354.0,315.86,Buy time,1.38 million,Industrials,Integrated Freight & Logistics,1.375,214.98,263.16,0.93,0.88,0.18
ALV,4.67,100.92,464.48,118.33,4,0.64,0.34,4/5,hold,75.49-129.38,13.98,22.0,140.0,123.67,Buy time,1.06 million,Consumer Cyclical,Auto Parts,1.366,93.33,117.83,0.92,0.86,-0.14
SNT,4.68,3.52,359.03,115.96,2,1,1,2/5,,1.31-3.97,13.35,11.0,0.1,0.1,- Buy time -,10.33 thousand,Industrials,Security & Protection Services,0.996,3.38,4.17,0.96,0.84,0.95
LAZR,4.7,3.96,650.11,139.97,1,0.67,0.35,1/5,hold,3.3-32.7,15.91,88.0,90.0,68.62,- Buy time -,2.33 million,Consumer Cyclical,Auto Parts,2.059,3.91,5.0,0.99,0.79,0.51
Ai,4.7,23.41,604.62,151.17,2,0.23,1.15,2/5,hold,17.03-45.08,17.34,48.0,56.0,43.11,- Buy time -,2.74 million,Technology,Software - Infrastructure,1.984,21.49,26.47,0.92,0.88,0.09
AI,4.7,23.41,604.62,151.17,2,0.23,1.15,2/5,hold,17.03-45.08,17.34,48.0,56.0,43.11,- Buy time -,2.74 million,Technology,Software - Infrastructure,1.984,21.49,26.47,0.92,0.88,0.09
MTD,4.72,1143.36,472.22,93.75,4,1.0,0.1,4/5,hold,946.69-1546.93,11.08,26.0,1530.0,1395.19,Buy time,222.66 thousand,Healthcare,Diagnostics & Research,1.399,1071.48,1301.75,0.94,0.88,0.13
MNMD,4.73,6.55,819.25,147.37,1,-0.11,-0.43,1/5,buy,4.7-10.436,16.64,37.0,55.0,39.75,Buy,700.14 thousand,Healthcare,Biotechnology,2.829,6.25,7.75,0.95,0.85,0.1
F,4.74,10.75,492.14,114.51,4,0.19,5.77,4/5,hold,8.44-14.85,13.82,28.000000000000004,17.0,13.61,Buy,110.39 million,Consumer Cyclical,Auto Manufacturers,1.547,10.08,12.13,0.94,0.89,-0.1
PRG,4.8,30.05,509.96,127.32,3,0.1,0.13,3/5,buy,23.5-50.28,14.98,40.0,45.0,40.83,Buy time,409.81 thousand,Industrials,Rental & Leasing Services,1.788,27.23,33.62,0.91,0.89,0.21
AUR,4.83,6.82,719.7,128.43,1,0.02,0.18,1/5,hold,2.1-10.77,13.93,37.0,15.0,12.75,Sell ALL,19.19 million,Technology,Information Technology Services,2.772,6.96,8.85,1.02,0.77,0.62
AM,4.83,18.85,354.89,97.13,5,-0.03,-0.1,5/5,hold,13.12-18.88,11.76,0.0,19.0,17.75,Buy,3.11 million,Energy,Oil & Gas Midstream,0.97,17.49,21.41,0.93,0.88,0.05
URBN,4.83,61.74,494.64,209.59,2,0.59,0.65,2/5,hold,33.86-61.82,22.74,0.0,75.0,65.75,Buy,1.93 million,Consumer Cyclical,Apparel Retail,1.336,53.23,65.91,0.86,0.94,-0.06
THO,4.84,81.5,436.1,140.46,4,-0.84,-2.17,4/5,hold,63.16-118.85,16.5,31.0,126.0,106.21,Buy time,592.86 thousand,Consumer Cyclical,Recreational Vehicles,1.256,73.85,91.23,0.91,0.89,-0.12
AR,4.88,40.23,323.98,129.94,5,0.19,0.89,5/5,hold,24.53-42.63,14.74,6.0,57.0,50.74,Buy,5.88 million,Energy,Oil & Gas E&P,0.664,36.13,43.06,0.9,0.93,-0.12
CFLT,4.88,22.72,208.04,50.85,3,0.04,0.76,3/5,buy,17.79-37.9,5.33,40.0,39.78,34.14,Buy time,10.77 million,Technology,Software - Infrastructure,1.025,21.53,27.61,0.95,0.82,1.72
ADBE,4.92,404.69,506.21,125.75,4,0.25,0.05,4/5,buy,332.01-587.75,14.95,31.0,630.0,559.64,- +Buy time -,3.19 million,Technology,Software - Application,1.551,373.77,458.65,0.92,0.88,-0.06
LUMN,4.93,4.18,519.7,205.5,2,0.28,3.47,2/5,hold,0.97-10.33,21.53,60.0,6.4,5.59,Sell,10.58 million,Communication Services,Telecom Services,1.312,3.81,4.66,0.91,0.9,0.04
PWR,4.93,340.37,344.1,201.47,2,0.44,0.19,2/5,buy,227.08-365.88,20.84,7.000000000000001,384.0,363.72,Buy time,1.56 million,Industrials,Engineering & Construction,1.027,306.44,386.96,0.9,0.88,0.47
DLTR,4.94,86.58,314.21,129.46,5,0.13,0.08,5/5,hold,60.49-123.17,15.44,30.0,103.22,94.37,- +Buy time -,3.76 million,Consumer Defensive,Discount Stores,0.871,81.48,99.6,0.94,0.87,-0.06
SF,4.94,98.18,358.56,125.42,5,-0.9,-0.57,5/5,hold,73.27-120.64,14.8,19.0,120.0,111.21,- +Buy time -,843.43 thousand,Financial Services,Capital Markets,1.072,89.1,110.79,0.91,0.89,-0.11
SVC,4.94,2.21,607.38,138.7,3,-0.06,-0.15,3/5,hold,1.71-6.34,16.3,65.0,3.0,2.67,Buy,1.98 million,Real Estate,REIT - Hotel & Motel,1.76,2.0,2.48,0.9,0.89,0.03
MBOT,4.95,2.67,427.95,70.67,5,0.03,0.27,5/5,strongBuy,0.82-3.38,7.87,21.0,9.0,9.0,Buy time,2.01 million,Healthcare,Medical Instruments & Supplies,1.151,2.58,3.06,0.97,0.87,0.29
OTEx,4.97,27.97,395.77,69.33,5,0.24,0.27,5/5,hold,22.79-34.2,8.58,18.0,48.0,40.37,Buy time,1.80 million,Technology,Software - Application,1.159,26.84,33.22,0.96,0.84,0.37
OTEX,4.97,27.97,395.77,69.33,5,0.24,0.27,5/5,hold,22.79-34.2,8.58,18.0,48.0,40.37,Buy time,1.80 million,Technology,Software - Application,1.159,26.84,33.22,0.96,0.84,0.37
MLR,4.98,46.0,397.34,114.08,5,0.09,0.15,5/5,buy,37.4-78.25,13.65,41.0,70.0,69.0,Buy time,57.62 thousand,Consumer Cyclical,Auto Parts,1.219,42.29,51.43,0.92,0.89,-0.05
NA.TO,5.01,127.64,378.7,82.62,5,0.28,0.11,5/5,hold,105.43-141.15,10.27,10.0,149.0,139.89,Buy time,1.69 million,Financial Services,Banks - Diversified,1.176,121.1,145.96,0.95,0.87,0.32
MIDD,5.01,149.78,549.33,127.65,4,0.47,0.2,4/5,buy,118.41-182.73,14.89,18.0,205.0,187.0,Buy time,952.47 thousand,Industrials,Specialty Industrial Machinery,1.651,136.22,166.02,0.91,0.9,-0.07
NOVA,5.02,0.22,900.89,131.7,2,2.7,4.26,2/5,hold,0.153-13.0,15.33,98.0,2.0,1.39,Buy time,7.90 million,Technology,Solar,3.009,0.21,0.26,0.95,0.85,-0.06
YESBANK.NS,5.02,21.51,22.25,168.91,3,0.05,0.29,3/5,sell,16.02-27.44,18.55,22.0,18.0,17.18,Buy time,107.92 million,Financial Services,Banks - Regional,1,18.74,24.31,0.87,0.88,1.14
KEY,5.03,16.48,412.96,123.69,5,0.07,0.24,5/5,hold,12.73-20.04,14.62,18.0,43.0,30.91,- +Buy time -,11.82 million,Financial Services,Banks - Regional,1.065,15.18,18.65,0.92,0.88,-0.13
ON,5.03,44.52,579.3,212.06,2,0.03,0.07,2/5,buy,31.04-80.08,23.07,44.0,72.12,60.4,Buy,10.30 million,Technology,Semiconductors,1.392,39.05,48.04,0.88,0.93,-0.07
KN,5.04,17.07,450.26,141.55,4,-0.01,-0.04,4/5,buy,12.19-20.86,16.52,18.0,25.0,22.88,Buy time,686.75 thousand,Technology,Electronic Components,1.403,15.7,19.22,0.92,0.89,0.04
ASO,5.06,45.49,361.35,176.43,4,-0.15,-0.15,4/5,hold,33.34-64.615,19.43,30.0,70.0,62.78,Buy time,1.42 million,Consumer Cyclical,Specialty Retail,1.292,39.54,49.04,0.87,0.93,-0.05
ZM,5.07,83.85,324.25,127.95,5,0.13,0.1,5/5,hold,55.06-92.8,15.09,10.0,115.0,101.9,Buy time,1.55 million,Technology,Software - Application,0.789,77.08,93.34,0.92,0.9,0.07
CAT,5.07,349.81,504.8,150.7,4,0.01,-0.0,4/5,hold,267.3-418.5,17.46,16.0,425.0,394.85,- +Buy time -,2.45 million,Industrials,Farm & Heavy Construction Machinery,1.346,315.93,380.17,0.9,0.92,-0.13
SES,5.09,0.91,409.98,309.85,0,0.0,0.11,0/5,hold,0.2-2.53,29.94,64.0,1.0,1.0,Buy time,10.96 million,Consumer Cyclical,Auto Parts,0.452,0.84,1.03,0.92,0.88,0.35
JPM,5.09,267.49,391.11,118.66,5,1.2,0.28,5/5,hold,190.88-280.25,14.16,5.0,330.0,295.12,Buy time,8.46 million,Financial Services,Banks - Diversified,1.068,247.2,298.71,0.92,0.9,0.03
MQ,5.1,5.0,422.67,211.78,2,0.05,1.12,2/5,hold,3.37-6.0,21.6,17.0,7.0,6.14,- Buy time -,7.86 million,Technology,Software - Infrastructure,1.41,4.18,5.16,0.84,0.97,0.38
AN,5.11,190.69,368.48,126.01,5,1.01,0.24,5/5,buy,148.33-198.5,15.0,4.0,240.0,222.31,- +Buy time -,371.64 thousand,Consumer Cyclical,Auto & Truck Dealerships,0.999,175.09,212.33,0.92,0.9,0.03
UNFI,5.13,30.57,436.57,185.1,2,0.23,12.3,2/5,hold,10.5-34.76,20.74,12.0,33.0,31.5,- Buy time -,782.74 thousand,Consumer Defensive,Food Distribution,1.081,26.9,34.12,0.88,0.9,0.58
SOC,5.13,28.06,144.77,319.63,2,-0.62,-1.46,2/5,buy,11.82-32.33,30.11,13.0,37.0,32.42,- Buy time -,1.57 million,Energy,Oil & Gas Drilling,0.429,21.81,25.98,0.78,1.08,0.09
GIL,5.13,49.34,422.01,151.82,4,0.04,0.06,4/5,buy,34.62-55.39,17.59,11.0,65.0,60.96,- +Buy time -,734.44 thousand,Consumer Cyclical,Apparel Manufacturing,1.26,45.37,55.76,0.92,0.88,0.1
MRVL,5.14,65.2,560.41,190.98,3,0.03,0.07,3/5,buy,47.09-127.48,20.35,49.0,135.0,116.65,Buy time,14.25 million,Technology,Semiconductors,1.825,58.55,72.68,0.9,0.9,-0.12
KULR,5.15,1.48,593.53,130.08,2,-0.06,-6.0,2/5,buy,0.2-5.49,13.51,73.0,6.0,5.08,- Buy time -,8.22 million,Technology,Electronic Components,1.678,1.34,1.74,0.91,0.85,0.81
ATKR,5.16,69.43,637.22,146.53,3,0.39,0.23,3/5,hold,49.92-158.199,16.84,56.00000000000001,80.0,76.92,- +Buy time -,465.21 thousand,Industrials,Electrical Equipment & Parts,2.103,64.27,80.26,0.93,0.87,0.12
KSCP,5.2,5.89,649.96,230.67,2,1.23,0.67,2/5,buy,2.45-28.571,23.94,79.0,30.0,23.5,Buy time,424.64 thousand,Industrials,Security & Protection Services,1.75,5.29,6.72,0.9,0.88,-0.21
C,5.24,75.96,493.16,163.15,4,0.25,0.17,4/5,buy,53.51-84.74,18.9,10.0,110.0,96.98,Buy time,13.41 million,Financial Services,Banks - Diversified,1.285,68.15,83.6,0.9,0.91,-0.06
HPQ,5.24,28.78,456.22,160.0,4,0.0,-0.01,4/5,hold,21.21-39.8,18.45,28.000000000000004,38.0,34.91,Buy time,7.17 million,Technology,Computer Hardware,1.339,25.68,31.41,0.89,0.92,0.06
TATASTEEL.NS,5.25,157.35,322.0,111.37,5,0.3,2.6,5/5,buy,122.62-184.6,13.31,15.0,190.0,175.37,Buy time,36.04 million,Basic Materials,Steel,1.095,144.51,174.71,0.92,0.9,0.41
CRNC,5.29,9.3,811.84,209.7,1,0.56,1.96,1/5,hold,2.34-27.5,21.08,66.0,16.0,13.58,Sell,799.30 thousand,Technology,Software - Application,2.975,8.83,11.2,0.95,0.83,0.15
PVH,5.3,85.4,535.51,188.32,3,0.5,0.19,3/5,hold,59.28-124.68,20.68,32.0,140.0,119.57,Buy time,1.05 million,Consumer Cyclical,Apparel Manufacturing,1.809,73.82,92.14,0.86,0.93,0.1
HBI,5.3,5.24,519.48,149.99,4,0.08,2.51,4/5,hold,4.02-9.1,17.56,42.0,16.3,11.47,- +Buy time -,6.18 million,Consumer Cyclical,Apparel Manufacturing,1.497,4.72,5.8,0.9,0.9,0.07
IVZ,5.31,15.32,529.15,162.53,4,0.11,0.24,4/5,hold,11.6-19.55,18.6,22.0,19.0,16.98,- +Buy time -,5.12 million,Financial Services,Asset Management,1.434,13.8,16.91,0.9,0.91,-0.06
QS,5.31,4.26,1186.08,111.64,1,-0.03,-0.16,1/5,hold,3.4-9.52,13.38,55.00000000000001,8.0,6.46,- Buy time -,7.65 million,Consumer Cyclical,Auto Parts,4.376,3.97,5.06,0.93,0.84,0.19
AGRI,5.33,1.7,-52.11,271.72,-1,0,0,-1/5,,1.0-19.1,21.18,91.0,0.1,0.1,- Buy time -,222.42 thousand,Consumer Defensive,Farm Products,0.042,1.71,2.09,1.01,0.81,2.5
ASML,5.33,758.36,440.58,142.01,5,0.32,0.05,5/5,buy,578.51-1110.09,16.51,32.0,1086.3354,988.19,Buy time,1.78 million,Technology,Semiconductor Equipment & Materials,1.221,682.29,842.77,0.9,0.9,-0.06
LC,5.35,10.59,694.93,94.09,3,-0.02,-0.21,3/5,buy,7.81-18.75,11.43,44.0,19.5,17.44,Buy time,1.53 million,Financial Services,Banks - Regional,2.359,10.08,12.94,0.95,0.82,0.67
ORCL,5.35,159.4,460.61,169.13,4,-0.03,-0.02,4/5,buy,114.55-198.31,18.59,20.0,246.0,212.06,Buy time,8.95 million,Technology,Software - Infrastructure,1.276,143.81,176.42,0.9,0.9,0.09
NU,5.36,13.13,373.1,155.57,5,0.01,0.06,5/5,hold,9.01-16.145,17.75,19.0,18.9,16.6,- +Buy time -,40.71 million,Financial Services,Banks - Regional,1.111,12.11,14.74,0.92,0.89,0.0
DOCU,5.38,90.55,480.85,138.47,5,0.04,0.04,5/5,hold,48.7-107.86,15.64,16.0,124.0,107.87,Buy time,1.61 million,Technology,Software - Application,1.21,82.1,100.37,0.91,0.9,-0.05
CDNS,5.39,318.77,355.25,168.34,5,0.13,0.08,5/5,buy,221.56-328.99,18.67,3.0,375.0,347.6,- +Buy time -,1.82 million,Technology,Software - Application,1.045,290.89,356.34,0.91,0.89,-0.04
NBIX,5.4,120.27,169.58,143.64,5,-0.63,-0.48,5/5,buy,84.23-157.98,16.77,24.0,192.0,175.7,Buy,2.41 million,Healthcare,Drug Manufacturers - Specialty & Generic,0.258,112.61,139.25,0.94,0.86,0.59
ARES,5.41,168.7,512.23,148.44,4,0.08,0.11,4/5,strongBuy,110.63-200.485,17.25,16.0,199.0,187.75,Buy time,1.80 million,Financial Services,Asset Management,1.418,155.01,190.8,0.92,0.88,0.21
MAR,5.42,271.47,512.65,170.34,4,0.14,0.06,4/5,hold,204.55-307.52,19.41,12.0,328.0,301.7,Buy,1.81 million,Consumer Cyclical,Lodging,1.389,244.15,300.64,0.9,0.9,0.02
SBFM,5.44,1.32,406.27,65.33,1,10699.06,1.0,1/5,,1.169-21.0,7.58,94.0,300.0,300.0,Buy,2.44 million,Healthcare,Drug Manufacturers - Specialty & Generic,1.235,1.41,4.48,1.07,0.29,2.5
UBER,5.5,90.16,525.53,164.18,4,3.06,6.38,4/5,buy,54.84-92.17,18.97,2.0,115.0,104.91,- +Buy time -,21.23 million,Technology,Software - Application,1.433,81.96,100.59,0.91,0.9,0.12
Uber,5.5,90.16,525.53,164.18,4,3.06,6.38,4/5,buy,54.84-92.17,18.97,2.0,115.0,104.91,- +Buy time -,21.23 million,Technology,Software - Application,1.433,81.96,100.59,0.91,0.9,0.12
WTS,5.54,241.11,412.87,159.43,5,0.38,0.19,5/5,hold,175.37-248.17,18.11,3.0,260.0,245.33,Buy time,196.09 thousand,Industrials,Specialty Industrial Machinery,1.078,212.92,260.72,0.88,0.92,0.06
TC,5.54,0.75,192.65,283.75,2,15.88,0.33,2/5,,0.46-4.3,25.79,82.0,0.1,0.1,Buy,24.24 thousand,Communication Services,Advertising Agencies,0.526,0.63,0.77,0.84,0.97,0.74
JCI,5.54,96.79,486.1,188.12,4,0.07,0.11,4/5,hold,64.31-97.11,20.8,0.0,115.0,106.12,Buy,4.51 million,Industrials,Building Products & Equipment,1.298,85.78,104.88,0.89,0.92,0.04
SPXC,5.54,154.42,492.34,148.24,5,0.21,0.18,5/5,buy,115.0-183.83,17.14,16.0,195.0,183.18,Buy,280.44 thousand,Industrials,Building Products & Equipment,1.211,139.48,169.84,0.9,0.91,-0.02
SoFi,5.56,13.57,589.11,192.48,3,0.04,1.3,3/5,hold,6.01-18.42,21.44,26.0,20.0,17.05,Buy time,53.32 million,Financial Services,Credit Services,1.855,12.35,15.36,0.91,0.88,0.2
SOFI,5.56,13.57,589.11,192.48,3,0.04,1.3,3/5,hold,6.01-18.42,21.44,26.0,20.0,17.05,Buy time,53.32 million,Financial Services,Credit Services,1.855,12.35,15.36,0.91,0.88,0.2
PDD,5.57,117.84,304.08,190.4,5,-0.6,-0.03,5/5,buy,87.11-164.69,21.63,28.000000000000004,194.05234,173.16,Buy time,6.94 million,Consumer Cyclical,Internet Retail,0.562,105.1,126.93,0.89,0.93,0.03
STRL,5.58,184.79,542.44,226.69,4,0.31,0.23,4/5,buy,93.5-206.07,24.0,10.0,225.0,220.5,Buy,2.22 million,Industrials,Engineering & Construction,1.272,161.51,217.51,0.87,0.85,-0.38
TK,5.58,8.19,239.86,194.63,5,1,1,5/5,,5.65-9.95,21.98,18.0,0.1,0.1,- +Buy time -,1.00 million,Energy,Oil & Gas Midstream,0.318,7.33,8.81,0.89,0.93,0.15
VARROC.NS,5.59,514.0,266.2,160.53,3,-2.73,-0.58,3/5,sell,374.1-716.9,18.03,28.000000000000004,606.0,564.7,Buy time,167.60 thousand,Consumer Cyclical,Auto Parts,0.623,458.38,569.19,0.89,0.9,1.24
GRAB,5.6,5.06,305.69,179.66,5,0.01,0.5,5/5,buy,2.98-5.72,20.16,12.0,8.0,6.88,Buy time,26.78 million,Technology,Software - Application,0.862,4.67,5.66,0.92,0.89,0.17
BB,5.61,3.89,486.92,153.76,5,0.06,10.09,5/5,hold,2.01-6.24,17.74,38.0,6.0,5.2,- +Buy time -,9.43 million,Technology,Software - Infrastructure,1.055,3.49,4.22,0.9,0.92,0.01
SHOP,5.63,110.21,887.41,226.82,1,-0.01,-0.04,1/5,buy,48.56-129.38,23.82,15.0,135.0,124.84,Buy,10.33 million,Technology,Software - Application,2.668,95.3,123.9,0.86,0.89,0.13
CHKR,5.64,0.45,40.25,84.49,3,1,1,3/5,,0.36-0.592,10.22,24.0,0.1,0.1,Buy,32.92 thousand,Energy,Oil & Gas E&P,0.011,0.42,0.53,0.93,0.85,2.5
CNEY,5.66,0.13,397.02,141.33,0,1,1,0/5,,0.109-1.6,13.04,92.0,0.1,0.1,mere Buy (some sold),8.94 million,Basic Materials,Specialty Chemicals,0.743,0.14,0.18,1.08,0.72,2.5
SAVA,5.66,2.05,228.67,331.62,2,0.41,0.5,2/5,hold,1.15-42.2,31.71,95.0,2.0,2.0,- Buy time -,876.66 thousand,Healthcare,Biotechnology,1,1.64,2.06,0.8,1.0,0.31
MSFT,5.7,453.13,342.75,161.47,5,0.37,0.12,5/5,buy,344.79-468.35,17.99,3.0,650.0,578.08,Buy time,27.58 million,Technology,Software - Infrastructure,0.985,415.4,515.47,0.92,0.88,0.36
LMND,5.7,31.29,677.7,119.48,3,0.26,0.38,3/5,hold,14.03-53.85,13.97,42.0,60.0,45.21,Buy,1.74 million,Financial Services,Insurance - Property & Casualty,2.138,29.48,38.33,0.94,0.82,0.82
OKTA,5.72,124.39,403.4,182.85,5,0.13,0.21,5/5,hold,70.56-125.48,19.63,1.0,145.0,132.03,- +Buy time -,2.72 million,Technology,Software - Infrastructure,0.959,111.32,136.33,0.89,0.91,0.06
Okta,5.72,124.39,403.4,182.85,5,0.13,0.21,5/5,hold,70.56-125.48,19.63,1.0,145.0,132.03,- +Buy time -,2.72 million,Technology,Software - Infrastructure,0.959,111.32,136.33,0.89,0.91,0.06
NOW,5.74,1035.18,363.6,222.12,5,0.22,0.06,5/5,buy,637.99-1198.09,23.04,14.000000000000002,1300.0,1189.63,Buy,1.48 million,Technology,Software - Application,0.974,916.93,1103.09,0.89,0.94,-0.18
RVP,5.74,0.75,454.35,64.03,2,0,0,2/5,,0.56-1.22,8.0,39.0,0.1,0.1,Sell ALL,57.60 thousand,Healthcare,Medical Instruments & Supplies,1.653,0.75,0.99,1.0,0.76,2.29
EU,5.75,1.73,489.94,213.33,4,-0.19,-6.74,4/5,buy,1.01-4.96,23.12,65.0,5.1630244,4.78,Buy,1.86 million,Energy,Uranium,1.282,1.56,1.91,0.9,0.91,0.02
AMAT,5.76,174.75,615.51,186.8,3,0.21,0.09,3/5,buy,123.74-255.89,20.92,32.0,245.0,222.55,Buy time,7.88 million,Technology,Semiconductor Equipment & Materials,1.705,152.04,187.36,0.87,0.93,0.39
XP,5.83,18.59,543.76,248.92,2,-0.01,-0.0,2/5,hold,10.82-22.065,26.47,16.0,25.011526,21.95,- Buy time -,4.79 million,Financial Services,Capital Markets,1.18,15.85,20.15,0.85,0.92,0.47
AMSC,5.84,23.52,937.99,208.09,2,0.32,6.63,2/5,buy,13.74-38.02,22.7,38.0,40.0,39.5,- +Buy time -,389.59 thousand,Industrials,Specialty Industrial Machinery,2.818,20.39,26.21,0.87,0.9,-0.02
SNOW,5.86,182.97,436.08,187.3,5,0.17,0.99,5/5,buy,107.13-194.4,20.16,6.0,440.0,320.41,Buy time,3.34 million,Technology,Software - Application,1.115,162.7,199.3,0.89,0.92,0.09
Nvda,5.86,134.83,781.97,212.96,3,0.1,0.14,3/5,buy,86.62-153.13,22.5,12.0,220.0,191.61,Buy time,260.81 million,Technology,Semiconductors,2.114,114.44,144.85,0.85,0.93,-0.09
NVDa,5.86,134.83,781.97,212.96,3,0.1,0.14,3/5,buy,86.62-153.13,22.5,12.0,220.0,191.61,Buy time,260.81 million,Technology,Semiconductors,2.114,114.44,144.85,0.85,0.93,-0.09
NVDA,5.86,134.83,781.97,212.96,3,0.1,0.14,3/5,buy,86.62-153.13,22.5,12.0,220.0,191.61,Buy time,260.81 million,Technology,Semiconductors,2.114,114.44,144.85,0.85,0.93,-0.09
ENVX,5.96,7.79,576.51,243.13,2,0.09,0.53,2/5,buy,5.27-18.68,25.16,57.99999999999999,100.0,62.55,Buy,5.64 million,Industrials,Electrical Equipment & Parts,1.987,6.65,8.78,0.85,0.89,0.6
BTBT,5.97,2.06,1354.06,129.02,1,0.24,7.73,1/5,buy,1.69-5.74,14.56,64.0,7.0,6.45,- Buy time -,10.73 million,Financial Services,Capital Markets,5.267,1.98,2.62,0.96,0.79,0.33
GEV,6.0,426.97,420.54,217.15,5,-0.56,0.86,5/5,buy,150.01-447.5,23.2,5.0,525.0,466.3,Buy time,3.00 million,Industrials,Specialty Industrial Machinery,1,375.95,458.14,0.88,0.93,-0.02
PACK,6.01,3.66,924.59,75.24,0,-0.02,-0.03,0/5,buy,2.91-9.04,2.19,60.0,8.0,7.17,Buy,994.01 thousand,Consumer Cyclical,Packaging & Containers,2.797,3.81,5.04,1.04,0.73,2.4
FUTU,6.01,105.76,359.94,217.78,5,0.86,0.07,5/5,buy,51.8-130.88,23.88,19.0,167.77553,153.05,Buy time,1.99 million,Financial Services,Capital Markets,0.671,93.93,112.96,0.89,0.94,0.11
IBKR,6.03,206.99,535.28,218.62,5,0.12,0.07,5/5,buy,103.69-236.53,23.72,12.0,243.0,220.5,- +Buy time -,2.55 million,Financial Services,Capital Markets,1.19,176.94,227.54,0.85,0.91,-0.26
LRCX,6.03,84.79,667.71,214.79,4,0.07,0.08,4/5,buy,56.32-113.0,23.17,25.0,125.0,107.38,Buy time,12.43 million,Technology,Semiconductor Equipment & Materials,1.653,72.43,88.95,0.85,0.95,-0.11
HIMX,6.08,8.44,803.2,214.59,3,0.05,0.54,3/5,buy,5.12-13.91,23.58,39.0,12.3,11.12,- +Buy time -,979.79 thousand,Technology,Semiconductors,2.15,7.27,9.11,0.86,0.93,0.04
BA,6.09,206.24,542.35,218.99,4,-1.31,0.06,4/5,buy,128.88-209.66,24.13,2.0,242.0,222.34,Buy time,6.86 million,Industrials,Aerospace & Defense,1.405,179.44,222.26,0.87,0.93,0.18
SPCE,6.1,3.35,753.99,230.51,1,0.64,0.22,1/5,hold,2.18-23.0,24.48,85.0,36.0,22.41,- Buy time -,1.79 million,Industrials,Aerospace & Defense,2.107,2.92,3.9,0.87,0.86,0.86
DIS,6.1,112.22,517.32,246.33,4,0.57,0.43,4/5,buy,80.1-118.63,26.24,5.0,148.0,135.93,Buy,10.19 million,Communication Services,Entertainment,1.493,93.45,116.42,0.83,0.96,0.01
SYM,6.14,26.94,711.14,230.51,3,0.29,9.09,3/5,buy,16.318-47.42,24.83,43.0,60.0,45.97,Buy time,884.60 thousand,Industrials,Specialty Industrial Machinery,1.857,22.77,28.94,0.85,0.93,0.17
CUB,6.2,10.38,258.71,8.01,5,1,1,5/5,,9.96-10.55,1.06,2.0,0.1,0.1,Buy time,56.99 thousand,Financial Services,Shell Companies,1,10.31,16.93,0.99,0.61,2.5
RGT,6.23,11.24,312.35,81.57,5,1,1,5/5,,9.0-12.07,10.05,7.000000000000001,0.1,0.1,Buy time,10.46 thousand,Financial Services,Asset Management,1,10.67,12.9,0.95,0.87,1.69
RDVT,6.26,49.19,567.26,227.93,2,0.1,0.43,2/5,buy,19.6-49.8,23.91,1.0,52.0,52.0,- +Buy time -,96.91 thousand,Technology,Software - Application,1.694,40.81,51.05,0.83,0.96,1.05
ARM,6.3,133.07,471.73,223.74,5,0.08,0.19,5/5,buy,80.0-188.75,24.1,28.999999999999996,180.0,156.03,Buy time,5.13 million,Technology,Semiconductors,1,116.05,142.23,0.87,0.94,0.1
OPTT,6.34,0.54,939.63,236.35,2,1,1,2/5,,0.12-1.75,24.07,69.0,0.1,0.1,- +Buy time -,2.99 million,Industrials,Specialty Industrial Machinery,2.646,0.46,0.6,0.85,0.9,0.25
TWLO,6.46,114.23,603.98,235.5,4,0.15,0.15,4/5,buy,52.51-151.95,24.91,25.0,170.0,149.49,Buy time,3.00 million,Technology,Software - Infrastructure,1.438,97.87,121.39,0.86,0.94,0.28
COHR,6.53,78.82,684.78,304.07,3,0.33,0.47,3/5,buy,45.58-113.6,29.65,31.0,125.0,110.18,Buy,3.08 million,Technology,Scientific & Technical Instruments,1.909,66.37,85.08,0.84,0.93,-0.0
AMPL,6.53,12.14,675.8,330.06,2,0.02,1.84,2/5,hold,7.37-14.88,31.63,18.0,16.0,14.55,- Buy time -,1.17 million,Technology,Software - Application,1.41,9.58,12.0,0.79,1.01,0.2
DJT,6.57,24.98,1537.52,188.16,1,1,1,1/5,,11.75-54.68,20.98,54.0,0.1,0.1,- Buy time -,3.63 million,Communication Services,Internet Content & Information,5.255,23.63,32.29,0.95,0.77,-0.03
SOUN,6.59,11.01,1053.0,292.5,1,0.03,0.43,1/5,buy,3.82-24.98,29.52,56.00000000000001,18.0,14.89,- Buy time -,20.26 million,Technology,Software - Application,2.991,9.23,12.51,0.84,0.88,0.14
SMCI,6.65,43.96,512.3,281.59,4,-0.03,-0.1,4/5,hold,17.25-101.402,27.46,56.99999999999999,93.0,67.84,Buy time,52.01 million,Technology,Computer Hardware,1.356,35.41,44.58,0.81,0.99,0.3
PAY,6.67,38.63,628.39,227.84,4,0.03,0.26,4/5,hold,16.94-38.94,24.64,1.0,40.0,38.0,Buy,526.12 thousand,Technology,Software - Infrastructure,1.614,33.52,43.66,0.87,0.88,0.49
VRT,6.68,105.38,632.52,337.57,3,0.19,0.25,3/5,buy,53.6-155.84,32.01,32.0,135.0,122.74,- +Buy time -,10.58 million,Industrials,Electrical Equipment & Parts,1.706,88.15,114.33,0.84,0.92,-0.02
INtZ,6.94,1.59,383.57,319.95,5,-0.15,-0.71,5/5,buy,0.35-7.34,31.45,78.0,10.0,7.88,Buy time,233.12 thousand,Technology,Software - Infrastructure,1,1.33,1.63,0.84,0.98,0.11
INTZ,6.94,1.59,383.57,319.95,5,-0.15,-0.71,5/5,buy,0.35-7.34,31.45,78.0,10.0,7.88,Buy time,233.12 thousand,Technology,Software - Infrastructure,1,1.33,1.63,0.84,0.98,0.11
BBAI,7.02,3.64,970.5,345.35,1,-0.57,-11.01,1/5,hold,1.165-10.36,31.59,65.0,6.0,5.42,Buy,55.79 million,Technology,Information Technology Services,3.055,3.12,4.22,0.86,0.86,0.35
STX,7.07,107.43,616.21,315.04,4,0.31,0.17,4/5,buy,63.19-115.32,32.22,7.000000000000001,140.0,123.01,Buy time,4.34 million,Technology,Computer Hardware,1.341,88.67,110.34,0.83,0.97,0.14
RZLV,7.08,2.29,248.69,522.52,2,1,1,2/5,strongBuy,1.07-14.5,41.92,84.0,10.0,7.83,Buy,3.20 million,Technology,Software - Infrastructure,1,1.93,2.46,0.84,0.93,0.15
LTBR,7.08,10.94,691.18,344.56,3,0,0,3/5,,2.21-16.9,33.61,35.0,0.1,0.1,- +Buy time -,676.29 thousand,Industrials,Electrical Equipment & Parts,1.769,9.08,11.53,0.83,0.95,0.16
LYFT,7.24,16.23,797.18,331.34,3,0.2,14.27,3/5,hold,8.925-19.065,33.21,15.0,26.0,21.53,Buy time,14.90 million,Technology,Software - Application,2.148,13.08,17.03,0.81,0.95,0.19
ONCO,7.42,0.07,844.99,232.66,0,-14.8,-2.02,0/5,,0.05-21.4,19.57,100.0,0.1,0.1,Buy time,11.74 million,Healthcare,Biotechnology,3.493,0.07,0.11,1.0,0.64,2.5
UPWK,7.51,17.09,611.52,240.43,4,0.12,0.43,4/5,hold,8.43-18.14,25.92,6.0,25.0,21.95,Buy,3.57 million,Communication Services,Internet Content & Information,1.519,14.59,19.44,0.85,0.88,1.25
HOOD,7.51,60.68,859.43,330.46,3,0.59,1.19,3/5,buy,13.98-66.91,32.99,9.0,105.0,83.38,Buy time,46.14 million,Financial Services,Capital Markets,2.152,49.14,64.48,0.81,0.94,0.33
TPIC,7.58,1.1,802.7,350.88,3,-0.76,-1.75,3/5,hold,0.637-5.75,34.82,81.0,3.5,2.66,Buy time,319.73 thousand,Industrials,Specialty Industrial Machinery,2.051,0.93,1.19,0.85,0.92,0.34
MCVT,7.64,1.74,503.97,143.79,4,1,1,4/5,,1.13-3.88,16.67,55.00000000000001,0.1,0.1,Buy time,9.69 thousand,Financial Services,Credit Services,1.349,1.57,1.93,0.9,0.9,2.5
MGNI,7.65,15.88,976.63,387.88,2,0.02,1.05,2/5,buy,8.22-21.29,37.66,25.0,24.0,21.44,- +Buy time -,2.23 million,Communication Services,Advertising Agencies,2.727,12.48,17.28,0.79,0.92,0.12
TTD,7.67,77.5,568.12,404.13,4,0.1,0.37,4/5,buy,42.96-141.53,37.48,45.0,135.0,110.28,- +Buy time -,8.15 million,Technology,Software - Application,1.288,57.62,72.56,0.74,1.07,0.12
MARA,7.77,15.68,1922.16,201.83,1,-0.95,13.72,1/5,hold,9.81-30.28,21.43,48.0,32.0,25.94,Buy time,33.97 million,Financial Services,Capital Markets,6.844,13.93,19.8,0.89,0.79,0.21
COIN,7.77,244.44,1155.98,289.56,1,0.92,0.33,1/5,hold,142.58-349.75,29.55,30.0,400.0,329.19,- Buy time -,9.37 million,Financial Services,Financial Data & Stock Exchanges,3.625,203.63,297.64,0.83,0.82,1.11
LITE,7.81,77.76,677.08,331.43,5,0.13,0.31,5/5,buy,38.285-104.0,32.86,25.0,110.0,97.22,Buy,2.69 million,Technology,Communication Equipment,1.183,62.26,78.16,0.8,0.99,0.22
CRMD,7.85,11.69,743.64,353.94,4,0.13,0.8,4/5,strongBuy,3.61-13.85,35.67,16.0,20.0,18.42,Buy,1.82 million,Healthcare,Biotechnology,1.541,9.75,12.93,0.83,0.9,0.29
SRM,7.85,0.43,425.94,356.06,5,1,1,5/5,,0.261-1.66,34.57,74.0,0.1,0.1,Buy,248.34 thousand,Consumer Cyclical,Leisure,1,0.39,0.5,0.91,0.86,0.6
BTCS,7.88,2.0,578.53,244.67,2,-0.73,-12.94,2/5,,0.95-5.41,25.5,63.0,5.0,5.0,Buy time,385.22 thousand,Financial Services,Capital Markets,1.119,1.76,2.25,0.88,0.89,2.5
DAI.F,8.13,14.0,424.47,170.87,5,1,1,5/5,,12.1-17.2,19.71,19.0,0.1,0.1,Buy time,2,Consumer Cyclical,Auto Manufacturers,0.946,12.63,inf,0.9,0.0,2.5
DRCT,8.16,0.52,1769.53,128.81,0,-0.33,-63.32,0/5,buy,0.441-6.59,-4.64,92.0,6.0,6.0,Sell,8.40 million,Communication Services,Advertising Agencies,6.6,0.81,1.24,1.56,0.42,2.5
WOLF,8.17,3.81,781.14,501.06,2,0.15,0.17,2/5,hold,2.06-30.86,43.31,88.0,7.0,5.5,Sell,17.17 million,Technology,Semiconductors,1.619,3.4,4.46,0.89,0.85,0.17
VVPR,8.2,4.64,796.94,511.07,2,1,1,2/5,,0.619-6.66,43.53,30.0,0.1,0.1,Buy,285.83 thousand,Technology,Solar,1.049,3.56,4.55,0.77,1.02,0.09
PALU,8.29,24.34,342.78,219.04,5,1,1,5/5,,14.82-25.02,20.98,3.0,0.1,0.1,Buy time,6.25 thousand,N/A,N/A,1,21.9,26.89,0.9,0.91,2.49
HOVR,8.54,0.59,393.84,224.15,5,1,1,5/5,buy,0.24-1.84,24.79,68.0,1.9865271,1.89,Buy time,1.03 million,Industrials,Aerospace & Defense,0.753,0.53,0.83,0.9,0.71,2.5
BAOS,8.63,2.4,553.91,240.48,4,1,1,4/5,,1.44-13.66,25.83,82.0,0.1,0.1,Buy time,168.39 thousand,Communication Services,Advertising Agencies,1.286,2.36,3.09,0.98,0.78,2.5
CMP,8.71,19.5,706.58,474.73,4,0.13,132.51,4/5,strongBuy,7.51-20.17,42.82,3.0,22.0,20.1,- +Buy time -,771.10 thousand,Basic Materials,Other Industrial Metals & Mining,1.571,14.09,18.64,0.72,1.05,0.25
ACHR,9.0,12.19,1082.91,476.56,2,-0.03,-0.05,2/5,buy,2.821-12.475,42.17,2.0,13.5,12.44,Buy time,21.81 million,Industrials,Aerospace & Defense,3.129,8.73,12.81,0.72,0.95,0.53
MSGM,9.15,2.46,595.13,841.55,0,0,0,0/5,,0.731-3.2,54.47,23.0,0.1,0.1,Sell,731.21 thousand,Communication Services,Electronic Gaming & Multimedia,1.82,2.45,5.92,1.0,0.42,-0.18
TXMD,9.34,1.46,324.77,337.46,5,-0.47,-7.43,5/5,,0.7-2.44,32.19,40.0,0.1,0.1,Buy,49.78 thousand,Healthcare,Drug Manufacturers - Specialty & Generic,1,1.29,1.89,0.88,0.77,2.5
SERV,9.42,9.39,561.88,499.47,5,-0.11,-0.84,5/5,buy,1.77-24.35,42.39,61.0,23.0,19.62,Buy time,3.69 million,Industrials,Specialty Industrial Machinery,1,6.72,8.9,0.72,1.06,0.71
Oklo,9.44,37.41,819.49,473.02,5,0.01,0.04,5/5,buy,5.35-59.14,42.37,37.0,58.0,52.45,- +Buy time -,12.56 million,Utilities,Utilities - Regulated Electric,1,27.62,34.26,0.74,1.09,0.34
OKLO,9.44,37.41,819.49,473.02,5,0.01,0.04,5/5,buy,5.35-59.14,42.37,37.0,58.0,52.45,- +Buy time -,12.56 million,Utilities,Utilities - Regulated Electric,1,27.62,34.26,0.74,1.09,0.34
CCM,9.92,7.81,211.1,551.04,5,0,0,5/5,,3.8-26.7,44.94,71.0,0.1,0.1,- +Buy time -,59.93 thousand,Healthcare,Medical Care Facilities,1,6.82,8.92,0.87,0.88,1.58
UP,10.02,1.6,1152.55,629.01,1,1,1,1/5,,0.735-4.59,48.75,65.0,0.1,0.1,Buy time,699.28 thousand,Industrials,Airports & Air Services,2.342,1.13,1.64,0.71,0.98,0.61
MVST,11.45,3.3,1114.91,679.66,1,0.05,0.0,1/5,strongBuy,0.152-3.465,50.0,5.0,5.0,4.5,Buy time,8.08 million,Consumer Cyclical,Auto Parts,2.732,2.24,3.61,0.68,0.91,1.75
PNBK,15.31,5.45,1018.23,1202.96,0,1,1,0/5,,0.99-7.47,65.32,27.0,0.1,0.1,- Buy time -,352.49 thousand,Financial Services,Banks - Regional,1,4.02,6.01,0.74,0.91,2.34
GPUs,19.0,5.99,1110.57,1647.91,1,0,0,1/5,,1.23-20.3,62.94,70.0,0.1,0.1,Buy,1.99 million,Industrials,Aerospace & Defense,3.336,3.74,13.88,0.62,0.43,2.5
GPUS,19.0,5.99,1110.57,1647.91,1,0,0,1/5,,1.23-20.3,62.94,70.0,0.1,0.1,Buy,1.99 million,Industrials,Aerospace & Defense,3.336,3.74,13.88,0.62,0.43,2.5
PONY,19.2,16.17,1453.65,1306.16,5,1,1,5/5,buy,4.11-23.88,71.0,32.0,23.1,21.77,Buy,14.48 million,Technology,Information Technology Services,1,10.11,15.73,0.63,1.03,2.39
ABVE,24.39,1.24,836.78,2681.36,-1,1,1,-1/5,,0.25-4.07,58.87,70.0,0.1,0.1,Buy,2.03 million,Consumer Defensive,Packaged Foods,1,1.33,3.7,1.07,0.34,2.5
GRYP,28.19,1.07,2194.35,2328.24,5,0,0,5/5,hold,0.126-2.93,86.73,63.0,0.1,0.1,Buy time,30.76 million,Financial Services,Capital Markets,1,0.47,2.21,0.44,0.48,2.5
NXTT,48.74,2.54,1721.02,5788.12,1,1,1,1/5,,0.22-6.0,89.45,57.99999999999999,0.1,0.1,- Buy time -,4.04 million,Technology,Software - Application,6.061,0.8,13.66,0.31,0.19,2.5
