EXPE,0.7,136.63,78.46,-64.51,-1,0.3,0.14,-1/12,hold,107.25-207.73,-44.58,34.0,290.0,249.84,Sell ALL,2.25 million,Consumer Cyclical,Travel Services,1.657,182.25,216.88,1.33,0.63,0.43
QS,1.36,3.47,313.07,-95.9,-1,-0.05,-0.28,-1/12,hold,3.4-9.52,-35.16,64.0,8.0,6.85,Sell ALL,15.40 million,Consumer Cyclical,Auto Parts,4.374,4.94,5.53,1.42,0.63,0.25
D,3.21,49.66,36.02,-16.28,0,0.08,0.1,0/12,hold,46.62-61.97,-14.02,20.0,69.0,63.9,Sell ALL,5.79 million,Utilities,Utilities - Regulated Electric,0.573,55.38,67.44,1.12,0.74,0.3
CINF,3.24,127.05,32.82,-19.74,0,1.21,0.64,0/12,hold,109.93-161.75,-15.64,21.0,182.0,169.5,Sell ALL,896.65 thousand,Financial Services,Insurance - Property & Casualty,0.546,141.17,169.29,1.11,0.75,0.23
NEE,3.25,64.11,43.71,-10.43,0,0.06,0.07,0/12,buy,61.31-86.1,-9.45,26.0,103.0,93.75,Sell ALL,15.37 million,Utilities,Utilities - Regulated Electric,0.577,71.13,86.77,1.11,0.74,0.39
ACHR,3.27,6.39,309.79,-31.66,-1,-0.1,-0.4,-1/12,buy,2.821-12.475,-38.86,49.0,13.5,12.44,Sell ALL,34.47 million,Industrials,Aerospace & Defense,3.16,9.13,10.74,1.43,0.59,0.37
SBSW,3.46,3.22,146.49,-4.2,0,1,1,0/12,hold,3.05-5.93,0.93,46.0,5.119834,4.88,Sell ALL,10.53 million,Basic Materials,Other Precious Metals & Mining,1.204,3.84,4.69,1.19,0.69,0.53
PRTG,3.7,4.9,73.87,50.92,0,-17.76,-4.11,0/12,,2.1-23.01,7.96,79.0,0.1,0.1,- Buy time -,68.22 thousand,Healthcare,Biotechnology,0.972,4.78,7.46,0.98,0.66,2.5
NTPC.NS,6.91,352.95,-5.2,26.17,1,0.08,0.02,1/13,buy,292.8-448.45,14.34,21.0,500.0,456.87,Sell ALL,14.55 million,Utilities,Utilities - Regulated Electric,0.278,328.85,411.72,0.93,0.86,0.48
SOR,7.22,39.78,43.97,-14.72,1,1,1,1/12,,38.66-47.91,-6.3,17.0,0.1,0.1,Sell ALL,16.07 thousand,Financial Services,Asset Management,0.553,42.3,52.45,1.06,0.76,0.44
MCD,9.05,299.83,60.29,19.79,1,0.0,-0.0,1/12,buy,243.53-326.32,-2.24,8.0,360.0,343.91,Sell ALL,4.02 million,Consumer Cyclical,Restaurants,0.619,303.31,374.26,1.01,0.8,0.48
ES,10.16,54.25,67.72,-2.49,1,0.07,0.06,1/12,buy,53.66-69.01,-14.76,21.0,85.0,77.43,Sell ALL,3.27 million,Utilities,Utilities - Regulated Electric,0.594,60.18,72.18,1.11,0.75,0.31
GENI,10.17,8.67,192.46,-0.39,1,-0.09,-1.24,1/12,buy,4.91-11.158,-0.12,22.0,15.0,13.59,Sell ALL,3.42 million,Communication Services,Internet Content & Information,1.983,9.56,11.89,1.1,0.73,0.41
TS,10.34,30.71,65.58,-55.12,1,0.35,0.5,1/12,strongBuy,27.24-40.87,-23.25,25.0,50.0,46.61,Sell ALL,1.97 million,Energy,Oil & Gas Equipment & Services,1.196,38.43,46.39,1.25,0.66,0.84
SPGI,10.65,441.42,113.1,-20.28,1,0.55,0.15,1/12,buy,407.69-545.39,-20.91,19.0,650.0,623.91,Sell ALL,1.67 million,Financial Services,Financial Data & Stock Exchanges,1.261,514.72,612.01,1.17,0.72,0.19
MA,10.73,479.92,101.22,-13.01,1,0.27,0.07,1/12,buy,428.86-582.23,-20.08,18.0,690.0,653.84,Sell ALL,3.22 million,Financial Services,Credit Services,1.064,549.3,663.87,1.14,0.72,0.33
AMX,14.86,13.42,47.99,-8.67,2,-0.34,-1.17,2/12,buy,13.3398-20.31,-6.04,34.0,22.6,20.76,== less Sell ALL==,1.95 million,Communication Services,Telecom Services,0.271,14.56,17.89,1.08,0.75,0.24
MSD,20.04,7.13,54.87,-13.9,3,1,1,3/12,,6.86-8.32,-12.43,14.000000000000002,0.1,0.1,Sell ALL,95.36 thousand,Financial Services,Asset Management,0.528,7.89,9.71,1.11,0.73,0.45
PT,20.22,0.99,48.17,-1.23,3,1,1,3/12,,0.71-1.19,-2.02,17.0,0.1,0.1,mere Sell (some bought),15.75 thousand,Financial Services,Credit Services,0.578,1.03,1.35,1.04,0.73,1.45
DIV,20.51,16.54,91.32,-19.99,3,1,1,3/12,,16.36-19.38,-13.7,15.0,0.1,0.1,Sell ALL,229.74 thousand,N/A,N/A,1,18.55,23.04,1.12,0.72,0.55
AM,22.23,15.95,183.92,3.96,3,-0.08,-0.29,3/12,hold,13.12-18.49,-6.27,14.000000000000002,19.0,17.75,Sell ALL,4.12 million,Energy,Oil & Gas Midstream,1.864,16.9,20.57,1.06,0.78,0.33
SUN,22.52,50.38,119.62,-6.79,3,-2.24,-1.63,3/12,strongBuy,48.0-59.67,-16.73,16.0,68.0,66.06,Sell ALL,475.84 thousand,Energy,Oil & Gas Refining & Marketing,1.04,57.23,68.61,1.14,0.73,0.25
FOXA,22.84,47.45,88.78,-2.28,3,0.63,0.77,3/12,hold,30.02-58.74,-20.81,19.0,66.0,60.91,Sell ALL,4.76 million,Communication Services,Entertainment,0.52,53.45,64.49,1.13,0.74,0.3
BAYRY,23.25,5.44,145.44,27.01,3,-0.09,-0.57,3/12,hold,4.79-8.58,-9.01,37.0,10.6,9.46,Sell ALL,858.40 thousand,Healthcare,Drug Manufacturers - General,1.014,5.92,7.06,1.09,0.77,0.12
VZ,27.06,42.19,45.2,28.67,4,0.01,0.01,4/12,hold,37.59-47.36,-2.16,11.0,55.0,51.33,Sell ALL,27.44 million,Communication Services,Telecom Services,0.402,42.53,51.57,1.01,0.82,0.36
PFX,28.02,51.0,46.63,18.55,4,-0.63,-0.22,4/12,hold,42.5-57.4,-5.47,11.0,0.1,0.1,Sell ALL,3.64 thousand,Financial Services,Asset Management,0.306,51.23,66.94,1.0,0.76,2.5
COMP,28.18,7.61,352.76,102.35,3,0.02,0.83,3/12,hold,3.025-10.25,-18.13,26.0,13.0,11.66,Sell ALL,6.87 million,Real Estate,Real Estate Services,2.791,8.13,10.12,1.07,0.75,0.19
SWI,28.71,18.37,76.35,83.52,4,0.26,0.96,4/12,hold,10.14-18.55,0.33,1.0,18.5,17.82,Sell ALL,1.49 million,Technology,Software - Infrastructure,0.877,17.15,21.32,0.93,0.86,0.87
NTDOY,29.25,16.41,77.74,34.83,4,1,1,4/12,buy,11.36-19.47,-13.22,16.0,25.4,25.4,Sell ALL,2.11 million,Communication Services,Electronic Gaming & Multimedia,0.379,17.42,20.9,1.06,0.79,0.58
Sony,29.85,21.32,129.29,26.26,4,0.22,0.79,4/12,buy,15.022-25.78,-17.45,17.0,34.06,31.41,Sell ALL,5.20 million,Technology,Consumer Electronics,0.788,23.31,28.15,1.09,0.76,0.33
XERS,30.65,4.13,247.66,97.24,4,0.01,-0.29,4/12,buy,1.69-6.07,7.26,32.0,8.0,7.12,Sell ALL,2.95 million,Healthcare,Biotechnology,0.885,4.19,5.25,1.01,0.79,0.49
GLD,31.74,275.2,87.66,30.54,5,1,1,5/12,,210.71-289.13,4.34,5.0,0.1,0.1,Sell ALL,9.73 million,N/A,N/A,1,267.39,328.52,0.97,0.84,0.58
SLRN,31.97,2.08,99.04,13.25,4,0.12,0.15,4/12,buy,1.845-7.25,-28.85,71.0,8.0,8.0,Sell ALL,1.60 million,Healthcare,Biotechnology,1,2.37,3.0,1.14,0.69,0.84
HSY,33.2,159.1,36.28,13.28,5,0.1,0.05,5/12,hold,140.13-211.92,-8.55,25.0,211.56,187.54,Sell ALL,2.10 million,Consumer Defensive,Confectioners,0.269,165.11,199.87,1.04,0.8,0.26
MBS,38.31,8.63,86.79,9.05,6,1,1,6/12,,8.21-9.08,0.04,5.0,0.1,0.1,Sell ALL,628.72 thousand,N/A,N/A,1,8.57,20.29,0.99,0.43,1.22
DG,38.37,87.7,66.59,66.74,6,-0.68,-0.47,6/12,hold,66.43-156.6,15.42,44.0,115.0,102.29,Buy time,4.67 million,Consumer Defensive,Discount Stores,0.398,78.24,96.07,0.89,0.91,0.44
HSBC,42.46,46.68,118.46,1.98,6,0,0,6/12,buy,39.42-61.88,-24.46,25.0,67.0,65.75,Sell ALL,4.83 million,Financial Services,Banks - Diversified,0.418,54.06,69.59,1.16,0.67,1.07
NTNX,43.11,58.17,148.28,-6.47,6,0.19,0.51,6/12,strongBuy,43.35-79.99,-32.18,27.0,100.0,94.22,Sell ALL,2.84 million,Technology,Software - Infrastructure,0.843,70.66,87.11,1.21,0.67,0.48
IBIO,47.47,1.2,151.83,-20.17,0,-0.02,-0.04,0/12,buy,1.19-6.89,-385.83,83.0,6.0,5.4,Sell ALL,567.80 thousand,Healthcare,Biotechnology,1.022,4.31,5.22,3.59,0.23,1.08
FID,49.75,15.86,99.59,1.73,8,1,1,8/12,,15.18-17.78,-5.08,11.0,0.1,0.1,mere Sell (some bought),24.41 thousand,N/A,N/A,1,16.69,20.68,1.05,0.77,0.16
TSI,50.19,4.79,34.82,5.44,8,1,1,8/12,,4.52-5.21,-0.73,8.0,0.1,0.1,Sell ALL,82.64 thousand,Financial Services,Asset Management,0.343,4.82,5.95,1.01,0.81,1.66
MAA,51.84,150.0,74.09,2.16,8,0.56,0.57,8/12,hold,123.73-173.38,-12.08,13.0,190.0,179.37,Sell ALL,934.22 thousand,Real Estate,REIT - Residential,0.785,160.42,197.41,1.07,0.76,0.47
PNNT,52.83,5.91,111.4,-37.43,8,-0.01,-0.04,8/12,hold,5.85-8.04,-21.59,26.0,8.0,7.45,Sell ALL,652.48 thousand,Financial Services,Asset Management,1.136,7.04,8.57,1.19,0.69,0.93
SCHO,55.15,24.35,85.81,5.62,9,1,1,9/12,,23.85-48.79,0.79,50.0,0.1,0.1,- Buy time -,3.37 million,N/A,N/A,1,24.1,29.64,0.99,0.82,0.28
AMT,57.75,204.66,101.59,38.27,9,-0.02,-0.11,9/12,buy,170.46-243.56,-0.47,16.0,250.0,242.53,Sell ALL,3.31 million,Real Estate,REIT - Specialty,0.878,201.47,253.8,0.98,0.81,0.53
SOF,115.54,100.25,85.28,2.56,19,1,1,19/12,,100.1-100.6948,0.4,0.0,0.1,0.1,Buy time,2.89 thousand,N/A,N/A,1,99.78,123.48,1.0,0.81,0.81
CLEU,351.66,1.54,-208.91,16330.55,-8,1,1,-8/12,,0.045-7.9,97.08,81.0,0.1,0.1,Sell,13.14 million,Consumer Defensive,Education & Training Services,2.072,2.68,18.3,1.74,0.08,2.08
SIM,2.03,25.96,-26.45,0.45,0,1,1,0/12,,22.15-33.78,1.81,23.0,0.1,0.1,mere Buy (some sold),1.91 thousand,Basic Materials,Steel,0.06,26.14,32.52,1.01,0.8,2.5
INTU,3.47,544.07,84.32,-33.47,0,0.88,0.35,0/12,buy,532.65-714.78,-12.82,24.0,860.0,781.75,Sell ALL,2.14 million,Technology,Software - Application,1.256,606.19,730.38,1.11,0.74,0.42
OCCI,3.7,5.92,87.69,-37.93,0,0,0,0/12,buy,5.26-7.81,-17.74,24.0,7.5,7.44,Sell ALL,441.18 thousand,Financial Services,Asset Management,1.103,6.83,8.38,1.15,0.71,0.49
MSIF,4.2,14.16,80.84,-22.89,0,0,0,0/10,hold,14.01-18.0,-17.67,21.0,20.0,19.06,Sell ALL,208.75 thousand,Financial Services,Asset Management,0.866,16.66,20.76,1.18,0.68,0.56
SDIV,14.51,18.1,93.22,-25.86,2,1,1,2/12,,17.96-23.78,-14.94,24.0,0.1,0.1,Sell ALL,447.47 thousand,N/A,N/A,1,20.68,25.08,1.14,0.72,0.53
PICK,14.84,30.23,93.61,-35.33,2,1,1,2/12,,29.96-46.4,-18.72,35.0,0.1,0.1,Sell ALL,371.56 thousand,N/A,N/A,1,36.46,45.36,1.21,0.67,0.69
SPHD,21.05,44.37,87.03,-16.45,3,1,1,3/12,,42.03-51.89,-13.59,14.000000000000002,0.1,0.1,Sell ALL,1.20 million,N/A,N/A,1,49.28,64.01,1.11,0.69,1.07
SONY,29.85,21.32,129.29,26.26,4,0.22,0.79,4/12,buy,15.022-25.78,-17.45,17.0,34.06,31.41,Sell ALL,5.20 million,Technology,Consumer Electronics,0.788,23.31,28.15,1.09,0.76,0.33
MELI,30.26,1826.11,182.67,18.6,4,3.03,0.46,4/12,buy,1324.99-2374.54,-16.2,23.0,3000.0,2752.07,Sell ALL,471.26 thousand,Consumer Cyclical,Internet Retail,1.624,2007.71,2469.49,1.1,0.74,0.47
CVX,33.83,136.93,97.39,-27.95,5,0.04,0.02,5/12,strongBuy,134.87-168.96,-15.84,19.0,203.0,189.75,Sell ALL,10.07 million,Energy,Oil & Gas Integrated,0.913,156.92,190.26,1.15,0.72,0.32
CVS,33.96,67.63,57.92,83.12,5,-0.1,0.04,5/12,buy,43.56-74.85,2.82,10.0,86.0,79.23,- Buy time -,13.05 million,Healthcare,Healthcare Plans,0.569,63.61,77.19,0.94,0.88,0.35
UVXY,36.16,47.69,201.18,388.41,5,1,1,5/12,,17.27-65.87,57.83,28.000000000000004,0.1,0.1,Buy,25.30 million,N/A,N/A,1,24.15,30.88,0.51,1.54,0.72
UBT,40.98,17.12,98.0,21.19,6,1,1,6/12,,15.9-23.14,-8.67,26.0,0.1,0.1,Sell ALL,324.33 thousand,N/A,N/A,1,17.79,22.61,1.04,0.76,2.5
SBI,49.59,7.48,38.49,-5.17,8,1,1,8/12,,7.45-8.29,-6.11,10.0,0.1,0.1,Sell ALL,60.97 thousand,Financial Services,Asset Management,0.369,7.8,9.58,1.04,0.78,0.71
SHLD,50.29,44.64,123.97,46.54,8,1,1,8/12,,32.67-48.795,5.35,9.0,0.1,0.1,Sell ALL,567.05 thousand,N/A,N/A,1,43.23,53.06,0.97,0.84,0.48
MGOL,56.82,0.47,-493.6,2683.43,0,1,1,0/6,,0.1-18.3,73.23,97.0,0.1,0.1,mere Buy (some sold),160.06 million,Communication Services,Advertising Agencies,7.266,0.51,2.65,1.09,0.18,2.5
GF,63.24,8.89,134.85,40.11,10,1,1,10/12,,7.74-10.65,-1.69,17.0,0.1,0.1,Sell ALL,59.97 thousand,Financial Services,Asset Management,0.984,9.17,11.06,1.03,0.8,0.71
MULN,383.4,0.05,-770.85,-1105.32,-25,1,1,-25/12,,0.048-47100.0,-5102.43,100.0,0.1,0.1,== less Sell ALL==,76.57 million,Consumer Cyclical,Auto Manufacturers,1.338,11.36,100.63,227.2,0.0,2.5
RDVT,0.34,34.9,195.29,21.59,-1,-0.01,-0.04,-1/12,buy,16.56-43.44,-16.39,20.0,46.0,46.0,Sell ALL,110.54 thousand,Technology,Software - Application,1.574,38.43,47.14,1.1,0.74,0.59
CKPT,9.49,3.95,20.05,104.2,1,-0.58,-3.2,1/12,buy,1.38-4.5,27.59,12.0,4.8,4.57,Sell ALL,6.52 million,Healthcare,Biotechnology,1.216,3.43,6.33,0.87,0.62,2.5
IBM,10.77,221.03,100.08,11.32,1,0.21,0.07,1/12,hold,162.62-266.45,-14.21,17.0,320.0,287.02,Sell ALL,6.14 million,Technology,Information Technology Services,0.662,246.95,295.41,1.12,0.75,0.41
HCI,15.2,137.65,88.97,46.61,2,2.61,0.94,2/12,buy,83.65-151.88,4.35,9.0,165.0,161.62,Sell ALL,112.54 thousand,Financial Services,Insurance - Property & Casualty,1.109,130.23,160.61,0.95,0.86,0.39
TATASTEEL.NS,15.22,130.28,95.91,3.28,2,0.02,2.26,2/13,buy,122.62-184.6,-3.08,28.999999999999996,185.0,169.08,Sell ALL,37.25 million,Basic Materials,Steel,1.087,139.93,168.94,1.07,0.77,0.38
NVDQ,16.65,4.59,403.2,149.63,2,1,1,2/12,,2.44-18.75,32.64,75.0,0.1,0.1,- Buy time -,62.34 million,N/A,N/A,1,3.52,4.26,0.77,1.08,0.24
SO,20.56,86.86,25.43,18.92,3,0.08,0.05,3/12,hold,67.53-94.45,-3.37,8.0,104.0,97.64,Sell ALL,5.86 million,Utilities,Utilities - Regulated Electric,0.372,87.54,105.66,1.01,0.82,0.27
KR,20.57,66.37,47.12,31.33,3,0.03,0.03,3/12,hold,49.04-71.93,2.34,8.0,76.0,71.73,- Buy time -,7.88 million,Consumer Defensive,Grocery Stores,0.593,64.67,79.85,0.97,0.83,0.42
EVX,20.83,31.9,95.2,-22.5,3,1,1,3/12,,31.39-178.35,-13.23,82.0,0.1,0.1,Sell ALL,9.64 thousand,N/A,N/A,1,35.51,42.84,1.11,0.74,0.95
IMAX,22.48,22.57,96.74,1.86,3,0.1,0.44,3/12,buy,14.94-27.77,-13.42,19.0,35.0,32.35,Sell ALL,1.07 million,Communication Services,Entertainment,0.906,25.45,31.21,1.13,0.72,0.41
GB,25.89,7.27,30.36,-4.86,4,0,0,4/12,buy,4.294-8.0,-0.55,9.0,0.1,0.1,Sell ALL,487.83 thousand,Technology,Software - Infrastructure,0.413,7.32,9.84,1.01,0.74,1.66
PAI,26.25,11.84,61.58,-5.2,4,1,1,4/12,,11.65-13.18,-7.9,10.0,0.1,0.1,Sell ALL,22.13 thousand,Financial Services,Asset Management,0.481,12.64,15.43,1.07,0.77,0.88
MLYS,30.35,11.77,81.57,115.55,4,-0.2,-0.26,4/12,buy,8.241-18.38,22.34,36.0,52.0,46.0,Sell ALL,1.97 million,Healthcare,Biotechnology,1,12.43,19.04,1.06,0.62,2.5
PRA,33.68,23.06,5.75,145.21,5,0.36,2.14,5/12,hold,10.76-23.43,32.18,2.0,25.0,22.67,Sell ALL,2.08 million,Financial Services,Insurance - Property & Casualty,1,17.19,36.52,0.75,0.63,2.5
RDUS,41.8,28.53,90.74,385.17,6,-0.99,-3.14,6/12,hold,10.57-29.2,51.52,2.0,0.1,0.1,Sell ALL,831.86 thousand,Basic Materials,Steel,1.064,17.04,23.87,0.6,1.2,0.92
ATSG,45.14,22.48,76.85,5.17,7,0.08,0.18,7/12,hold,11.69-22.49,0.67,0.0,22.5,22.5,Buy time,1.45 million,Industrials,Airlines,0.89,22.32,28.35,0.99,0.79,1.34
LTC,50.83,32.83,79.27,-5.66,8,0.05,0.1,8/12,hold,31.14-39.89,-5.7,18.0,42.0,39.64,Sell ALL,377.23 thousand,Real Estate,REIT - Healthcare Facilities,0.743,34.89,42.07,1.06,0.78,0.3
HDB,56.51,63.81,71.02,25.02,9,0.54,1.08,9/12,buy,54.99-68.5,3.43,7.000000000000001,77.0,75.33,Sell ALL,3.61 million,Financial Services,Banks - Regional,0.671,61.45,75.01,0.96,0.85,0.39
CME,56.93,255.03,75.44,28.31,9,0.1,0.04,9/12,hold,190.7-273.42,0.98,7.000000000000001,301.0,283.03,Sell ALL,2.91 million,Financial Services,Financial Data & Stock Exchanges,0.447,251.04,309.91,0.98,0.82,0.44
JPM,4.64,216.87,103.46,-28.84,0,1.15,0.29,0/12,hold,179.2-280.25,-21.28,23.0,330.0,295.06,Sell ALL,12.58 million,Financial Services,Banks - Diversified,1.005,255.82,314.34,1.18,0.69,0.4
AR,5.58,32.24,231.51,-34.66,0,0.23,0.13,0/12,hold,24.53-42.63,-13.83,24.0,63.0,54.25,Sell ALL,6.55 million,Energy,Oil & Gas E&P,3.092,38.84,47.17,1.2,0.68,0.52
ZIM,7.33,11.71,172.0,-48.13,0,3.31,0.63,0/12,strongSell,9.75-30.15,-41.96,61.0,22.0,18.68,Sell ALL,6.45 million,Industrials,Marine Shipping,1.753,15.58,18.71,1.33,0.63,0.2
XLP,8.39,76.35,92.07,1.57,1,1,1,1/12,,72.93-84.53,-8.24,10.0,0.1,0.1,Sell ALL,16.72 million,N/A,N/A,1,80.25,99.44,1.05,0.77,0.48
YYAI,10.68,0.66,-60.86,-56.9,2,1,1,2/12,,0.35-53.0,0.0,99.0,0.1,0.1,mere Sell (some bought),679.26 thousand,Consumer Cyclical,Leisure,0.984,0.73,0.9,1.11,0.73,0.62
SRAD,11.14,20.74,201.54,22.76,1,0.02,0.79,1/12,buy,9.17-23.6,-4.19,12.0,32.420628,29.35,Sell ALL,1.30 million,Technology,Software - Application,2.102,21.77,26.75,1.05,0.78,0.42
CPHI,13.24,0.14,74.75,-51.96,1,-2.0,-0.33,1/12,,0.12-0.41,-55.56,67.0,0.1,0.1,Sell ALL,683.33 thousand,Healthcare,Drug Manufacturers - Specialty & Generic,0.897,0.23,0.27,1.64,0.52,0.91
KO,14.96,68.42,32.03,30.24,2,0.05,0.1,2/12,buy,57.93-73.95,-3.32,7.000000000000001,85.0,80.06,Sell ALL,20.28 million,Consumer Defensive,Beverages - Non-Alcoholic,0.454,67.75,81.74,0.99,0.84,0.27
AE,22.66,37.98,87.29,18.2,3,-1.86,-5.29,3/4,hold,22.3-38.0,0.13,0.0,38.0,38.0,Buy time,44.30 thousand,Energy,Oil & Gas Refining & Marketing,1,37.86,44.76,1.0,0.85,2.32
EPD,27.65,29.09,70.4,-31.01,4,0.05,0.06,4/12,buy,27.37-34.63,-14.85,16.0,40.0,38.44,Sell ALL,6.42 million,Energy,Oil & Gas Midstream,0.759,33.59,41.61,1.15,0.7,0.7
FLGT,37.8,17.05,117.48,0.92,6,0.87,4.12,6/12,hold,14.57-25.11,9.38,32.0,24.0,22.0,Sell ALL,454.81 thousand,Healthcare,Diagnostics & Research,1.367,17.39,21.04,1.02,0.81,0.22
CELH,38.5,33.89,139.93,71.97,6,0.03,-1.0,6/12,buy,21.1-98.85,24.2,66.0,58.0,48.97,Sell ALL,8.73 million,Consumer Defensive,Beverages - Non-Alcoholic,1.567,27.97,33.91,0.83,1.0,0.24
CBOE,44.87,208.13,61.34,20.76,7,0.01,0.0,7/12,hold,166.13-234.37,-1.28,11.0,260.0,240.5,Sell ALL,953.01 thousand,Financial Services,Financial Data & Stock Exchanges,0.468,211.97,259.6,1.02,0.8,0.38
CUB,75.31,10.26,85.4,3.49,12,1,1,12/12,,9.96-10.55,0.68,3.0,0.1,0.1,Buy time,132.31 thousand,Financial Services,Shell Companies,1,10.19,29.18,0.99,0.35,2.5
LRCX,0.92,60.25,227.21,-46.06,-1,0.08,0.1,-1/12,buy,56.32-113.0,-26.99,47.0,125.0,110.29,Sell ALL,15.73 million,Technology,Semiconductor Equipment & Materials,1.531,78.52,92.27,1.3,0.65,0.61
EHC,2.9,97.91,60.49,15.05,0,0.24,0.23,0/12,buy,78.53-104.55,-2.11,6.0,125.0,121.12,Sell ALL,853.40 thousand,Healthcare,Medical Care Facilities,0.756,99.31,120.77,1.01,0.81,0.37
E,3.7,25.19,69.0,-21.6,0,1,1,0/12,hold,25.07-33.71,-13.08,25.0,33.25,32.93,Sell ALL,314.73 thousand,Energy,Oil & Gas Integrated,0.918,28.82,35.45,1.14,0.71,0.75
PEN,9.65,255.82,56.55,8.65,1,0.24,0.32,1/12,buy,148.0-310.0,-11.58,17.0,340.0,325.18,Sell ALL,508.72 thousand,Healthcare,Medical Devices,0.56,275.54,333.26,1.08,0.77,0.23
AMDD,10.44,34.29,66.22,158.16,1,1,1,1/8,,23.8238-34.5,24.63,1.0,0.1,0.1,Buy time,3.75 thousand,N/A,N/A,1,27.98,35.11,0.82,0.98,2.5
AMPL,14.5,8.48,168.35,-39.58,1,0.04,4.67,1/12,hold,7.37-14.88,-48.47,43.0,17.0,16.1,Sell ALL,998.02 thousand,Technology,Software - Application,1.403,11.93,14.25,1.41,0.6,0.36
EPHE,15.2,24.13,75.94,-1.06,2,1,1,2/12,,23.08-30.0,0.54,20.0,0.1,0.1,Sell ALL,148.03 thousand,N/A,N/A,1,24.63,29.64,1.02,0.81,2.5
LMT,19.89,443.36,39.33,-19.53,3,1.49,0.23,3/12,hold,418.88-618.95,-0.84,28.000000000000004,670.0,595.27,- Buy time -,1.99 million,Industrials,Aerospace & Defense,0.388,461.51,553.29,1.04,0.8,0.39
FIZZ,25.47,41.45,77.46,-11.7,4,-0.04,-0.09,4/12,sell,38.25-53.48,3.91,22.0,42.0,42.0,Buy time,224.25 thousand,Consumer Defensive,Beverages - Non-Alcoholic,0.904,41.48,50.48,1.0,0.82,0.41
RGC,33.23,28.25,-80.33,2578.63,-4,1,1,-4/12,,3.03-69.0,83.72,59.0,0.1,0.1,Sell,188.86 thousand,Healthcare,Drug Manufacturers - Specialty & Generic,1,14.32,53.69,0.51,0.53,2.5
TMF,40.08,40.41,111.71,30.45,6,1,1,6/12,,36.51-64.98,-14.49,38.0,0.1,0.1,Sell ALL,9.25 million,N/A,N/A,1,43.08,53.5,1.07,0.76,0.59
O,51.49,52.27,85.95,0.3,8,-0.2,-0.53,8/12,hold,50.65-64.88,-8.09,19.0,75.0,68.35,Sell ALL,6.63 million,Real Estate,REIT - Retail,0.796,55.72,68.92,1.07,0.76,0.33
FTNT,0.09,88.15,166.65,-6.45,-1,0.24,0.43,-1/12,hold,54.57-114.82,-22.53,23.0,135.0,124.8,Sell ALL,5.95 million,Technology,Software - Infrastructure,1.097,102.2,122.92,1.16,0.72,0.46
TOST,0.3,30.03,181.08,-42.39,-1,0.06,0.43,-1/12,hold,21.32-44.115,-28.54,32.0,60.0,50.77,Sell ALL,7.49 million,Technology,Software - Infrastructure,2.002,38.16,45.38,1.27,0.66,0.28
CPS,0.51,11.16,82.65,-29.55,-1,0.28,-3.24,-1/12,buy,10.91-19.21,-35.66,42.0,20.0,20.0,Sell ALL,355.65 thousand,Consumer Cyclical,Auto Parts,2.557,15.6,19.4,1.4,0.58,0.63
RRR,0.64,37.6,188.31,-41.81,-1,0.4,0.93,-1/12,hold,35.09-62.245,-32.16,40.0,63.0,59.73,Sell ALL,754.34 thousand,Consumer Cyclical,Resorts & Casinos,1.7,47.54,57.64,1.26,0.65,0.45
CHEF,0.66,49.08,177.55,-5.06,-1,0.06,0.15,-1/12,buy,31.96-66.51,-27.51,26.0,73.0,71.38,Sell ALL,641.78 thousand,Consumer Defensive,Food Distribution,1.896,57.46,69.31,1.17,0.71,0.37
TV,0.81,1.6,166.49,-15.11,-1,-15.28,-17.06,-1/12,hold,1.56-3.47,-21.88,54.0,6.7763968,5.04,Sell ALL,2.33 million,Communication Services,Telecom Services,1.444,1.95,2.34,1.22,0.68,0.4
SPOT,1.41,518.35,203.15,50.43,-1,-0.51,-0.28,-1/12,buy,267.76-652.628,-17.3,21.0,770.9555,721.23,Sell ALL,2.86 million,Communication Services,Internet Content & Information,1.753,572.28,713.88,1.1,0.73,0.58
NOVA,1.51,0.27,-240.56,-511.25,-7,2.76,4.09,-7/12,hold,0.251-13.0,-505.4,98.0,14.0,8.1,Sell,26.12 million,Technology,Solar,2.891,1.75,1.63,6.48,0.17,0.31
CUB.NS,1.59,161.89,10.47,-7.73,0,0.4,0.11,0/13,buy,130.4-187.9,0.64,14.000000000000002,220.0,210.52,Sell,2.50 million,Financial Services,Banks - Regional,0.337,164.25,200.25,1.01,0.81,0.38
OCTA,2.23,16.92,42.22,-26.2,0,1,1,0/6,,16.0-20.0,0.64,15.0,0.1,0.1,mere Buy (some sold),260,N/A,N/A,1,17.13,inf,1.01,0.0,2.5
HUM,2.63,281.95,104.22,4.8,0,0.73,0.21,0/12,hold,213.31-406.46,4.4,31.0,402.23,349.85,Buy time,1.91 million,Healthcare,Healthcare Plans,0.63,277.9,340.7,0.99,0.83,0.46
AUR,2.94,5.66,248.09,10.21,-1,0.01,0.05,-1/12,hold,2.1-10.77,-28.45,47.0,15.0,11.72,Sell ALL,18.25 million,Technology,Information Technology Services,2.786,7.55,9.11,1.33,0.62,0.3
FTAI,2.99,89.99,349.59,-92.64,-1,0.08,0.09,-1/12,buy,66.216-181.64,-42.6,50.0,300.0,242.41,Sell ALL,3.14 million,Industrials,Rental & Leasing Services,1.813,116.6,137.88,1.3,0.65,0.3
RTX,3.13,120.46,17.61,7.39,0,0.27,0.2,0/12,hold,99.07-136.17,-10.4,12.0,160.0,150.89,Sell ALL,5.99 million,Industrials,Aerospace & Defense,0.263,128.86,155.33,1.07,0.78,0.28
SSNLF,3.15,40.6,61.08,0.0,0,1,1,0/12,,40.5999-40.5999,0.0,0.0,0.1,0.1,Sell ALL,16,Technology,Consumer Electronics,0.733,40.6,inf,1.0,0.0,2.5
TW,3.64,125.47,74.81,-9.16,0,0.01,0.01,0/12,buy,98.93-152.65,-7.79,18.0,212.0,181.1,Sell ALL,1.27 million,Financial Services,Capital Markets,0.985,135.27,166.42,1.08,0.75,0.53
MD,3.7,13.27,74.19,-5.66,0,0.22,0.6,0/12,hold,6.62-17.67,-11.3,25.0,21.0,19.68,Sell ALL,649.80 thousand,Healthcare,Medical Care Facilities,1.329,14.45,17.32,1.09,0.77,0.23
CHN,3.7,10.69,67.58,-4.92,0,1,1,0/12,,9.29-14.74,-19.55,27.0,0.1,0.1,Sell ALL,48.97 thousand,Financial Services,Asset Management,0.447,12.72,15.45,1.19,0.69,0.94
CVNA,3.98,176.32,376.83,4.53,-1,1.71,5.59,-1/12,hold,67.61-292.84,-32.2,40.0,340.0,300.03,Sell ALL,5.13 million,Consumer Cyclical,Auto & Truck Dealerships,3.617,230.24,287.79,1.31,0.61,0.38
AXON,4.01,504.03,179.54,-22.34,0,0.93,0.69,0/12,buy,273.52-715.99,-4.84,30.0,800.0,730.19,Sell ALL,854.17 thousand,Industrials,Aerospace & Defense,1.134,598.75,716.0,1.19,0.7,0.55
SOXS,4.14,47.02,68.18,333.04,0,1,1,0/12,,16.35-53.43,51.78,12.0,0.1,0.1,Buy,52.66 million,N/A,N/A,1,24.94,31.45,0.53,1.5,0.78
NUS,4.24,6.02,95.1,-23.65,0,0.14,0.63,0/12,hold,5.945-14.0,-31.56,56.99999999999999,0.1,0.1,Sell ALL,765.79 thousand,Consumer Defensive,Household & Personal Products,1.089,7.35,8.9,1.22,0.68,0.32
AER,4.54,88.97,96.29,-15.05,0,0.73,0.28,0/12,buy,81.93-107.36,-15.88,17.0,130.0,125.5,Sell ALL,1.88 million,Industrials,Rental & Leasing Services,1.456,99.9,127.22,1.12,0.7,0.68
MLGO,4.8,18.81,-23.26,1396.87,-4,1,1,-4/12,,1.11-509.6,77.83,96.0,0.1,0.1,Buy,10.13 million,Technology,Software - Infrastructure,1,5.87,10.9,0.31,1.73,2.5
REXR,5.09,31.57,89.48,-46.25,0,0.02,0.09,0/12,hold,31.09-52.61,-29.46,40.0,55.0,49.44,Sell ALL,2.68 million,Real Estate,REIT - Industrial,1.004,40.04,48.26,1.27,0.65,0.31
OKTA,5.1,91.39,193.26,47.71,0,0.13,0.21,0/12,hold,70.56-118.067,0.98,23.0,140.0,128.64,Sell ALL,4.26 million,Technology,Software - Infrastructure,1.068,100.9,126.36,1.1,0.72,0.44
Okta,5.1,91.39,193.26,47.71,0,0.13,0.21,0/12,hold,70.56-118.067,0.98,23.0,140.0,128.64,Sell ALL,4.26 million,Technology,Software - Infrastructure,1.068,100.9,126.36,1.1,0.72,0.44
TPX,5.11,56.71,167.96,5.07,0,0.0,0.0,0/12,buy,45.04-69.87,-12.37,19.0,80.0,77.25,Sell ALL,3.98 million,Consumer Cyclical,Furnishings, Fixtures & Appliances,1.642,62.04,76.03,1.09,0.75,0.43
BYD,5.11,60.8,134.47,-44.09,0,0.29,0.18,0/12,buy,49.34-80.5,-25.1,24.0,100.0,91.54,Sell ALL,1.07 million,Consumer Cyclical,Resorts & Casinos,1.316,73.47,87.17,1.21,0.7,0.38
AILE,5.33,0.42,21.75,0.0,0,0,0,0/12,buy,0.1503-11.59,0.0,96.0,18.0,18.0,Sell ALL,1.03 million,Technology,Software - Infrastructure,0.261,0.42,inf,1.0,0.0,2.5
SIRI,5.63,19.34,91.74,-11.67,0,-9.36,-12.67,0/12,hold,18.69-41.6,-25.08,54.0,32.0,27.98,Sell ALL,5.76 million,Communication Services,Entertainment,0.992,23.84,28.46,1.23,0.68,0.53
APLD,5.88,5.08,480.06,-91.86,-1,0.19,0.98,-1/12,buy,2.36-12.48,-57.48,59.0,20.0,16.22,Sell ALL,30.39 million,Technology,Information Technology Services,5.02,7.98,8.78,1.57,0.58,0.14
ALBT,5.97,3.91,289.3,167.56,-2,1,1,-2/12,,2.11-21.6,-85.42,82.0,0.1,0.1,Sell ALL,85.24 thousand,Real Estate,Real Estate Services,1,5.56,6.93,1.42,0.56,1.2
RDFN,6.0,8.85,315.5,97.08,0,-0.09,-0.44,0/12,hold,5.1-15.29,24.63,42.0,12.5,11.32,Sell ALL,14.29 million,Real Estate,Real Estate Services,2.565,8.93,12.33,1.01,0.72,1.54
MT,6.09,23.47,118.32,34.99,0,-0.06,0.01,0/12,buy,20.52-34.9,-18.19,33.0,36.2,34.11,Sell ALL,3.00 million,Basic Materials,Steel,1.709,28.23,34.27,1.2,0.68,0.41
CRVO,6.56,8.32,70.18,1079.89,-3,-0.31,-0.59,-3/12,hold,1.8-25.92,73.08,68.0,21.0,18.42,Sell ALL,664.84 thousand,Healthcare,Biotechnology,1,4.73,8.84,0.57,0.94,2.22
KANSAINER.NS,6.85,244.27,-1.85,-10.62,1,-0.82,-0.34,1/13,hold,218.2-320.5,5.95,24.0,345.0,314.5,Buy time,311.68 thousand,Basic Materials,Specialty Chemicals,0.357,242.74,288.42,0.99,0.85,0.39
AFRM,7.02,36.45,354.49,-72.37,-1,0.59,2.32,-1/12,hold,22.25-82.527,-75.99,56.00000000000001,85.0,77.02,Sell ALL,8.43 million,Technology,Software - Infrastructure,3.686,59.79,68.69,1.64,0.53,0.34
BANDHANBNK.NS,7.46,150.0,79.29,2.53,1,-1.28,-0.31,1/13,buy,128.16-222.31,11.45,33.0,225.0,201.94,Sell,12.05 million,Financial Services,Banks - Regional,0.805,148.58,180.7,0.99,0.83,0.33
APPS,7.5,2.2,267.7,328.43,-2,0.08,1.44,-2/12,buy,1.18-6.86,-55.91,68.0,4.0,3.38,Sell ALL,5.26 million,Technology,Software - Application,2.482,3.52,4.65,1.6,0.47,0.39
NEA,7.91,10.29,52.19,-17.94,1,1,1,1/12,,10.29-12.06,-12.01,15.0,0.1,0.1,Sell ALL,1.22 million,Financial Services,Asset Management,0.52,11.33,13.97,1.1,0.74,0.48
NEM,8.53,44.96,33.39,38.51,1,0.32,0.3,1/12,buy,36.6-58.72,5.28,23.0,65.43,60.87,Sell ALL,11.75 million,Basic Materials,Gold,0.559,44.73,54.09,0.99,0.83,0.34
MRCY,8.76,42.96,51.24,4.02,1,0.23,4.16,1/12,hold,26.48-52.25,-3.38,18.0,58.0,51.25,Sell ALL,577.40 thousand,Industrials,Aerospace & Defense,0.866,44.39,53.91,1.03,0.8,0.4
SPLV,9.05,68.13,79.11,-2.52,1,1,1,1/12,,62.53-75.43,-9.22,10.0,0.1,0.1,Sell ALL,3.29 million,N/A,N/A,1,72.71,93.9,1.07,0.73,1.27
AFL,9.18,99.77,72.11,-6.97,1,0.42,0.25,1/12,hold,79.31-115.5,-9.72,14.000000000000002,124.0,115.0,Sell ALL,2.12 million,Financial Services,Insurance - Life,0.803,107.25,131.02,1.07,0.76,0.29
SAGE,9.46,6.39,39.92,-28.41,1,0.18,0.13,1/12,hold,4.62-17.045,-14.24,63.0,12.0,10.05,Sell ALL,2.13 million,Healthcare,Biotechnology,0.479,7.53,9.04,1.18,0.71,0.31
LMND,9.49,25.12,258.01,-37.08,0,0.26,0.38,0/12,hold,14.03-53.85,-44.71,53.0,60.0,45.29,Sell ALL,2.37 million,Financial Services,Insurance - Property & Casualty,2.129,35.23,41.73,1.4,0.6,0.36
EBAY,9.66,59.52,141.79,-17.53,1,0.06,0.05,1/12,hold,48.52-71.61,-8.28,17.0,80.0,72.39,Sell ALL,5.69 million,Consumer Cyclical,Internet Retail,1.426,67.31,82.48,1.13,0.72,0.36
PLTR,9.79,77.32,399.14,98.97,0,0.04,0.34,0/12,hold,20.33-125.41,-9.83,38.0,125.0,105.88,Sell ALL,108.20 million,Technology,Software - Infrastructure,2.741,90.93,112.41,1.18,0.69,0.38
JCI,10.88,71.14,131.07,-22.58,1,0.08,0.11,1/12,hold,59.83-91.14,-19.87,22.0,105.0,98.58,Sell ALL,5.00 million,Industrials,Building Products & Equipment,1.233,82.14,98.33,1.15,0.72,0.39
MGRX,10.94,1.6,354.04,-34.97,-2,1,1,-2/12,,1.53-16.8,-158.13,90.0,0.1,0.1,Sell,336.16 thousand,Healthcare,Health Information Services,2.418,3.92,6.26,2.45,0.26,2.5
MMM,11.07,127.16,108.6,-13.12,1,0.22,0.13,1/12,buy,90.17-156.35,-21.99,19.0,184.0,167.29,Sell ALL,5.01 million,Industrials,Conglomerates,1.06,148.79,179.65,1.17,0.71,0.38
OXY,11.08,36.11,86.17,-84.96,1,0.38,0.53,1/12,hold,35.35-71.19,-34.57,49.0,68.0,61.93,Sell ALL,16.16 million,Energy,Oil & Gas E&P,1.034,48.15,57.45,1.33,0.63,0.61
MAG,11.5,12.56,187.7,-27.2,1,-0.05,-0.19,1/12,strongBuy,11.29-18.27,-19.51,31.0,22.0,20.33,Sell ALL,775.09 thousand,Basic Materials,Silver,1.293,15.74,18.88,1.25,0.67,0.3
DASH,12.7,165.75,221.98,3.39,1,0.17,0.76,1/12,buy,99.32-215.245,-19.72,23.0,250.0,234.08,Sell ALL,5.75 million,Communication Services,Internet Content & Information,1.691,192.33,234.54,1.16,0.71,0.59
BOOM,13.12,6.34,92.05,-25.7,1,-0.13,-32.36,1/12,hold,6.065-18.95,-33.75,67.0,17.0,15.12,Sell ALL,227.07 thousand,Industrials,Conglomerates,1.409,8.44,10.18,1.33,0.62,0.47
VSS,14.05,104.23,83.59,-15.24,2,1,1,2/12,,102.76-126.8,-10.57,18.0,0.1,0.1,Sell ALL,816.24 thousand,N/A,N/A,1,116.14,139.63,1.11,0.75,0.4
KXI,14.17,60.73,94.62,10.26,2,1,1,2/12,,57.85-66.31,-5.75,8.0,0.1,0.1,== less Sell ALL==,95.69 thousand,N/A,N/A,1,62.75,76.52,1.03,0.79,0.3
NIO,14.84,3.14,187.24,-55.01,1,-0.76,-0.32,1/12,buy,3.02-7.71,-47.45,59.0,12.340869,8.94,Sell ALL,58.49 million,Consumer Cyclical,Auto Manufacturers,1.735,4.41,5.18,1.4,0.61,0.4
STE,14.98,208.55,78.8,2.47,2,0.01,0.0,2/12,hold,197.82-248.24,-5.14,16.0,265.0,257.56,Sell ALL,619.54 thousand,Healthcare,Medical Devices,0.875,222.26,269.56,1.07,0.77,0.27
TM,15.16,159.32,25.96,-35.98,2,1,1,2/12,strongBuy,155.0-248.47,-13.91,36.0,235.0,230.06,Sell ALL,424.98 thousand,Consumer Cyclical,Auto Manufacturers,0.241,186.38,228.05,1.17,0.7,0.79
SVRA,15.2,2.6,75.14,-7.72,2,-0.02,-0.14,2/12,buy,2.255-5.34,4.23,51.0,16.0,12.72,Sell ALL,1.32 million,Healthcare,Biotechnology,0.516,2.8,3.42,1.08,0.76,0.49
DOX,15.22,80.46,86.07,-6.91,2,0.02,0.01,2/12,buy,74.41-93.34,-7.81,14.000000000000002,111.0,106.96,Sell ALL,718.25 thousand,Technology,Software - Infrastructure,0.598,87.68,106.26,1.09,0.76,0.26
GTBP,15.75,2.32,96.25,-14.84,2,0,0,2/12,strongBuy,1.72-10.66,-2.59,78.0,11.0,11.0,Sell ALL,44.67 thousand,Healthcare,Biotechnology,1.315,2.41,2.92,1.04,0.79,0.24
PP,15.99,26.1,89.67,29.86,2,1,1,2/7,,23.8-32.0199,1.7,18.0,0.1,0.1,mere Buy (some sold),20.06 thousand,N/A,N/A,1,26.0,38.26,1.0,0.68,2.5
MK,15.99,26.1,89.67,29.86,2,1,1,2/7,,16.57-21.24,1.7,-23.0,0.1,0.1,mere Buy (some sold),20.06 thousand,N/A,N/A,1,26.0,38.26,1.0,0.68,2.5
TPL,16.06,1117.49,157.63,-40.08,2,0.25,0.07,2/12,,555.71-1769.14,-27.64,37.0,0.1,0.1,Sell ALL,149.65 thousand,Energy,Oil & Gas E&P,1.455,1358.8,1618.28,1.22,0.69,0.36
TGTX,16.17,35.53,243.17,60.45,2,-0.06,-0.65,2/12,buy,12.93-43.32,15.31,18.0,55.0,49.0,Sell ALL,2.88 million,Healthcare,Biotechnology,2.136,35.21,43.35,0.99,0.82,0.24
ZS,16.36,177.04,121.26,-3.2,2,0.23,0.35,2/12,buy,153.45-217.84,-10.84,19.0,270.0,253.72,Sell ALL,2.52 million,Technology,Software - Infrastructure,1.115,202.82,245.7,1.15,0.72,0.45
FAF,16.41,58.03,117.22,-1.57,2,0.45,0.4,2/12,buy,51.6-70.92,-12.24,18.0,86.0,80.5,Sell ALL,815.24 thousand,Financial Services,Insurance - Specialty,1.247,63.67,77.74,1.1,0.75,0.4
NVD,16.97,42.06,385.66,152.94,2,1,1,2/12,,1.96-171.5,32.52,75.0,0.1,0.1,- Buy time -,5.01 million,N/A,N/A,1,32.09,38.85,0.76,1.08,0.67
V,17.17,308.27,123.83,2.57,2,0.22,0.09,2/12,buy,252.7-366.54,-17.66,16.0,410.0,393.46,Sell ALL,8.08 million,Financial Services,Credit Services,0.943,343.37,424.29,1.11,0.73,0.53
TOI,17.48,1.35,234.12,501.46,1,0,0,1/12,,0.125-1.63,36.89,17.0,0.1,0.1,Buy time,688.27 thousand,Healthcare,Medical Care Facilities,0.238,0.95,1.14,0.7,1.18,0.42
UBER,17.58,65.07,138.1,9.99,2,3.53,7.71,2/12,buy,54.84-87.0,-16.81,25.0,115.0,101.89,Sell ALL,23.30 million,Technology,Software - Application,1.366,73.83,88.95,1.13,0.73,0.26
Uber,17.58,65.07,138.1,9.99,2,3.53,7.71,2/12,buy,54.84-87.0,-16.81,25.0,115.0,101.89,Sell ALL,23.30 million,Technology,Software - Application,1.366,73.83,88.95,1.13,0.73,0.26
XOS,17.86,2.87,149.83,6.01,1,0.05,0.02,1/12,strongBuy,2.76-9.22,-58.19,69.0,8.0,7.17,Sell ALL,41.99 thousand,Industrials,Farm & Heavy Construction Machinery,1.798,3.67,4.64,1.28,0.62,1.1
PSX,18.48,92.87,109.74,-47.47,2,0.46,0.57,2/12,buy,91.18-169.41,-39.65,45.0,162.0,150.49,Sell ALL,4.01 million,Energy,Oil & Gas Refining & Marketing,1.157,123.08,146.02,1.33,0.64,0.41
DVN,18.74,26.8,170.86,-72.56,2,0.16,0.16,2/12,buy,26.41-55.09,-34.19,51.0,66.0,56.85,Sell ALL,11.51 million,Energy,Oil & Gas E&P,1.549,35.21,41.94,1.31,0.64,0.53
OPK,19.31,1.46,148.83,5.62,2,0.23,2.42,2/12,strongBuy,1.15-2.04,-19.18,28.000000000000004,8.5,6.25,Sell ALL,6.08 million,Healthcare,Diagnostics & Research,1.786,1.71,2.15,1.17,0.68,0.89
GD,20.19,254.4,56.53,-8.01,3,-0.05,-0.02,3/12,hold,239.2-316.9,0.71,20.0,335.0,310.97,Sell ALL,2.33 million,Industrials,Aerospace & Defense,0.429,262.32,318.04,1.03,0.8,0.58
SLDB,20.4,2.67,263.73,16.44,0,-0.35,-0.48,0/12,buy,2.61-11.99,-109.36,78.0,20.0,18.35,Sell ALL,6.91 million,Healthcare,Biotechnology,2.07,4.56,8.03,1.71,0.33,2.5
SEDG,20.4,12.39,226.53,-17.11,2,-15.55,-9.49,2/12,hold,10.24-72.12,-33.14,83.0,31.0,24.05,Sell ALL,4.08 million,Technology,Solar,1.632,16.01,19.06,1.29,0.65,0.29
CL,20.55,88.6,52.09,6.37,3,0.05,0.05,3/12,hold,85.32-109.3,-2.9,19.0,110.0,103.98,Sell ALL,5.85 million,Consumer Defensive,Household & Personal Products,0.396,91.03,109.91,1.03,0.81,0.31
VEA,20.56,45.65,86.89,-6.65,3,1,1,3/12,,45.14-53.4,-11.36,15.0,0.1,0.1,Sell ALL,17.16 million,N/A,N/A,1,50.64,62.68,1.11,0.73,0.58
SNDK,20.57,32.35,187.07,17.3,1,1,1,1/8,hold,27.885-58.36,-63.83,45.0,84.0,73.06,Sell ALL,5.23 million,N/A,N/A,1,48.64,57.29,1.5,0.56,2.5
PLYA,21.15,13.31,75.92,20.72,3,0.22,2.12,3/12,hold,6.95-13.4,-0.3,1.0,13.81,13.64,Sell ALL,3.90 million,Consumer Cyclical,Resorts & Casinos,0.911,13.07,16.23,0.98,0.82,0.78
SNY,21.42,49.86,50.31,11.59,3,0.1,0.04,3/12,buy,45.22-60.12,-9.25,17.0,67.0,65.42,Sell ALL,2.89 million,Healthcare,Drug Manufacturers - General,0.482,55.04,67.49,1.1,0.74,0.26
BR,21.7,217.22,115.05,-9.42,3,0.1,0.08,3/12,hold,188.3-247.01,-10.61,12.0,275.0,259.71,Sell ALL,637.25 thousand,Technology,Information Technology Services,1.069,238.29,290.6,1.1,0.75,0.31
KHC,21.71,27.69,42.01,-4.31,3,0.07,0.09,3/12,hold,27.25-38.96,-9.49,28.999999999999996,56.91,44.75,Sell ALL,12.94 million,Consumer Defensive,Packaged Foods,0.418,30.01,36.31,1.08,0.76,0.29
X,22.09,44.05,222.76,57.91,3,0.22,0.68,3/12,hold,26.92-45.5,8.69,3.0,45.0,43.9,Buy time,6.46 million,Basic Materials,Steel,1.794,39.4,47.83,0.89,0.92,0.25
x,22.09,44.05,222.76,57.91,3,0.22,0.68,3/12,hold,26.92-45.5,8.69,3.0,45.0,43.9,Buy time,6.46 million,Basic Materials,Steel,1.794,39.4,47.83,0.89,0.92,0.25
LFT,22.44,2.33,85.45,-12.45,3,0.03,0.28,3/12,hold,2.22-2.84,-16.17,18.0,3.25,3.12,Sell ALL,128.60 thousand,Real Estate,REIT - Mortgage,0.893,2.64,3.31,1.13,0.7,0.7
BIDU,22.55,76.86,62.16,0.47,3,4.44,0.35,3/12,buy,75.55-116.25,-12.48,34.0,155.78049,132.37,Sell ALL,7.28 million,Communication Services,Internet Content & Information,0.322,91.28,112.09,1.19,0.69,0.5
ADT,22.63,7.54,146.97,22.81,3,0.04,0.24,3/12,hold,6.1-8.39,-7.83,10.0,9.5,9.3,Sell ALL,15.95 million,Industrials,Security & Protection Services,1.432,7.75,9.54,1.03,0.79,0.41
TMUS,22.68,246.3,89.89,42.22,3,0.48,0.2,3/12,buy,159.14-276.49,-9.5,11.0,300.0,279.6,Sell ALL,5.22 million,Communication Services,Telecom Services,0.627,253.32,310.36,1.03,0.79,0.43
LLY,23.6,726.24,76.82,0.59,3,-0.04,-0.15,3/12,buy,677.09-972.53,-26.77,25.0,1190.0,1100.74,Sell ALL,4.58 million,Healthcare,Drug Manufacturers - General,0.504,846.02,1011.25,1.16,0.72,0.2
HE,23.69,9.36,119.09,36.52,3,-0.27,-0.62,3/12,hold,7.61-18.19,-16.99,49.0,14.0,12.82,Sell ALL,3.24 million,Utilities,Utilities - Regulated Electric,0.519,10.3,12.32,1.1,0.76,0.16
GE,23.73,169.37,123.75,-1.95,3,0.3,0.28,3/12,buy,146.78-214.21,-21.98,21.0,261.0,242.15,Sell ALL,7.47 million,Industrials,Aerospace & Defense,1.055,201.01,243.72,1.19,0.69,0.53
PFC,23.83,28.04,141.22,71.28,3,0.16,0.32,3/7,hold,18.63-29.64,3.03,5.0,25.25,25.25,Sell ALL,623.97 thousand,Financial Services,Banks - Regional,1.215,27.8,37.95,0.99,0.74,2.01
RKT,25.54,13.19,291.18,69.78,3,0.01,0.44,3/12,hold,10.06-21.38,-0.44,38.0,18.0,16.3,Sell ALL,10.96 million,Financial Services,Mortgage Finance,2.356,13.1,17.38,0.99,0.76,1.33
NOC,25.65,491.97,54.77,12.69,4,0.97,0.16,4/12,hold,418.6-555.57,6.56,11.0,600.0,574.85,Sell ALL,1.11 million,Industrials,Aerospace & Defense,0.193,487.05,588.34,0.99,0.84,0.3
DHY,25.68,1.93,49.08,-20.39,4,1,1,4/12,,1.82-2.27,-10.57,15.0,0.1,0.1,Sell ALL,441.38 thousand,Financial Services,Asset Management,0.589,2.13,2.63,1.1,0.73,0.49
CNC,25.74,62.4,66.71,-1.22,4,0.52,0.77,4/12,buy,55.03-80.59,6.79,23.0,93.0,86.14,- Buy time -,5.29 million,Healthcare,Healthcare Plans,0.532,61.63,74.12,0.99,0.84,0.37
JEQ,26.08,5.73,79.6,17.64,4,1,1,4/12,,5.27-6.77,-0.35,15.0,0.1,0.1,Sell ALL,58.88 thousand,Financial Services,Asset Management,0.769,5.97,7.34,1.04,0.78,0.78
HCP,26.2,34.37,99.62,0.01,4,0.16,45.35,4/6,hold,23.0-34.845,0.38,1.0,35.0,35.0,Buy time,2.98 million,Technology,Software - Infrastructure,1.185,34.35,41.06,1.0,0.84,0.21
UL,26.52,57.9,38.57,18.48,4,1,1,4/12,buy,46.46-65.87,2.25,12.0,72.99814,70.36,Sell ALL,4.01 million,Consumer Defensive,Household & Personal Products,0.224,57.72,71.2,1.0,0.81,0.68
MGTX,26.67,5.24,156.4,3.94,3,0.03,0.06,3/12,buy,3.85-8.75,-36.07,40.0,38.0,30.8,Sell ALL,458.66 thousand,Healthcare,Biotechnology,1.218,6.75,8.2,1.29,0.64,0.36
AMDS,26.79,23.41,130.1,122.0,4,1,1,4/12,,10.98-23.719,19.27,1.0,0.1,0.1,- Buy time -,37.03 thousand,N/A,N/A,1,17.92,21.56,0.77,1.09,0.52
ACt,27.11,31.91,56.23,4.32,4,0.08,0.07,4/12,hold,28.98-37.42,-7.74,15.0,40.0,39.1,Sell ALL,295.67 thousand,Financial Services,Insurance - Specialty,0.567,33.83,41.17,1.06,0.78,0.34
BKH,27.15,56.74,60.07,4.9,4,-0.09,-0.24,4/12,hold,50.73-65.59,-7.83,13.0,76.0,70.5,Sell ALL,530.70 thousand,Utilities,Utilities - Regulated Gas,0.625,59.48,72.22,1.05,0.79,0.22
PG,27.2,158.39,63.27,0.64,4,0.05,0.03,4/12,buy,153.52-180.43,-9.75,12.0,200.0,188.62,Sell ALL,8.82 million,Consumer Defensive,Household & Personal Products,0.419,169.79,205.16,1.07,0.77,0.22
NOK,27.43,4.65,64.67,13.01,4,0.04,0.27,4/12,hold,3.29-5.48,-3.23,15.0,7.0,6.34,Sell ALL,24.31 million,Technology,Communication Equipment,0.776,4.94,5.97,1.06,0.78,0.59
AON,27.97,360.23,74.15,0.07,4,0.42,0.14,4/12,hold,268.06-412.97,-13.57,13.0,468.0,436.65,Sell ALL,1.41 million,Financial Services,Insurance Brokers,0.816,389.75,477.98,1.08,0.75,0.42
FNF,28.3,58.31,109.16,18.76,4,0.01,0.02,4/12,buy,46.85-66.72,-9.81,13.0,77.0,74.3,Sell ALL,1.43 million,Financial Services,Insurance - Specialty,1.129,60.59,73.12,1.04,0.8,0.31
PM,28.32,149.23,59.44,69.14,4,0.14,0.08,4/12,buy,87.82-163.08,-3.14,8.0,175.0,163.66,Sell ALL,6.98 million,Consumer Defensive,Tobacco,0.491,143.95,175.53,0.96,0.85,0.48
F,28.61,8.69,150.83,-18.59,4,0.09,0.24,4/12,hold,8.55-14.85,-9.9,41.0,17.0,13.72,Sell ALL,121.32 million,Consumer Cyclical,Auto Manufacturers,1.433,9.78,11.89,1.13,0.73,0.47
JWN,28.97,23.11,198.96,-9.26,4,0.28,0.69,4/12,hold,17.2-24.99,-4.29,8.0,25.0,24.5,Sell ALL,3.52 million,Consumer Cyclical,Department Stores,2.313,24.15,31.27,1.05,0.74,1.58
TTWO,29.02,196.25,158.56,28.45,4,0.22,0.23,4/12,buy,135.24-220.93,-8.02,11.0,270.0,243.46,Sell ALL,1.96 million,Communication Services,Electronic Gaming & Multimedia,1.01,203.47,246.32,1.04,0.8,0.4
PRCH,30.13,5.23,359.64,94.91,3,0.12,0.48,3/12,buy,1.05-8.485,-33.65,38.0,10.0,9.0,Sell ALL,2.35 million,Technology,Software - Application,2.147,5.87,7.24,1.12,0.72,0.34
ACR,30.33,17.76,197.48,15.12,4,-0.05,-0.13,4/12,strongBuy,12.33-23.81,-18.07,25.0,26.0,25.0,Sell ALL,43.95 thousand,Real Estate,REIT - Mortgage,1.561,20.07,24.21,1.13,0.73,0.44
UNH,31.13,553.08,64.0,8.25,5,0.19,0.03,5/12,buy,436.38-630.73,14.49,12.0,700.0,664.96,Buy time,5.77 million,Healthcare,Healthcare Plans,0.618,523.4,645.83,0.95,0.86,0.63
ARB,31.78,27.94,84.3,1.58,5,1,1,5/12,,25.81-28.49,-0.88,2.0,0.1,0.1,Sell ALL,13.25 thousand,N/A,N/A,1,28.11,35.1,1.01,0.8,0.8
FAST,33.06,71.2,89.22,-5.81,5,-0.01,-0.03,5/12,hold,61.36-84.88,-6.36,16.0,85.0,80.06,Sell ALL,3.67 million,Industrials,Industrial Distribution,1.039,76.17,93.12,1.07,0.76,0.42
DHS,33.11,87.71,95.36,-13.04,5,1,1,5/12,,81.74-101.06,-13.36,13.0,0.1,0.1,Sell ALL,49.63 thousand,N/A,N/A,1,96.76,122.33,1.1,0.72,1.0
VXX,33.55,85.42,167.43,238.19,5,1,1,5/12,,39.98-91.12,46.35,6.0,0.1,0.1,- Buy time -,10.33 million,N/A,N/A,1,51.2,66.85,0.6,1.28,0.97
CDX,33.73,22.43,84.67,8.34,5,1,1,5/12,,21.34-25.59,-1.56,12.0,0.1,0.1,Sell ALL,117.31 thousand,N/A,N/A,1,22.62,33.54,1.01,0.67,2.5
GOLD,33.86,17.52,68.64,36.17,5,0.03,0.07,5/12,hold,15.11-21.35,-1.31,18.0,31.5,27.28,Sell ALL,26.21 million,Basic Materials,Gold,0.693,17.9,21.58,1.02,0.81,0.33
Gold,33.86,17.52,68.64,36.17,5,0.03,0.07,5/12,hold,15.11-21.35,-1.31,18.0,31.5,27.28,Sell ALL,26.21 million,Basic Materials,Gold,0.693,17.9,21.58,1.02,0.81,0.33
DAG,33.96,2.5,83.33,23.43,5,1,1,5/12,,1.93504-8210.0,0.0,100.0,0.1,0.1,Sell,233,N/A,N/A,1,2.42,inf,0.97,0.0,2.5
STNE,35.34,10.43,232.89,73.66,5,0.46,0.25,5/12,buy,7.72-17.93,11.31,42.0,18.379023,15.5,Sell ALL,9.56 million,Technology,Software - Infrastructure,2.049,9.79,12.47,0.94,0.84,0.57
XP,36.64,12.69,224.61,35.53,5,-0.01,-0.0,5/12,hold,10.82-25.435,-11.51,50.0,23.626389,20.46,Sell ALL,8.10 million,Financial Services,Capital Markets,1.343,14.18,16.9,1.12,0.75,0.29
TLT,38.37,88.35,94.91,12.93,6,1,1,6/12,,84.89-101.64,-3.92,13.0,0.1,0.1,Sell ALL,48.96 million,N/A,N/A,1,89.5,109.72,1.01,0.81,0.67
AVA,38.74,39.55,34.26,30.78,6,0.09,0.84,6/12,hold,33.0-43.09,-1.06,8.0,49.0,44.8,Sell ALL,783.61 thousand,Utilities,Utilities - Diversified,0.371,38.34,46.57,0.97,0.85,0.31
CMS,38.74,70.19,39.81,21.67,6,0.06,0.08,6/12,hold,56.61-76.45,-4.07,8.0,80.0,76.9,Sell ALL,2.63 million,Utilities,Utilities - Regulated Electric,0.341,70.61,85.45,1.01,0.82,0.24
BTI,38.85,39.55,53.39,33.88,6,1,1,6/12,hold,28.25-42.74,3.36,7.000000000000001,51.0,47.77,Sell ALL,5.70 million,Consumer Defensive,Tobacco,0.188,38.92,47.41,0.98,0.83,0.58
KMB,39.04,133.28,50.8,18.81,6,0.11,0.06,6/12,hold,123.84-150.45,-5.61,11.0,168.0,156.37,Sell ALL,2.43 million,Consumer Defensive,Household & Personal Products,0.393,136.71,166.35,1.03,0.8,0.21
XOM,39.14,100.77,66.11,-16.81,6,0.17,0.1,6/12,hold,98.46-126.34,-10.48,20.0,144.0,135.9,Sell ALL,19.61 million,Energy,Oil & Gas Integrated,0.579,110.62,134.29,1.1,0.75,0.33
WM,39.35,216.47,58.16,14.03,6,-0.02,-0.02,6/12,hold,196.59-239.32,-7.14,10.0,274.0,255.77,Sell ALL,2.08 million,Industrials,Waste Management,0.671,224.79,274.42,1.04,0.79,0.38
JNJ,39.52,150.0,54.29,13.59,6,0.24,0.11,6/12,hold,140.68-169.99,-10.01,12.0,190.0,180.56,Sell ALL,11.00 million,Healthcare,Drug Manufacturers - General,0.48,157.82,191.24,1.05,0.78,0.29
APLU,39.67,24.54,86.94,5.86,6,1,1,6/12,,24.163-25.21,-1.49,3.0,0.1,0.1,Sell ALL,88.69 thousand,N/A,N/A,1,24.68,40.69,1.01,0.6,2.5
AMGN,40.58,280.26,124.99,17.7,6,0.7,0.14,6/12,hold,253.3-346.85,-9.92,19.0,408.0,362.78,Sell ALL,3.33 million,Healthcare,Drug Manufacturers - General,0.581,300.64,366.68,1.07,0.76,0.32
DB,40.61,19.85,209.91,35.35,6,1,1,6/12,,13.7-25.33,-8.26,22.0,0.1,0.1,Sell ALL,5.50 million,Financial Services,Banks - Regional,1.077,21.52,27.93,1.08,0.71,0.64
SPXU,43.52,35.27,149.39,151.66,7,1,1,7/12,,19.89-38.63,38.64,9.0,0.1,0.1,- Buy time -,16.92 million,N/A,N/A,1,23.84,29.32,0.68,1.2,0.47
PSQ,43.6,45.55,102.08,57.93,7,1,1,7/12,,35.57-47.24,17.57,4.0,0.1,0.1,- Buy time -,7.38 million,N/A,N/A,1,38.53,49.4,0.85,0.92,1.08
HII,44.09,187.54,95.02,-2.91,7,-1.13,-0.3,7/12,hold,158.88-285.81,6.38,34.0,312.0,258.84,Sell ALL,997.72 thousand,Industrials,Aerospace & Defense,0.33,192.53,235.26,1.03,0.8,0.27
SH,44.31,49.94,106.49,47.97,7,1,1,7/12,,11.24-51.37,16.02,3.0,0.1,0.1,- Buy time -,8.90 million,N/A,N/A,1,43.2,55.32,0.87,0.9,1.82
SQQQ,44.35,52.97,133.62,189.22,7,1,1,7/12,,8.47-64.95,41.57,18.0,0.1,0.1,Buy,98.25 million,N/A,N/A,1,33.84,42.4,0.64,1.25,0.85
DUK,44.64,115.95,51.75,25.85,7,-0.09,-0.05,7/12,hold,92.75-125.27,-1.33,7.000000000000001,135.0,129.79,Sell ALL,4.99 million,Utilities,Utilities - Regulated Electric,0.372,115.29,138.12,0.99,0.84,0.21
MO,44.68,55.56,59.41,27.35,7,0.04,0.03,7/12,hold,40.65-60.18,1.26,8.0,73.0,64.96,Sell ALL,10.24 million,Consumer Defensive,Tobacco,0.583,54.43,66.33,0.98,0.84,0.26
BRK-A,45.3,739101.0,81.39,26.77,7,3353.23,0.5,7/12,hold,596000.0-808030.0,-4.86,9.0,836135.0,797334.38,Sell ALL,1.76 thousand,Financial Services,Insurance - Diversified,0.802,740069.83,885052.51,1.0,0.84,0.17
BABA,45.77,99.37,152.21,73.41,6,2.3,0.12,6/12,buy,68.36-148.43,-33.35,33.0,192.61314,177.32,Sell ALL,37.49 million,Consumer Cyclical,Internet Retail,0.235,119.28,142.2,1.2,0.7,0.74
VRTX,45.84,472.37,93.24,39.83,7,0.21,0.05,7/12,buy,377.85-519.88,-1.57,9.0,615.0,556.42,Sell ALL,1.80 million,Healthcare,Biotechnology,0.506,476.55,580.96,1.01,0.81,0.45
STC,46.15,64.1,105.04,17.76,7,0.39,0.42,7/12,buy,58.28-78.44,-10.3,18.0,83.0,81.0,Sell ALL,206.32 thousand,Financial Services,Insurance - Property & Casualty,1.07,67.84,81.8,1.06,0.78,0.23
JNVR,46.21,32.82,118.3,1601.54,2,1,1,2/12,,3.368-48.47,88.27,32.0,0.1,0.1,Buy time,163.03 thousand,Technology,Software - Infrastructure,1,7.49,32.32,0.23,1.02,2.5
WPC,46.31,56.12,108.58,15.6,7,0.04,0.07,7/12,hold,52.91-66.1,-12.79,15.0,68.0,65.45,Sell ALL,1.35 million,Real Estate,REIT - Diversified,0.832,59.39,71.34,1.06,0.79,0.21
BUD,46.56,58.52,88.67,66.95,7,0.32,0.48,7/12,buy,45.94-67.49,-2.26,13.0,79.0,75.32,Sell ALL,2.58 million,Consumer Defensive,Beverages - Brewers,0.843,56.23,68.09,0.96,0.86,0.41
ABBV,46.95,175.67,88.26,7.42,7,0.12,0.05,7/12,buy,153.58-218.66,-18.99,20.0,250.0,230.51,Sell ALL,8.41 million,Healthcare,Drug Manufacturers - General,0.538,197.44,242.93,1.12,0.72,0.38
BACK,50.73,0.05,-365.97,-586.16,-12,-0.32,-0.58,-12/12,,0.04-7.75,-1235.56,99.0,0.1,0.1,Sell,1.14 million,Healthcare,Medical Care Facilities,1.683,0.65,0.88,13.0,0.06,2.5
AZO,51.12,3499.08,99.33,23.35,8,-1.75,-0.06,8/12,buy,2728.97-3916.81,0.17,11.0,4192.0,3985.54,Sell ALL,148.94 thousand,Consumer Cyclical,Specialty Retail,0.544,3518.73,4271.54,1.01,0.82,0.38
AGI,51.67,24.5,113.15,66.77,8,0.0,-0.01,8/12,buy,14.31-27.32,6.69,10.0,31.0,30.06,Sell ALL,3.43 million,Basic Materials,Gold,1.104,23.25,28.13,0.95,0.87,0.34
GILD,52.51,103.19,85.82,39.75,8,0.67,0.42,8/12,buy,62.07-119.96,-10.0,14.000000000000002,140.0,125.83,Sell ALL,10.90 million,Healthcare,Drug Manufacturers - General,0.343,105.57,126.41,1.02,0.82,0.22
XNET,54.13,3.02,382.79,154.54,7,1,1,7/12,,1.46-5.52,-27.81,45.0,0.1,0.1,Sell ALL,1.01 million,Technology,Software - Infrastructure,0.81,3.7,4.59,1.23,0.66,1.16
VGIT,55.92,59.33,86.47,11.36,9,1,1,9/12,,57.03-60.82,0.75,2.0,0.1,0.1,- Buy time -,5.35 million,N/A,N/A,1,58.45,75.93,0.99,0.78,0.89
MPW,56.22,5.01,221.32,77.92,8,-0.82,-13.39,8/12,hold,3.51-6.55,-16.2,24.0,9.0,7.25,Sell ALL,17.23 million,Real Estate,REIT - Healthcare Facilities,1.317,5.32,6.4,1.06,0.78,0.41
CCI,56.98,94.83,97.47,31.26,9,0.47,1.04,9/12,hold,84.2-120.92,2.4,22.0,125.0,117.71,Sell ALL,3.83 million,Real Estate,REIT - Specialty,0.952,94.27,116.07,0.99,0.82,0.2
AXS,57.42,88.57,68.87,6.04,9,0.56,0.22,9/12,buy,60.45-101.42,-8.9,13.0,127.0,117.56,Sell ALL,936.41 thousand,Financial Services,Insurance - Specialty,0.683,93.0,111.45,1.05,0.79,0.21
T,58.34,26.39,107.31,54.51,9,0.06,0.12,9/12,buy,15.94-29.03,-3.87,9.0,32.0,29.85,Sell ALL,49.49 million,Communication Services,Telecom Services,0.589,25.85,31.13,0.98,0.85,0.29
CHKP,58.46,208.2,101.77,37.55,9,0.05,0.02,9/12,hold,145.75-234.36,-5.79,11.0,280.0,258.39,Sell ALL,1.16 million,Technology,Software - Infrastructure,0.625,216.94,261.48,1.04,0.8,0.55
YOSH,61.4,17.58,310.56,799.34,7,1,1,7/12,,2.705-22.5,43.56,22.0,0.1,0.1,Buy,98.91 thousand,Consumer Cyclical,Restaurants,0.762,11.38,14.47,0.65,1.21,0.91
AMZD,62.93,14.46,138.75,68.84,10,1,1,10/12,,10.438-16.84,18.32,14.000000000000002,0.1,0.1,- Buy time -,431.93 thousand,N/A,N/A,1,11.96,15.97,0.83,0.91,1.85
PDI,63.82,17.83,97.21,-6.53,10,1,1,10/12,,16.0-20.9,-10.65,15.0,0.1,0.1,Sell ALL,3.76 million,Financial Services,Asset Management,1,19.35,24.4,1.09,0.73,1.87
HALL,69.28,0.05,320.0,518.06,9,-11.77,-3.31,9/12,,0.0001-0.812,50.0,94.0,0.1,0.1,Sell ALL,45,Financial Services,Insurance - Property & Casualty,1,0.03,inf,0.6,0.0,2.5
TSLS,70.52,12.84,224.73,154.52,11,1,1,11/12,,6.818-31.83,17.89,60.0,0.1,0.1,- Buy time -,14.01 million,N/A,N/A,1,10.31,12.63,0.8,1.02,0.34
FLTR,73.99,25.08,86.86,-1.0,12,1,1,12/12,,24.59-25.58,-1.2,2.0,0.1,0.1,Sell ALL,1.90 million,N/A,N/A,1,25.34,32.23,1.01,0.78,1.08
MSTI,75.07,20.37,85.24,4.26,12,1,1,12/12,,20.13-20.86,-0.25,2.0,0.1,0.1,Sell ALL,507,N/A,N/A,1,20.34,32.68,1.0,0.62,2.15
TVE,79.89,23.35,95.41,13.78,13,-0.33,-2.22,13/12,buy,21.4-25.3,1.16,8.0,7.25,6.24,Sell,23.16 thousand,N/A,N/A,1,22.89,28.67,0.98,0.81,0.48
FUSI,81.32,50.34,85.11,1.48,13,1,1,13/12,,50.24-51.16,-0.11,2.0,0.1,0.1,Sell ALL,14.39 thousand,N/A,N/A,1,50.33,158.8,1.0,0.32,2.5
MNST,81.38,55.01,104.54,27.34,13,-0.17,-0.41,13/12,hold,43.32-60.34,0.65,9.0,65.0,60.84,Sell ALL,9.17 million,Consumer Defensive,Beverages - Non-Alcoholic,0.643,53.45,65.35,0.97,0.84,0.61
AAM,93.31,10.27,86.29,3.88,15,1,1,15/12,,9.96-10.43,0.54,2.0,0.1,0.1,Buy time,23.52 thousand,Financial Services,Shell Companies,1,10.21,14.68,0.99,0.7,2.5
