NOTV,0.02,1.4,152.32,-70.99,-2,-0.66,-3.54,-2/14,buy,1.15-6.48,-49.47,78.0,9.0,7.25,Sell,445.46 thousand,Healthcare,Diagnostics & Research,4.171,1.96,2.23,1.4,0.63,0.08
FWONA,0.05,89.92,51.76,-7.87,-5,0.13,3.34,-5/14,buy,68.0-96.4,1.15,7.000000000000001,110.0,107.83,mere Buy (some sold),93.66 thousand,Communication Services,Entertainment,0.804,92.53,112.03,1.03,0.8,-0.01
GEO,0.06,22.01,41.59,-6.73,-6,0.01,0.09,-6/14,buy,12.29-36.46,-13.1,40.0,45.0,42.38,Buy,2.66 million,Industrials,Security & Protection Services,0.762,23.65,28.13,1.07,0.78,-0.01
CAE,0.09,26.5,111.8,4.44,-6,0.01,0.0,-6/14,hold,17.48-30.13,-8.96,12.0,29.13306,29.13,Sell,579.45 thousand,Industrials,Aerospace & Defense,1.442,27.99,33.27,1.06,0.8,0.06
DSP,0.1,9.52,147.43,-48.84,-4,0.03,10.98,-4/14,buy,9.07-26.33,-44.82,64.0,26.0,22.5,Sell,239.04 thousand,Technology,Software - Application,1.104,12.33,14.61,1.3,0.65,0.12
IKT,0.13,1.52,26.75,-13.25,-8,-0.03,-0.38,-8/14,strongBuy,1.12-4.2,-5.26,64.0,8.0,8.0,== less Sell ALL==,131.62 thousand,Healthcare,Biotechnology,0.921,1.83,2.25,1.2,0.68,0.06
PAM,0.14,60.11,-19.22,-33.52,-3,0.64,0.91,-3/14,hold,55.36-97.55,-24.16,38.0,123.0,110.67,Buy,342.26 thousand,Utilities,Utilities - Independent Power Producers,0.032,71.45,87.38,1.19,0.69,0.63
VIR,0.15,4.76,26.51,-8.87,-8,-0.12,-0.16,-8/14,strongBuy,4.155-14.45,-7.03,67.0,31.0,24.11,Sell,1.33 million,Healthcare,Biotechnology,1.28,5.29,6.45,1.11,0.74,0.04
CRDL,0.19,1.07,72.73,-22.16,-8,0.05,0.43,-8/14,strongBuy,0.771-2.54,-19.37,57.99999999999999,10.025581,9.45,- +Buy time -,720.47 thousand,Healthcare,Drug Manufacturers - Specialty & Generic,0.608,1.32,1.68,1.23,0.64,0.45
KD,0.2,32.18,153.47,-35.34,-5,0.02,0.05,-5/14,strongBuy,22.26-44.2,-14.05,27.0,55.0,50.62,mere Buy (some sold),2.29 million,Technology,Information Technology Services,1.97,36.78,42.96,1.14,0.75,0.01
TBRG,0.28,20.16,76.64,-19.77,-4,0.32,1.1,-4/14,buy,11.39-32.0,-5.26,37.0,28.0,26.38,Buy,117.53 thousand,Healthcare,Health Information Services,0.559,21.67,25.74,1.07,0.78,0.06
FOUR,0.29,85.75,109.28,-13.74,-4,0.27,0.46,-4/14,buy,68.09-127.5,-19.18,33.0,131.0,120.81,Sell,1.22 million,Technology,Software - Infrastructure,1.715,96.95,114.94,1.13,0.75,0.03
RVPH,0.3,0.43,0.0,-56.07,-4,0.04,0.2,-4/14,buy,0.3-4.28,-6.24,90.0,16.0,12.0,mere Sell (some bought),2.16 million,Healthcare,Biotechnology,1,0.51,0.62,1.19,0.69,0.26
SKIL,0.33,13.08,137.73,-5.93,-1,5.97,2.55,-1/14,hold,12.215-34.425,-9.86,62.0,0.1,0.1,Sell ALL,36.38 thousand,Consumer Defensive,Education & Training Services,1.585,15.29,17.98,1.17,0.73,0.05
CBRL,0.34,52.44,89.2,-22.75,-3,0.66,2.01,-3/14,hold,33.85-71.93,-10.21,27.0,69.0,62.0,Buy,923.15 thousand,Consumer Cyclical,Restaurants,1.409,61.18,72.28,1.17,0.73,0.05
SIBN,0.36,15.45,84.6,-7.37,-6,0.11,0.52,-6/14,buy,11.7-20.05,-15.86,23.0,32.0,28.5,Sell,362.48 thousand,Healthcare,Medical Devices,0.813,17.32,20.57,1.12,0.75,0.05
GRRR,0.37,17.75,-49.76,-70.51,-2,0,0,-2/14,buy,3.33-44.15,7.66,60.0,35.0,31.75,mere Buy (some sold),3.06 million,Technology,Software - Infrastructure,1,19.65,25.97,1.11,0.68,0.62
ASTS,0.38,41.08,40.95,-16.71,-1,-0.33,-4.13,-1/14,buy,17.5-60.95,-25.07,33.0,60.0,53.93,Buy,13.18 million,Technology,Communication Equipment,2.421,49.68,59.11,1.21,0.69,0.11
PODC,0.38,1.89,-46.44,24.99,-16,-0.01,-0.3,-16/14,buy,1.1-2.94,14.74,36.0,5.0,4.69,Buy time,92.30 thousand,Communication Services,Internet Content & Information,1,1.97,2.48,1.04,0.76,1.59
EXFY,0.39,1.9,71.72,-47.0,-6,-0.05,-2.26,-6/14,hold,1.6-4.13,-6.56,54.0,5.0,4.08,mere Buy (some sold),672.82 thousand,Technology,Software - Application,1.726,2.17,2.54,1.14,0.75,0.2
BRKR,0.43,31.81,99.65,-34.31,-8,-0.07,-0.18,-8/14,hold,28.53-72.94,-9.17,56.00000000000001,65.0,55.86,Buy time,4.32 million,Healthcare,Medical Devices,1.213,37.87,45.56,1.19,0.7,0.97
GPRK,0.44,6.28,-2.17,-31.05,-6,-0.57,-2.74,-6/14,buy,5.66-11.72,-1.51,46.0,18.0,14.04,Buy,589.57 thousand,Energy,Oil & Gas E&P,0.81,6.8,8.27,1.08,0.76,0.28
SSYS,0.48,9.85,130.52,-5.62,-7,0.03,1.76,-7/14,buy,6.92-12.88,-8.82,24.0,14.0,13.67,mere Buy (some sold),926.62 thousand,Technology,Computer Hardware,1.629,10.86,14.01,1.1,0.7,0.49
SLM,0.48,27.98,97.1,-24.62,-3,0.04,-0.17,-3/14,buy,21.1-34.97,-13.39,20.0,44.0,41.5,Sell,2.36 million,Financial Services,Credit Services,1.12,31.95,38.76,1.14,0.72,0.03
LUNR,0.49,8.98,87.92,-18.38,-5,-0.22,-4.58,-5/14,buy,5.34-24.95,-24.79,64.0,18.5,16.44,Buy,8.17 million,Industrials,Aerospace & Defense,1.377,10.44,12.73,1.16,0.71,0.43
BB,0.49,4.03,64.97,-6.3,-6,0.05,11.75,-6/14,hold,2.24-6.24,6.34,35.0,6.0,5.33,Buy time,14.18 million,Technology,Software - Infrastructure,1.13,4.11,5.16,1.02,0.78,0.14
OPFI,0.5,10.99,85.81,-29.76,-5,0.29,1.03,-5/14,strongBuy,4.16-17.728,6.78,38.0,16.0,15.08,- +Buy time -,1.20 million,Financial Services,Credit Services,1.719,11.74,13.99,1.07,0.79,0.24
UTI,0.51,27.14,139.01,-41.7,-2,0.17,1.45,-2/14,buy,15.14-36.32,-15.39,25.0,40.0,38.8,mere Buy (some sold),557.47 thousand,Consumer Defensive,Education & Training Services,1.655,30.48,35.65,1.12,0.76,0.01
CAVA,0.53,62.56,193.64,-30.95,-4,0.11,0.75,-4/14,buy,62.55-172.43,-40.32,64.0,125.0,108.7,Sell,4.31 million,Consumer Cyclical,Restaurants,2.635,78.27,92.73,1.25,0.67,0.26
CNVS,0.54,3.33,-3.05,2.2,-5,-0.05,2.32,-5/14,buy,0.78-7.39,-59.76,55.00000000000001,10.0,9.25,Sell,390.91 thousand,Communication Services,Entertainment,1.71,5.14,6.27,1.54,0.53,1.34
IMMX,0.55,2.05,-12.65,-7.15,-4,0.02,-0.03,-4/14,strongBuy,1.26-3.2,-23.95,36.0,8.0,8.0,== less Sell ALL==,165.33 thousand,Healthcare,Biotechnology,0.25,2.5,2.98,1.22,0.69,0.14
LZB,0.56,34.08,50.47,-21.39,-2,-0.07,-0.12,-2/14,hold,31.99-48.31,-4.83,28.999999999999996,46.0,43.5,mere Buy (some sold),514.14 thousand,Consumer Cyclical,Furnishings, Fixtures & Appliances,1.245,37.58,44.81,1.1,0.76,0.03
FIP,0.63,4.74,103.98,-42.41,-2,0.87,2.64,-2/14,buy,3.1-9.96,-38.67,52.0,13.0,12.17,Buy,1.62 million,Industrials,Conglomerates,1.999,5.69,6.53,1.2,0.73,0.06
CFLT,0.64,19.91,63.69,-12.44,-7,0.02,0.28,-7/14,buy,15.64-37.9,13.99,47.0,36.0,30.41,mere Buy (some sold),7.73 million,Technology,Software - Infrastructure,0.97,22.34,26.54,1.12,0.75,0.13
BKV,0.67,21.95,68.57,-17.82,-5,0.43,2.49,-5/14,buy,15.0-26.78,6.9,18.0,35.0,31.86,Buy,345.49 thousand,Energy,Oil & Gas E&P,1,22.61,27.51,1.03,0.8,0.14
NVTS,0.68,6.13,182.78,-4.27,-3,0.0,0.03,-3/14,buy,1.52-9.48,-31.32,35.0,8.0,7.37,Buy,20.84 million,Technology,Semiconductors,2.992,7.03,8.38,1.15,0.73,0.01
CNC,0.69,32.53,7.17,-87.68,-2,0.01,-1.62,-2/14,hold,25.08-77.29,19.44,57.99999999999999,70.0,51.97,Buy,15.47 million,Healthcare,Healthcare Plans,0.442,34.93,41.58,1.07,0.78,0.31
DVAX,0.73,9.31,64.63,-13.38,-5,0.03,-1.54,-5/14,buy,9.22-14.63,-19.72,36.0,32.0,27.4,Sell,1.62 million,Healthcare,Drug Manufacturers - Specialty & Generic,1.244,10.54,12.75,1.13,0.73,0.02
HMY,0.73,15.18,0.48,22.02,-3,1,1,-3/14,hold,7.97-18.77,-1.48,19.0,16.0,15.5,- +Buy time -,5.07 million,Basic Materials,Gold,0.333,14.64,17.7,0.96,0.86,0.09
MTEK,0.75,3.21,74.26,11.2,-3,1,1,-3/14,,1.631-6.47,16.51,50.0,0.1,0.1,Buy,93.34 thousand,Technology,Electronic Components,0.784,3.17,3.95,0.99,0.81,0.22
LFVN,0.78,10.56,49.37,-32.21,0,0.1,0.66,0/14,buy,9.83-27.38,-25.38,61.0,18.0,18.0,Sell,123.15 thousand,Consumer Defensive,Packaged Foods,0.42,13.13,15.81,1.24,0.67,0.28
AS,0.8,37.44,72.52,8.97,-5,0.15,2.18,-5/14,buy,14.36-42.36,-3.4,12.0,52.0,48.08,Buy,3.91 million,Consumer Cyclical,Leisure,1,38.49,47.08,1.03,0.8,0.2
YELP,0.82,31.59,76.51,-18.99,-1,0.19,0.42,-1/14,hold,29.96-41.72,-7.31,24.0,40.0,37.22,mere Buy (some sold),787.05 thousand,Communication Services,Internet Content & Information,1.032,33.56,40.0,1.06,0.79,-0.07
ATEN,0.94,17.72,96.64,1.61,-4,0.03,0.16,-4/14,buy,13.58-21.9,-2.21,19.0,25.0,24.0,Buy,881.73 thousand,Technology,Software - Infrastructure,1.363,18.33,21.89,1.03,0.81,-0.02
WLKP,0.94,21.73,52.13,2.84,-3,-0.34,-0.78,-3/14,buy,21.41-25.04,1.8,13.0,28.0,26.75,mere Sell (some bought),30.22 thousand,Basic Materials,Chemicals,0.724,21.89,26.39,1.01,0.82,-0.01
MBLY,0.98,13.88,14.49,-5.53,-8,0.02,0.27,-8/14,hold,10.62-22.51,-1.55,38.0,31.1,25.42,mere Buy (some sold),8.01 million,Consumer Cyclical,Auto Parts,0.506,15.47,20.0,1.11,0.69,1.06
LFCR,0.99,7.61,57.47,29.64,-1,-0.28,-1.76,-1/14,buy,4.33-8.85,2.63,14.000000000000002,0.1,0.1,Buy,173.54 thousand,Healthcare,Drug Manufacturers - Specialty & Generic,0.641,7.82,9.66,1.03,0.79,0.1
TWLO,1.01,103.62,172.28,-19.73,-3,0.32,0.32,-3/14,buy,59.51-151.95,-20.94,32.0,170.0,150.61,Sell,2.65 million,Technology,Software - Infrastructure,1.273,117.29,141.21,1.13,0.73,0.08
CRS,1.02,243.24,120.79,-6.74,-4,0.3,0.16,-4/14,buy,138.61-290.84,-3.93,16.0,375.0,350.36,mere Buy (some sold),759.59 thousand,Industrials,Metal Fabrication,1.53,262.11,309.95,1.08,0.78,-0.01
DOGZ,1.02,12.85,68.76,-60.24,-4,1,1,-4/14,,6.81-58.5,39.61,78.0,0.1,0.1,- +Buy time -,396.05 thousand,Consumer Cyclical,Leisure,1.916,14.92,18.15,1.16,0.71,1.61
PLNT,1.03,101.65,92.82,-11.28,-3,0.04,0.05,-3/14,buy,77.77-114.47,-8.49,11.0,175.0,148.91,mere Buy (some sold),1.21 million,Consumer Cyclical,Leisure,1.368,108.39,128.56,1.07,0.79,-0.0
SLAB,1.03,134.91,112.39,-9.83,-3,0.03,0.3,-3/14,hold,82.82-160.0,1.01,16.0,180.0,165.22,Buy,316.95 thousand,Technology,Semiconductors,1.519,138.84,164.85,1.03,0.82,-0.1
ALGM,1.03,30.23,129.21,-2.25,-4,0.02,0.26,-4/14,buy,16.38-38.45,-4.1,21.0,42.0,39.92,mere Buy (some sold),1.78 million,Technology,Semiconductors,1.74,32.91,39.26,1.09,0.77,0.0
LUV,1.06,31.42,81.41,6.76,-5,-0.02,0.16,-5/14,hold,23.82-37.96,5.86,17.0,46.0,39.25,Sell,9.68 million,Industrials,Airlines,1.189,32.67,39.52,1.04,0.8,0.06
CAKE,1.08,56.39,80.58,-11.48,-1,0.21,0.23,-1/14,buy,37.18-69.7,-10.51,19.0,75.0,70.68,mere Sell (some bought),1.38 million,Consumer Cyclical,Restaurants,1.093,62.65,76.01,1.11,0.74,0.04
PHR,1.14,23.39,85.71,-19.59,-1,0.15,0.85,-1/14,buy,17.07-32.76,-16.63,28.999999999999996,38.0,36.0,Sell,692.82 thousand,Healthcare,Health Information Services,0.72,28.41,34.01,1.21,0.69,0.16
URBN,1.17,70.99,104.61,14.17,-3,0.45,0.47,-3/14,hold,34.76-80.71,-11.48,12.0,93.0,86.54,mere Buy (some sold),1.76 million,Consumer Cyclical,Apparel Retail,1.29,73.46,87.41,1.03,0.81,0.01
LRN,1.2,138.34,0.51,-3.52,-1,0.27,0.15,-1/14,buy,63.25-171.17,5.8,19.0,170.0,166.88,Sell ALL,572.03 thousand,Consumer Defensive,Education & Training Services,0.225,148.64,177.86,1.07,0.78,0.13
FVRR,1.23,22.95,104.5,-50.21,-3,0.09,0.15,-3/14,buy,20.826-36.11,4.27,36.0,44.0,38.28,== less Sell ALL==,900.40 thousand,Communication Services,Internet Content & Information,1.352,25.76,31.32,1.12,0.73,0.34
TMDX,1.25,115.72,142.6,-6.74,-3,0.95,3.05,-3/14,buy,55.0-169.29,-11.04,32.0,170.0,154.44,Buy,989.98 thousand,Healthcare,Medical Devices,2.169,122.0,148.65,1.05,0.78,0.09
ICL,1.28,6.19,98.88,-17.32,-1,0.01,0.05,-1/14,hold,3.79-7.35,2.75,16.0,7.0,6.81,Buy,605.01 thousand,Basic Materials,Agricultural Inputs,1.133,6.55,7.82,1.06,0.79,-0.01
AVPT,1.29,15.83,165.45,-20.98,-2,-0.03,-0.56,-2/14,buy,11.43-20.245,-16.17,22.0,26.0,23.94,mere Buy (some sold),1.27 million,Technology,Software - Infrastructure,1.396,17.67,20.82,1.12,0.76,-0.01
AMPL,1.3,11.06,128.75,-9.64,-3,0.01,1.26,-3/14,buy,7.55-14.88,-8.09,26.0,18.0,16.83,mere Buy (some sold),1.34 million,Technology,Software - Application,1.545,12.18,14.64,1.1,0.76,0.05
VIRC,1.31,8.07,9.28,5.18,-2,-0.01,1.16,-2/14,buy,7.47-17.31,-0.25,53.0,12.0,12.0,Sell,65.86 thousand,Consumer Cyclical,Furnishings, Fixtures & Appliances,0.404,8.35,10.02,1.03,0.81,0.21
TGLS,1.33,71.45,140.78,-4.36,-3,0.17,0.2,-3/14,buy,60.25-90.34,-7.07,21.0,100.0,97.38,mere Buy (some sold),325.77 thousand,Basic Materials,Building Materials,1.872,75.88,91.3,1.06,0.78,0.07
RPID,1.33,3.46,47.69,33.91,-8,-0.01,-0.03,-8/14,buy,0.83-4.5,-0.87,23.0,8.0,8.0,Buy time,85.00 thousand,Healthcare,Medical Devices,1.304,3.33,3.93,0.96,0.88,0.21
CTOR,1.36,1.94,215.95,39.57,-3,0.05,0.24,-3/14,,0.551-6.19,-6.22,69.0,0.1,0.1,Buy,2.68 million,Healthcare,Drug Manufacturers - Specialty & Generic,3.01,2.6,3.92,1.34,0.49,-0.1
FICO,1.36,1558.0,110.33,-27.98,-3,1.24,0.16,-3/14,buy,1300.0-2402.52,12.65,35.0,2300.0,2088.67,Buy,345.72 thousand,Technology,Software - Application,1.345,1584.62,1877.46,1.02,0.83,0.1
CANG,1.39,4.58,10.08,15.9,-3,0,0,-3/14,strongBuy,1.46-9.66,-2.62,53.0,8.027142,8.03,mere Buy (some sold),518.62 thousand,Financial Services,Capital Markets,0.62,4.95,6.0,1.08,0.76,0.15
GOCO,1.43,4.84,72.27,-28.37,-3,-2.52,-0.95,-3/14,buy,4.645-21.0,-16.12,77.0,22.0,19.6,Buy,38.60 thousand,Financial Services,Insurance Brokers,1.611,5.75,6.81,1.19,0.71,0.31
RAIL,1.55,8.46,110.06,16.66,-4,0.03,0.62,-4/14,buy,4.31-16.1,-17.26,47.0,17.0,15.67,Buy,159.69 thousand,Industrials,Railroads,1.953,9.6,11.59,1.13,0.73,0.07
RGEN,1.57,113.35,98.04,-6.04,-3,0.02,0.06,-3/14,buy,102.97-182.52,-2.78,38.0,220.0,199.61,mere Buy (some sold),721.18 thousand,Healthcare,Medical Instruments & Supplies,1.072,124.37,148.83,1.1,0.76,-0.02
ARTL,1.59,5.32,-37.34,245.64,-11,-4.96,-4.88,-11/14,buy,4.2-28.6,-86.65,81.0,0.1,0.1,Buy,2.12 million,Healthcare,Biotechnology,1.459,12.37,57.65,2.33,0.09,2.5
CHWY,1.61,36.47,127.49,-27.57,-1,0.01,0.03,-1/14,buy,26.28-48.62,1.77,25.0,52.0,48.64,Sell ALL,7.65 million,Consumer Cyclical,Internet Retail,1.65,40.24,47.77,1.1,0.76,0.06
TECH,1.62,51.42,96.73,11.21,-2,0.08,0.16,-2/14,buy,46.01-80.95,-6.57,36.0,75.0,70.62,mere Buy (some sold),2.04 million,Healthcare,Biotechnology,1.466,54.43,65.18,1.06,0.79,-0.02
CLPT,1.63,10.49,79.53,-11.83,-5,-0.07,-0.42,-5/14,buy,9.76-19.22,-0.38,45.0,30.0,29.5,Sell,359.94 thousand,Healthcare,Medical Devices,0.894,11.37,13.67,1.08,0.77,0.12
PAY,1.68,32.08,61.37,11.28,-3,0.05,0.41,-3/14,hold,19.53-40.433,8.57,21.0,45.0,42.0,Sell,708.10 thousand,Technology,Software - Infrastructure,1.578,33.62,40.58,1.05,0.79,0.14
CXM,1.69,7.85,133.06,-0.61,-4,0.05,0.52,-4/14,hold,6.75-9.685,-12.99,19.0,17.0,13.72,mere Buy (some sold),2.69 million,Technology,Software - Application,0.806,8.62,10.4,1.1,0.75,0.12
QTWO,1.71,82.55,134.45,-12.19,-3,0.0,0.01,-3/14,buy,63.61-112.82,4.6,27.0,115.0,109.54,mere Buy (some sold),881.71 thousand,Technology,Software - Application,1.492,86.16,104.59,1.04,0.79,0.28
KMX,1.72,60.67,77.88,-26.28,-2,0.13,0.06,-2/14,buy,54.53-91.25,9.91,34.0,120.0,100.72,mere Buy (some sold),3.70 million,Consumer Cyclical,Auto & Truck Dealerships,1.351,63.11,75.56,1.04,0.8,-0.03
K,1.77,79.05,22.63,2.89,2,-0.16,-0.16,2/14,hold,77.7-83.22,-0.58,5.0,83.5,83.45,mere Buy (some sold),3.10 million,Consumer Defensive,Packaged Foods,0.276,79.19,96.64,1.0,0.82,-0.07
OM,1.84,13.9,186.3,-63.48,-3,-2.16,-2.28,-3/14,buy,5.85-25.35,-1.87,45.0,39.0,32.38,Buy,334.92 thousand,Healthcare,Medical Devices,2.131,16.76,20.22,1.21,0.69,0.16
TS,1.91,35.84,92.83,-2.34,-1,0.28,0.34,-1/14,buy,28.31-40.87,3.26,12.0,49.0,45.77,Buy,1.57 million,Energy,Oil & Gas Equipment & Services,1.186,36.72,44.45,1.02,0.81,0.08
DLNG,1.92,3.82,70.0,15.28,2,0.06,0.21,2/14,,3.18-5.65,7.33,32.0,0.1,0.1,mere Buy (some sold),42.28 thousand,Energy,Oil & Gas Midstream,0.84,3.67,4.45,0.96,0.86,0.23
BLIN,1.93,1.31,51.77,-11.13,-6,-0.07,-0.48,-6/14,strongBuy,1.05-2.8,-9.92,53.0,4.62,4.34,Sell,50.77 thousand,Technology,Software - Infrastructure,0.884,1.48,1.79,1.13,0.73,1.22
ZENV,1.93,1.21,129.33,-61.34,0,1.03,45.22,0/14,hold,1.02-3.03,-23.25,60.0,1.6128669,1.61,Sell ALL,53.47 thousand,Technology,Software - Application,1.792,1.57,2.22,1.3,0.55,1.77
PAYS,1.95,5.85,89.51,33.8,-3,-0.01,-0.35,-3/14,buy,1.8-8.88,-22.45,34.0,10.0,9.55,- +Buy time -,1.11 million,Technology,Software - Infrastructure,0.938,6.63,8.08,1.13,0.72,0.44
ASAN,1.95,13.48,44.64,9.12,0,0.04,1.75,0/14,hold,11.08-27.77,-6.49,51.0,22.0,19.27,Sell,3.58 million,Technology,Software - Application,1.138,14.27,17.17,1.06,0.79,0.01
NRXP,1.95,2.81,81.1,-29.58,-4,-0.84,-3.62,-4/14,buy,1.1-6.01,3.2,53.0,46.0,41.12,mere Buy (some sold),314.90 thousand,Healthcare,Biotechnology,1.635,3.02,3.69,1.07,0.76,0.42
AZTA,2.01,29.94,147.8,5.73,-1,0.03,0.07,-1/14,hold,23.91-55.64,-8.25,46.0,40.0,36.5,Buy,596.91 thousand,Healthcare,Medical Instruments & Supplies,1.651,31.82,38.4,1.06,0.78,0.01
INTA,2.03,46.3,18.69,-26.3,1,0.08,0.37,1/14,hold,35.505-77.74,12.66,40.0,80.0,71.88,- +Buy time -,777.19 thousand,Technology,Software - Application,0.743,46.09,54.16,1.0,0.85,0.03
HTCO,2.07,6.78,38.96,103.35,-1,1,1,-1/14,,4.55-112.5,-16.06,94.0,0.1,0.1,Buy,40.65 thousand,Industrials,Marine Shipping,1,6.94,8.61,1.02,0.79,0.34
PGNY,2.08,22.51,94.36,17.64,-1,0.08,0.2,-1/14,hold,13.39-26.76,-2.98,16.0,32.0,30.12,Sell,960.78 thousand,Healthcare,Healthcare Plans,1.33,23.08,27.64,1.03,0.81,-0.04
USAC,2.08,24.39,21.9,1.03,1,-0.03,-0.14,1/14,hold,21.24-30.1,4.14,19.0,30.0,28.25,Buy,290.35 thousand,Energy,Oil & Gas Equipment & Services,0.396,24.28,30.78,1.0,0.79,0.24
JVA,2.1,4.54,121.1,9.66,0,0.05,1.84,0/14,,2.35-9.93,8.52,54.0,0.1,0.1,Buy time,74.42 thousand,Consumer Defensive,Packaged Foods,1.365,4.45,5.55,0.98,0.82,0.69
OSPN,2.14,15.6,108.17,10.8,-2,0.18,0.55,-2/14,buy,12.51-20.36,7.23,23.0,23.0,21.25,mere Buy (some sold),469.42 thousand,Technology,Software - Infrastructure,1.298,15.44,18.55,0.99,0.84,-0.05
OOMA,2.14,12.74,103.69,10.92,-3,0.05,0.24,-3/14,buy,10.88-17.0,10.79,25.0,20.0,18.94,Sell,172.36 thousand,Technology,Software - Application,1.3,12.41,14.83,0.97,0.86,0.05
RIVN,2.21,13.57,66.56,4.72,-1,0.25,0.23,-1/14,hold,9.5-17.15,8.58,21.0,21.0,17.43,Sell,36.75 million,Consumer Cyclical,Auto Manufacturers,1.814,13.6,16.11,1.0,0.84,0.06
WLFC,2.22,148.65,75.37,20.99,-1,2.2,0.86,-1/14,buy,117.76-235.43,7.17,37.0,190.0,190.0,Sell,106.93 thousand,Industrials,Rental & Leasing Services,1.132,148.07,194.62,1.0,0.76,-0.04
SLQT,2.28,2.11,-9.59,-1.09,-3,0.18,1.56,-3/14,buy,1.62-6.86,16.59,69.0,7.0,6.12,Buy,1.06 million,Financial Services,Insurance Brokers,1.262,2.19,2.6,1.04,0.81,0.06
BFLY,2.29,1.6,146.42,-47.79,-2,0.05,0.86,-2/14,buy,1.32-4.98,10.34,68.0,4.0,3.58,Buy,2.97 million,Healthcare,Medical Devices,2.523,1.78,2.05,1.11,0.78,-0.03
CDRO,2.29,7.7,32.78,2.15,-7,1,1,-7/14,buy,5.75-8.759,-10.26,12.0,14.0,12.67,Sell ALL,86.01 thousand,Consumer Cyclical,Gambling,0.502,8.32,11.4,1.08,0.68,2.5
SMR,2.3,36.67,240.09,20.68,-4,0.03,0.14,-4/14,hold,8.8-53.5,-18.3,31.0,60.0,50.85,Buy time,12.93 million,Industrials,Specialty Industrial Machinery,2.043,41.49,49.77,1.13,0.74,0.18
MGX,2.3,1.81,2.69,82.08,-5,-0.1,-0.21,-5/14,buy,1.23-4.92,-27.07,63.0,12.0,10.75,mere Buy (some sold),436.61 thousand,Healthcare,Biotechnology,1,2.02,2.46,1.12,0.74,0.21
EVER,2.33,24.67,61.45,7.62,1,0.08,0.17,1/14,buy,16.63-30.03,-4.42,18.0,38.0,36.0,Buy,509.45 thousand,Communication Services,Internet Content & Information,0.535,24.75,29.64,1.0,0.83,0.04
CDNA,2.35,13.67,201.03,-54.54,-1,0.01,0.28,-1/14,buy,10.96-32.97,7.83,59.0,28.0,24.92,Buy,1.17 million,Healthcare,Diagnostics & Research,2.28,15.59,18.08,1.14,0.76,0.02
FPI,2.36,10.87,90.64,-6.45,2,0.0,0.0,2/14,hold,9.66-12.87,1.06,16.0,14.0,13.12,Buy,413.36 thousand,Real Estate,REIT - Specialty,0.918,11.07,13.27,1.02,0.82,-0.06
JBL,2.37,217.27,143.67,13.17,0,0.34,0.16,0/14,buy,103.82-232.84,-2.27,7.000000000000001,256.0,241.75,Buy,1.43 million,Technology,Electronic Components,1.252,217.46,262.58,1.0,0.83,-0.08
PRAX,2.41,38.69,129.96,-9.73,-1,-0.03,-0.01,-1/14,buy,26.7-91.83,-32.03,57.99999999999999,270.0,185.65,Sell,549.56 thousand,Healthcare,Biotechnology,2.623,48.6,58.76,1.26,0.66,0.42
HNST,2.41,4.09,238.87,-23.32,-1,0.03,1.13,-1/14,buy,3.32-8.97,-17.11,54.0,8.0,7.4,Buy,2.93 million,Consumer Defensive,Household & Personal Products,2.321,4.52,5.26,1.11,0.78,0.05
SMFG,2.42,16.82,-4.92,31.55,1,-0.27,-1.4,1/14,buy,11.83-17.46,9.37,4.0,18.61066,18.61,Buy,1.73 million,Financial Services,Banks - Diversified,0.199,15.81,19.01,0.94,0.88,0.06
TNXP,2.46,26.78,306.95,12.22,-2,-2.12,-1.13,-2/14,buy,6.76-130.0,-66.69,79.0,70.0,65.83,Buy,1.43 million,Healthcare,Biotechnology,1.87,40.27,47.67,1.5,0.56,0.14
MSTR,2.51,326.4,287.44,-25.44,-2,-5.47,-707.02,-2/14,buy,128.51-543.0,-19.25,40.0,705.0,635.75,mere Sell (some bought),11.61 million,Technology,Software - Application,3.831,382.26,446.71,1.17,0.73,-0.01
CVLT,2.55,188.01,19.18,27.13,0,0.14,0.15,0/14,buy,128.07-200.68,0.8,6.0,225.0,216.54,Buy,749.61 thousand,Technology,Software - Application,0.744,182.25,226.6,0.97,0.83,0.59
MIND,2.57,8.69,36.62,85.73,-1,-0.15,-2.24,-1/14,buy,3.47-11.5,-12.2,24.0,8.0,8.0,mere Buy (some sold),244.60 thousand,Technology,Scientific & Technical Instruments,0.661,9.24,11.13,1.06,0.78,0.2
NRG,2.58,167.3,124.81,28.53,0,0.96,0.57,0/14,buy,79.57-175.96,-3.95,5.0,203.0,188.03,Buy,2.71 million,Utilities,Utilities - Independent Power Producers,1.166,157.15,191.68,0.94,0.87,-0.04
ACHR,2.6,9.09,236.64,-18.6,-1,0.02,0.03,-1/14,buy,2.821-13.92,-14.74,35.0,18.0,15.22,Buy time,31.55 million,Industrials,Aerospace & Defense,3.072,10.25,12.13,1.13,0.75,0.06
ETR,2.6,90.49,62.55,28.07,1,0.27,0.35,1/14,buy,63.18-92.4,-0.58,2.0,109.0,101.07,Buy,2.94 million,Utilities,Utilities - Regulated Electric,0.595,86.87,105.27,0.96,0.86,0.06
OSCR,2.64,18.6,121.71,-10.71,1,0.06,0.07,1/14,hold,11.2-23.79,25.61,22.0,14.0,12.57,mere Buy (some sold),23.55 million,Healthcare,Healthcare Plans,1.872,17.64,21.06,0.95,0.88,0.08
GIFI,2.66,7.45,15.3,18.64,2,-0.04,-0.36,2/14,strongBuy,5.12-7.78,8.05,4.0,8.0,8.0,mere Buy (some sold),25.48 thousand,Industrials,Metal Fabrication,0.28,7.06,8.53,0.95,0.87,0.23
GH,2.72,54.21,55.45,41.19,-2,0.17,0.32,-2/14,buy,20.14-68.0,18.48,20.0,70.0,65.98,Sell,2.31 million,Healthcare,Diagnostics & Research,1.462,54.55,65.11,1.01,0.83,0.06
MVST,2.75,3.36,206.04,-22.43,-3,0.1,8.5,-3/14,strongBuy,0.152-4.72,19.05,28.999999999999996,6.0,5.75,Buy,6.82 million,Consumer Cyclical,Auto Parts,3.125,3.32,3.97,0.99,0.85,0.13
INLX,2.76,12.25,27.34,4.16,-5,-0.05,-0.7,-5/14,strongBuy,8.74-16.5,5.71,26.0,14.5,14.5,Buy,6.64 thousand,Technology,Software - Application,0.36,12.04,21.79,0.98,0.56,2.5
MRVL,2.76,67.46,212.16,-13.88,-1,0.01,0.01,-1/14,buy,47.09-127.48,-13.45,47.0,122.0,103.97,Buy,26.26 million,Technology,Semiconductors,1.849,74.04,91.14,1.1,0.74,0.42
DEC,2.78,15.33,-6.17,11.19,2,1,1,2/14,buy,10.08-17.7,7.21,13.0,27.0,23.3,Buy,313.55 thousand,Energy,Oil & Gas Integrated,0.021,15.06,18.19,0.98,0.84,0.01
WEAV,2.79,7.8,138.29,-5.58,-1,0.02,13.19,-1/14,buy,6.754-17.63,8.26,56.00000000000001,15.0,13.61,mere Buy (some sold),826.73 thousand,Healthcare,Health Information Services,1.748,8.03,9.5,1.03,0.82,-0.03
PRTH,2.79,7.41,117.26,-6.14,-1,0.01,0.0,-1/14,buy,5.01-12.47,6.34,41.0,16.0,14.3,Sell,457.04 thousand,Technology,Software - Infrastructure,1.637,7.84,9.37,1.06,0.79,-0.03
WHR,2.8,89.49,112.96,0.53,-1,-0.4,-0.23,-1/14,hold,73.72-135.49,8.02,34.0,145.0,120.75,mere Buy (some sold),1.35 million,Consumer Cyclical,Furnishings, Fixtures & Appliances,1.129,94.54,114.97,1.06,0.78,0.34
AIP,2.85,8.96,129.52,26.26,-2,-0.01,-0.1,-2/14,buy,5.46-14.29,-5.47,37.0,16.0,15.0,Buy,755.69 thousand,Technology,Semiconductors,1.44,9.6,11.59,1.07,0.77,0.28
EXOD,2.9,27.3,207.01,-27.41,-1,-0.21,-1.79,-1/14,buy,14.5-117.399,-8.33,77.0,65.0,60.21,Buy,131.15 thousand,Technology,Software - Infrastructure,3.005,30.37,35.59,1.11,0.77,0.15
ESOA,2.9,10.1,77.2,9.74,0,-0.51,-5.1,0/14,buy,7.64-19.83,-2.52,49.0,21.0,21.0,Buy,193.21 thousand,Industrials,Engineering & Construction,1.002,10.26,12.3,1.02,0.82,0.12
SEI,2.93,33.28,65.54,51.39,-2,0.25,1.61,-2/14,buy,11.64-39.025,7.27,15.0,50.0,47.56,Buy,1.61 million,Energy,Oil & Gas Equipment & Services,1.15,30.69,37.01,0.92,0.9,0.14
VST,2.98,215.36,125.34,38.86,0,-1.8,-2.57,0/14,buy,84.92-217.9,0.6,1.0,261.0,239.62,Buy,4.23 million,Utilities,Utilities - Independent Power Producers,1.348,198.92,238.59,0.92,0.9,-0.03
WFC,3.0,81.54,143.34,21.72,0,0.35,0.27,0/14,buy,52.81-84.83,5.42,4.0,95.0,91.0,Buy,17.51 million,Financial Services,Banks - Diversified,1.242,80.43,98.15,0.99,0.83,0.11
PLBY,3.04,1.53,186.87,14.8,-1,-0.04,-1.0,-1/14,buy,0.66-2.44,-20.92,37.0,3.0,2.74,mere Buy (some sold),335.88 thousand,Consumer Cyclical,Leisure,2.435,1.76,2.14,1.15,0.71,0.36
DUOT,3.07,7.76,19.47,27.54,-1,-0.08,-0.4,-1/14,buy,2.38-9.27,11.98,16.0,14.0,13.25,Buy,258.18 thousand,Technology,Software - Application,1.106,7.25,8.7,0.93,0.89,0.4
QUBT,3.13,16.89,281.36,-15.79,-1,0.0,0.01,-1/14,buy,0.639-27.15,7.64,38.0,22.0,20.25,- +Buy time -,17.74 million,Technology,Computer Hardware,3.884,17.21,20.54,1.02,0.82,0.12
SNOW,3.13,228.22,79.19,24.36,-1,0.11,0.45,-1/14,buy,108.71-249.99,8.65,9.0,440.0,351.33,Buy,4.31 million,Technology,Software - Application,1.224,220.92,267.95,0.97,0.85,0.07
KVYO,3.14,32.07,128.48,2.1,0,0.05,0.44,0/14,buy,23.77-49.55,4.68,35.0,60.0,53.1,Sell,1.96 million,Technology,Software - Infrastructure,1,32.81,40.03,1.02,0.8,0.12
CSBR,3.14,7.71,28.38,1.78,-5,0.42,34.38,-5/14,buy,3.75-11.99,17.28,36.0,12.0,12.0,- Buy time -,32.08 thousand,Healthcare,Biotechnology,0.509,7.51,9.37,0.97,0.82,2.16
BSX,3.15,101.38,71.77,1.21,5,0.1,0.15,5/14,buy,80.64-109.5,-5.34,7.000000000000001,140.0,132.27,mere Buy (some sold),6.50 million,Healthcare,Medical Devices,0.657,105.6,125.44,1.04,0.81,-0.02
NN,3.15,17.13,71.98,49.11,0,-0.67,-4.89,0/14,buy,6.75-18.538,9.87,8.0,20.0,20.0,Buy,1.32 million,Technology,Software - Infrastructure,1.063,16.1,19.4,0.94,0.88,0.04
CENT,3.17,35.44,85.85,8.97,5,0.24,0.21,5/14,buy,31.97-43.88,-11.52,19.0,50.0,46.17,mere Buy (some sold),79.74 thousand,Consumer Defensive,Packaged Foods,0.612,37.39,45.39,1.06,0.78,-0.09
GBX,3.18,46.58,142.87,12.27,2,0.79,0.84,2/14,buy,37.77-71.06,4.98,34.0,57.0,55.25,Buy,345.59 thousand,Industrials,Railroads,1.699,47.63,56.74,1.02,0.82,-0.1
HIMS,3.19,54.52,203.28,3.31,2,0.12,0.5,2/14,hold,15.73-72.98,-16.2,25.0,85.0,67.23,Buy,33.44 million,Consumer Defensive,Household & Personal Products,2.136,53.59,63.14,0.98,0.86,0.04
RNXT,3.2,1.21,102.75,-9.74,-4,-0.01,-0.07,-4/14,strongBuy,0.75-1.69,0.01,28.000000000000004,12.0,8.81,Buy time,338.51 thousand,Healthcare,Biotechnology,1.233,1.28,1.6,1.06,0.76,1.18
AEYE,3.2,13.24,76.37,41.25,-2,0.0,0.02,-2/14,buy,8.91-34.85,4.38,62.0,25.0,23.6,Buy,113.74 thousand,Technology,Software - Application,0.67,12.76,15.64,0.96,0.85,0.26
PRTS,3.23,0.78,4.83,25.2,0,-0.13,-1.06,0/14,buy,0.68-1.42,-2.54,45.0,1.5,1.3,Sell,758.55 thousand,Consumer Cyclical,Auto Parts,0.936,0.87,1.11,1.12,0.7,0.81
ESQ,3.23,96.8,102.76,20.04,3,0.02,0.01,3/14,hold,60.42-106.114,2.4,9.0,110.0,110.0,mere Buy (some sold),103.30 thousand,Financial Services,Banks - Regional,0.572,97.8,121.79,1.01,0.79,-0.04
TAYD,3.26,46.98,74.35,55.01,0,0,0,0/14,buy,29.5-64.5,4.26,27.0,48.0,48.0,mere Sell (some bought),11.24 thousand,Industrials,Specialty Industrial Machinery,0.973,46.1,55.95,0.98,0.84,0.34
SPIR,3.27,9.78,221.02,7.16,-1,0.14,0.17,-1/14,buy,6.853-21.426,-1.12,54.0,17.0,16.62,Buy,525.28 thousand,Industrials,Specialty Business Services,2.38,10.4,12.39,1.06,0.79,0.06
BAM,3.27,57.44,152.3,16.25,2,-0.02,-0.03,2/14,hold,41.78-64.1,-5.99,10.0,75.0,69.1,Buy,1.65 million,Financial Services,Asset Management,1.713,58.91,70.88,1.03,0.81,0.12
ALRM,3.33,55.85,92.07,-0.66,4,0.16,0.32,4/14,buy,48.23-70.06,0.45,20.0,85.0,76.86,Sell,296.59 thousand,Technology,Software - Application,1.073,56.95,68.69,1.02,0.81,-0.0
GHM,3.36,51.74,134.12,36.66,2,0.46,2.19,2/14,buy,24.78-58.0,-10.99,11.0,65.0,62.25,- +Buy time -,111.28 thousand,Industrials,Specialty Industrial Machinery,0.939,51.58,62.63,1.0,0.83,0.11
ELMD,3.37,24.56,43.44,52.66,-2,0.05,0.21,-2/14,buy,17.73-35.56,24.19,31.0,38.0,36.5,Sell,56.48 thousand,Healthcare,Medical Devices,0.54,21.46,25.57,0.87,0.96,0.1
XLO,3.37,0.74,-17.22,20.88,0,-0.36,-3.89,0/14,buy,0.615-1.7,11.71,56.00000000000001,2.0,2.0,Buy,349.17 thousand,Healthcare,Biotechnology,1,0.71,0.85,0.96,0.87,0.05
BBAI,3.39,5.07,255.16,83.75,-2,-0.84,-13.62,-2/14,hold,1.36-10.36,-39.85,51.0,8.0,6.92,- Buy time -,111.48 million,Technology,Information Technology Services,3.163,6.16,7.88,1.21,0.64,0.0
QNCX,3.39,1.6,101.83,56.58,-4,-0.2,-0.88,-4/14,buy,0.69-2.45,-1.87,35.0,10.0,8.75,Buy,204.10 thousand,Healthcare,Biotechnology,0.997,1.69,2.06,1.06,0.78,-0.01
AROC,3.41,24.44,98.15,-1.35,4,0.03,0.08,4/14,buy,19.35-30.44,7.53,20.0,32.0,31.44,Buy,1.43 million,Energy,Oil & Gas Equipment & Services,1.116,24.29,29.18,0.99,0.84,0.02
TAC,3.41,12.88,45.67,38.77,7,0.03,0.42,7/14,buy,7.82-14.64,3.16,12.0,0.1,0.1,Buy,1.20 million,Utilities,Utilities - Independent Power Producers,0.548,12.03,14.48,0.93,0.89,0.13
QDEL,3.46,28.94,61.69,13.34,0,0.26,8.84,0/14,buy,22.05-49.45,16.69,41.0,62.0,52.71,- +Buy time -,1.17 million,Healthcare,Medical Devices,0.146,28.25,33.55,0.98,0.86,0.01
JXN,3.47,97.16,100.75,34.59,1,0.4,0.08,1/14,hold,64.701-115.22,12.88,16.0,118.0,110.5,Buy,621.55 thousand,Financial Services,Insurance - Life,1.474,91.88,111.54,0.95,0.87,0.04
ALTO,3.48,1.19,26.67,16.77,-2,-0.01,-0.16,-2/14,strongBuy,0.76-2.05,13.44,42.0,5.5,4.75,Buy,248.75 thousand,Basic Materials,Specialty Chemicals,0.32,1.17,1.41,0.98,0.84,0.43
BCSF,3.49,15.26,85.8,5.8,5,0.06,0.12,5/14,hold,13.2-19.21,3.8,21.0,17.0,16.58,Sell ALL,237.69 thousand,Financial Services,Asset Management,0.868,15.39,18.51,1.01,0.82,0.08
GMED,3.53,58.98,102.24,6.49,2,0.05,0.05,2/14,hold,51.79-94.93,9.07,38.0,106.0,94.27,mere Buy (some sold),1.17 million,Healthcare,Medical Devices,1.168,58.74,70.08,1.0,0.84,-0.04
FSFG,3.53,27.04,38.55,27.64,5,0.24,0.38,5/14,strongBuy,21.63-30.94,4.81,13.0,32.0,31.67,mere Buy (some sold),20.66 thousand,Financial Services,Banks - Regional,0.421,26.46,31.28,0.98,0.86,-0.11
MPLX,3.55,51.55,72.12,5.55,6,-0.1,-0.09,6/14,buy,43.53-54.87,-0.35,6.0,64.0,60.54,Buy,1.35 million,Energy,Oil & Gas Midstream,0.695,50.81,61.19,0.99,0.84,-0.03
APYX,3.56,2.11,39.97,35.22,-2,0.02,0.2,-2/14,hold,0.755-2.73,12.32,23.0,4.0,4.0,Buy,100.62 thousand,Healthcare,Medical Devices,1.427,2.17,2.66,1.03,0.79,0.74
FHN,3.56,22.42,93.77,30.35,3,0.05,0.14,3/14,buy,14.83-23.08,3.96,3.0,27.0,25.82,Buy,8.64 million,Financial Services,Banks - Regional,0.683,21.86,25.99,0.98,0.86,0.02
WNW,3.59,2.11,126.59,40.21,1,1,1,1/14,,0.95-70.0,15.64,97.0,0.1,0.1,Buy,76.98 thousand,Consumer Cyclical,Internet Retail,0.795,1.94,2.74,0.92,0.77,0.91
SPOT,3.6,710.12,180.37,3.5,2,-3.7,-1.75,2/14,buy,337.15-785.0,7.26,10.0,918.53375,832.38,mere Buy (some sold),1.85 million,Communication Services,Internet Content & Information,1.715,715.72,867.17,1.01,0.82,0.09
MUFG,3.61,15.66,33.1,36.95,4,0.08,1.15,4/14,hold,9.85-16.16,12.03,3.0,16.3624,15.72,Buy,3.50 million,Financial Services,Banks - Diversified,0.224,14.53,17.26,0.93,0.91,-0.02
FULC,3.62,6.95,223.02,5.5,-2,0.05,0.17,-2/14,buy,2.315-8.5,-0.07,18.0,15.0,13.04,mere Buy (some sold),577.68 thousand,Healthcare,Biotechnology,2.814,7.28,8.87,1.05,0.78,0.26
NGS,3.63,27.36,45.84,5.77,4,0.26,0.96,4/14,buy,16.73-29.74,12.22,8.0,45.0,40.62,Buy,60.85 thousand,Energy,Oil & Gas Equipment & Services,0.564,25.91,31.16,0.95,0.88,-0.02
UFCS,3.64,31.87,38.19,29.11,4,0.43,0.75,4/14,buy,19.19-32.22,16.78,1.0,33.0,32.5,Buy,126.94 thousand,Financial Services,Insurance - Property & Casualty,0.566,29.19,35.2,0.92,0.91,-0.01
NTRA,3.64,171.8,137.33,5.07,1,0.01,-0.0,1/14,buy,117.27-183.0,20.51,6.0,268.0,233.22,Buy,1.16 million,Healthcare,Diagnostics & Research,1.678,161.52,191.52,0.94,0.9,-0.02
SKX,3.67,63.13,101.01,2.52,2,0.44,0.46,2/13,hold,44.5-78.85,-0.19,20.0,63.0,63.0,Sell ALL,6.43 million,Consumer Cyclical,Footwear & Accessories,1.195,63.13,81.2,1.0,0.78,1.31
CLOV,3.68,3.11,210.22,12.46,0,0.12,1.82,0/14,buy,2.12-4.87,7.25,36.0,5.0,4.33,Buy,6.44 million,Healthcare,Healthcare Plans,1.973,2.91,3.45,0.94,0.9,0.0
DKL,3.73,44.92,52.39,16.14,6,-0.05,-0.11,6/14,strongBuy,34.59-48.0,2.14,6.0,47.0,45.38,Buy,100.27 thousand,Energy,Oil & Gas Refining & Marketing,0.588,43.56,54.67,0.97,0.82,0.17
BROS,3.73,64.53,228.15,-5.77,1,0.11,0.79,1/14,buy,30.49-86.88,9.38,26.0,95.0,89.18,Buy,3.11 million,Consumer Cyclical,Restaurants,2.653,66.74,78.63,1.03,0.82,0.1
WK,3.78,78.7,94.33,52.65,2,0.21,3.51,2/14,buy,60.5-116.83,-5.26,33.0,110.0,103.3,mere Buy (some sold),703.08 thousand,Technology,Software - Application,0.876,74.23,89.29,0.94,0.88,0.14
HWM,3.8,189.07,162.47,22.0,3,0.12,0.15,3/14,buy,93.51-193.26,4.25,2.0,225.0,214.92,Buy,2.52 million,Industrials,Aerospace & Defense,1.452,182.13,221.44,0.96,0.85,-0.06
BFRI,3.83,0.83,-12.34,86.12,-5,-0.4,-1.2,-5/14,buy,0.536-2.22,-21.1,63.0,10.0,8.25,Buy,147.93 thousand,Healthcare,Drug Manufacturers - Specialty & Generic,0.502,0.91,1.2,1.1,0.69,1.56
ASPN,3.84,6.74,213.66,44.83,-1,0.09,0.82,-1/14,buy,4.16-30.24,-16.91,78.0,14.0,11.79,mere Buy (some sold),1.63 million,Industrials,Building Products & Equipment,2.655,7.01,8.44,1.04,0.8,0.05
EGAN,3.84,8.53,-5.14,74.97,-2,0.04,1.38,-2/14,buy,4.34-9.0,27.0,5.0,10.0,9.12,Buy,79.19 thousand,Technology,Software - Application,0.302,6.75,8.44,0.79,1.01,0.72
LOVE,3.85,17.79,210.95,1.93,1,0.48,0.88,1/14,buy,12.12-39.49,-3.2,55.00000000000001,35.0,32.17,Sell,270.14 thousand,Consumer Cyclical,Furnishings, Fixtures & Appliances,2.354,19.13,23.27,1.08,0.76,0.1
BLX,3.87,47.95,69.51,37.64,3,1,1,3/14,buy,30.78-48.38,15.39,1.0,55.0,51.17,Buy,119.12 thousand,Financial Services,Banks - Regional,0.873,43.81,52.1,0.91,0.92,0.02
GDS,3.88,36.44,4.28,75.88,-2,5.0,5.64,-2/14,buy,15.91-52.5,4.14,31.0,67.14642,57.36,- Buy time -,2.28 million,Technology,Information Technology Services,0.334,34.15,41.66,0.94,0.87,0.77
BARK,3.91,0.84,189.97,19.58,-1,0.0,0.86,-1/14,buy,0.77-2.555,-5.94,67.0,3.0,2.67,Sell,792.15 thousand,Consumer Cyclical,Specialty Retail,1.885,0.91,1.1,1.08,0.76,-0.04
BRZE,3.91,30.39,70.31,45.96,-1,0.14,4.5,-1/14,buy,23.91-48.33,11.45,37.0,68.0,56.56,mere Buy (some sold),1.73 million,Technology,Software - Application,1.1,28.26,34.92,0.93,0.87,0.04
BBCP,3.92,7.15,105.7,48.68,2,-0.04,-1.01,2/14,hold,4.78-9.678,5.03,26.0,9.0,8.38,mere Buy (some sold),86.46 thousand,Industrials,Engineering & Construction,1.113,6.9,8.24,0.97,0.87,0.08
GL,3.95,143.19,59.96,43.09,4,-0.15,-0.04,4/14,buy,100.27-144.0,2.69,1.0,188.0,174.09,Buy,585.13 thousand,Financial Services,Insurance - Life,0.56,133.74,161.96,0.93,0.88,0.04
CEVA,3.96,24.82,121.72,46.69,0,0.01,0.17,0/14,buy,18.31-38.94,12.84,36.0,40.0,35.92,Buy,201.39 thousand,Technology,Semiconductors,1.263,23.12,27.59,0.93,0.9,-0.0
PEGA,3.96,59.2,139.37,47.56,2,0.56,2.27,2/14,buy,29.835-60.96,1.2,3.0,78.0,70.34,Buy,1.51 million,Technology,Software - Application,1.085,55.24,66.96,0.93,0.88,-0.04
RLJ,3.96,7.68,161.46,21.33,2,0.08,0.99,2/14,hold,6.16-10.84,5.4,28.999999999999996,12.0,10.48,mere Buy (some sold),1.74 million,Real Estate,REIT - Hotel & Motel,1.514,7.61,9.13,0.99,0.84,-0.01
OSIS,4.01,235.05,145.49,23.45,4,0.09,0.03,4/14,buy,129.84-241.64,5.68,3.0,270.0,259.75,Buy,179.24 thousand,Technology,Electronic Components,1.303,229.36,278.64,0.98,0.84,-0.05
AGX,4.02,241.81,109.45,48.39,3,1.37,0.99,3/14,hold,87.79-253.79,7.61,5.0,236.0,233.17,Buy,430.26 thousand,Industrials,Engineering & Construction,0.613,227.34,269.49,0.94,0.9,0.07
BKR,4.05,46.44,64.3,45.88,4,0.12,0.21,4/14,buy,33.6-49.4,6.28,6.0,60.0,55.4,Buy,6.47 million,Energy,Oil & Gas Equipment & Services,0.995,42.96,51.71,0.93,0.9,-0.06
MMYT,4.06,97.54,101.15,18.33,5,-0.01,-0.02,5/14,buy,81.84-123.0,4.08,21.0,130.0,125.5,mere Buy (some sold),1.19 million,Consumer Cyclical,Travel Services,0.866,98.68,122.13,1.01,0.8,0.03
TECX,4.06,17.22,110.22,-6.98,2,0.07,0.06,2/14,buy,13.7-61.07,-22.92,72.0,101.0,90.38,Buy,282.89 thousand,Healthcare,Biotechnology,1,21.65,27.14,1.26,0.63,1.01
CCB,4.07,109.44,70.27,61.11,2,-0.34,-0.41,2/14,buy,49.51-118.0,13.33,7.000000000000001,126.0,122.5,Sell,119.69 thousand,Financial Services,Banks - Regional,1.057,103.83,124.12,0.95,0.88,0.05
PROV,4.12,15.56,39.18,4.56,6,0.0,0.01,6/14,buy,12.98-16.7,2.69,7.000000000000001,16.5,16.38,Buy,4.69 thousand,Financial Services,Banks - Regional,0.377,15.51,19.16,1.0,0.81,0.89
A,4.18,125.01,134.63,21.14,4,0.05,0.04,4/14,hold,96.43-153.84,8.14,19.0,165.0,151.92,mere Buy (some sold),1.87 million,Healthcare,Diagnostics & Research,1.24,121.8,146.6,0.97,0.85,0.0
SYNA,4.21,70.0,146.31,25.81,3,0.05,0.05,3/14,buy,41.8-89.81,11.29,22.0,95.0,88.78,mere Buy (some sold),341.55 thousand,Technology,Semiconductors,1.634,68.12,81.69,0.97,0.86,-0.02
EB,4.22,2.7,191.64,20.65,3,0.08,0.99,3/14,hold,1.81-4.12,10.91,34.0,3.0,2.92,mere Buy (some sold),498.76 thousand,Communication Services,Internet Content & Information,2.035,2.65,3.17,0.98,0.85,0.03
MRBK,4.24,15.5,53.76,74.38,2,-0.05,-0.19,2/14,buy,11.16-17.33,7.96,11.0,19.0,19.0,Sell ALL,64.98 thousand,Financial Services,Banks - Regional,0.737,14.54,17.31,0.94,0.9,0.15
FOA,4.24,24.88,139.81,50.31,1,0.04,0.13,1/14,hold,10.0-32.4,11.73,23.0,32.0,32.0,Sell,81.65 thousand,Financial Services,Credit Services,1.513,25.05,30.45,1.01,0.82,0.14
BBSI,4.25,46.83,101.2,33.6,5,0.1,0.7,5/14,strongBuy,35.81-49.65,5.72,6.0,55.0,53.25,Sell,157.31 thousand,Industrials,Staffing & Employment Services,1.006,45.57,54.84,0.97,0.85,-0.01
STT,4.25,112.49,148.77,32.58,4,-0.16,-0.06,4/14,buy,72.81-116.37,2.4,3.0,131.0,123.7,Buy,2.23 million,Financial Services,Asset Management,1.516,110.63,134.43,0.98,0.84,0.07
ADPT,4.26,12.91,89.04,58.51,2,0.18,0.64,2/14,buy,3.981-13.68,15.51,6.0,15.0,14.5,Buy,2.05 million,Healthcare,Biotechnology,1.937,12.12,14.68,0.94,0.88,0.07
NPCE,4.28,9.87,204.78,-7.46,2,-0.01,-0.09,2/14,buy,5.45-18.975,9.52,48.0,20.0,18.38,Buy,243.98 thousand,Healthcare,Medical Devices,1.904,9.76,11.72,0.99,0.84,0.01
IRBT,4.28,3.87,116.8,67.38,-2,0.17,0.22,-2/14,hold,1.76-13.06,-6.72,70.0,11.94,11.94,Buy time,1.64 million,Consumer Cyclical,Furnishings, Fixtures & Appliances,1.188,3.9,4.69,1.01,0.83,0.13
ESTC,4.28,89.16,100.08,23.03,3,0.28,0.69,3/14,buy,70.15-118.84,9.68,25.0,143.0,131.58,mere Buy (some sold),2.15 million,Technology,Software - Application,1.043,86.28,105.47,0.97,0.85,0.26
DBX,4.29,31.64,64.39,23.95,6,0.16,0.25,6/14,hold,24.245-33.33,15.68,5.0,35.0,31.56,Buy,3.40 million,Technology,Software - Infrastructure,0.697,28.65,34.67,0.91,0.91,-0.04
PARR,4.3,33.56,142.3,57.14,2,0.49,0.53,2/14,hold,11.86-36.39,9.04,8.0,39.0,35.62,Buy,1.36 million,Energy,Oil & Gas Refining & Marketing,1.822,31.86,38.44,0.95,0.87,-0.03
ANF,4.32,86.64,151.8,26.86,5,0.87,0.46,5/14,hold,65.4-167.71,-14.4,48.0,145.0,129.81,Sell,1.87 million,Consumer Cyclical,Apparel Retail,1.434,92.3,109.5,1.07,0.79,0.02
OMF,4.32,61.13,112.66,34.12,4,0.37,0.28,4/14,buy,38.0-63.25,8.65,3.0,74.0,69.61,Sell,969.15 thousand,Financial Services,Credit Services,1.253,58.44,70.66,0.96,0.87,0.11
GB,4.33,7.48,42.98,1.64,5,0.02,0.5,5/9,hold,4.44-8.0,1.6,6.0,0.1,0.1,Buy,45.34 thousand,Technology,Software - Infrastructure,0.443,7.42,9.38,0.99,0.8,2.5
SN,4.37,115.29,148.64,58.36,2,0.31,0.4,2/14,buy,60.5-128.51,-0.85,10.0,175.0,156.36,Buy,1.23 million,Consumer Cyclical,Furnishings, Fixtures & Appliances,1.63,112.9,134.76,0.98,0.86,-0.06
PTGX,4.37,58.18,230.82,21.33,2,-0.33,-2.78,2/14,buy,33.31-61.89,7.48,6.0,82.0,76.0,Buy,816.66 thousand,Healthcare,Biotechnology,2.221,56.62,69.39,0.97,0.84,-0.03
CZWI,4.38,16.36,63.58,51.68,5,0.09,0.35,5/14,buy,12.69-17.04,8.44,4.0,18.0,17.88,mere Buy (some sold),27.64 thousand,Financial Services,Banks - Regional,0.763,15.32,18.44,0.94,0.89,-0.02
ACIW,4.4,49.85,116.53,28.12,3,0.25,0.8,3/14,buy,40.45-59.71,15.88,17.0,77.0,70.8,mere Buy (some sold),805.15 thousand,Technology,Software - Infrastructure,1.074,46.81,55.91,0.94,0.89,0.0
KGS,4.41,33.58,109.21,-0.27,5,0.08,0.2,5/14,buy,26.21-50.43,5.94,33.0,48.0,46.1,Sell,1.61 million,Energy,Oil & Gas Equipment & Services,1.24,33.89,42.32,1.01,0.79,0.57
ERJ,4.42,57.5,117.02,27.06,4,-0.96,-24.67,4/14,buy,32.26-62.09,-0.54,7.000000000000001,79.0,71.86,mere Buy (some sold),2.51 million,Industrials,Aerospace & Defense,1.123,56.23,69.42,0.98,0.83,0.48
RNGR,4.44,14.41,49.51,40.47,5,0,0,5/14,buy,10.56-18.45,11.84,22.0,18.0,17.25,Buy time,163.34 thousand,Energy,Oil & Gas Equipment & Services,0.449,13.24,15.92,0.92,0.91,0.13
EHTH,4.45,3.82,137.65,-4.04,0,0.9,0.89,0/14,hold,3.18-11.36,14.66,66.0,12.0,10.62,Sell,304.87 thousand,Financial Services,Insurance Brokers,1.127,3.97,4.75,1.04,0.8,0.43
IRMD,4.47,72.43,86.42,56.14,5,0.06,0.15,5/14,buy,46.86-74.43,2.64,3.0,75.0,74.25,- +Buy time -,54.02 thousand,Healthcare,Medical Devices,1.027,65.84,79.64,0.91,0.91,0.06
XPO,4.49,133.95,201.58,29.67,3,0.14,0.18,3/14,buy,85.06-161.0,10.8,17.0,156.0,147.69,Buy,1.10 million,Industrials,Trucking,1.763,130.82,156.57,0.98,0.86,-0.02
YMM,4.49,13.57,54.2,42.87,3,0.17,0.14,3/14,buy,7.2-13.845,19.01,2.0,19.772411,17.65,Buy,12.35 million,Technology,Software - Application,0.209,12.37,14.84,0.91,0.91,0.2
APG,4.49,35.21,160.71,7.53,7,0.03,0.07,7/14,buy,20.503332-36.55,-1.08,4.0,42.0,41.5,Buy,3.86 million,Industrials,Engineering & Construction,1.613,35.14,42.58,1.0,0.83,0.01
ATGE,4.54,136.27,90.77,22.2,6,0.4,0.25,6/14,buy,71.09-140.12,15.91,3.0,169.0,160.62,mere Buy (some sold),358.80 thousand,Consumer Defensive,Education & Training Services,0.941,126.92,152.25,0.93,0.9,-0.09
TDOC,4.55,7.71,184.93,32.67,2,0.3,0.91,2/14,hold,6.35-15.21,9.6,49.0,12.0,10.56,mere Buy (some sold),6.19 million,Healthcare,Health Information Services,1.848,7.97,9.58,1.03,0.8,0.02
DAVE,4.58,225.5,395.07,35.47,-1,2.27,1.38,-1/14,buy,36.2-286.45,-8.87,21.0,320.0,295.93,Buy,482.76 thousand,Technology,Software - Application,3.945,226.67,274.84,1.01,0.82,0.04
LPX,4.61,94.98,184.69,26.78,4,0.05,0.03,4/14,buy,78.82-122.87,3.59,23.0,135.0,118.7,mere Buy (some sold),800.64 thousand,Industrials,Building Products & Equipment,1.838,93.57,112.77,0.99,0.84,-0.01
CRNC,4.62,10.19,164.5,67.91,-1,0.54,3.31,-1/14,hold,2.365-27.5,16.0,63.0,16.0,13.88,Buy,1.77 million,Technology,Software - Application,2.793,10.15,12.4,1.0,0.82,0.09
MGNX,4.64,1.54,99.91,59.89,0,-0.91,-2.44,0/14,hold,0.99-5.1,-6.15,70.0,5.0,4.2,Sell,778.66 thousand,Healthcare,Biotechnology,1.638,1.64,1.97,1.06,0.78,0.2
ANGO,4.65,10.69,73.84,19.96,2,0.25,1.98,2/14,buy,5.83-13.5,18.9,21.0,24.0,21.12,mere Buy (some sold),627.45 thousand,Healthcare,Medical Instruments & Supplies,0.637,9.95,12.2,0.93,0.88,0.22
SNEX,4.66,95.41,143.81,30.96,6,0.03,0.02,6/14,buy,53.213333-106.98,-2.96,11.0,115.0,115.0,Sell,512.13 thousand,Financial Services,Capital Markets,0.566,96.71,114.13,1.01,0.84,0.12
TASK,4.66,17.5,208.96,11.51,6,0.15,0.45,6/14,hold,10.57-19.6,2.6,11.0,17.0,16.81,Sell,237.95 thousand,Technology,Information Technology Services,2.162,17.31,20.75,0.99,0.84,0.11
NBIX,4.69,139.82,52.74,25.27,7,-0.24,-0.26,7/14,buy,84.23-154.61,8.43,10.0,200.0,184.13,mere Buy (some sold),954.81 thousand,Healthcare,Drug Manufacturers - Specialty & Generic,0.283,135.11,162.49,0.97,0.86,0.06
ALGT,4.74,62.33,144.79,60.05,1,0.64,0.62,1/14,hold,39.8-107.57,22.05,42.0,80.0,70.96,Sell,373.49 thousand,Industrials,Airlines,1.709,57.94,70.02,0.93,0.89,0.05
RGP,4.75,5.19,62.16,6.1,4,0.19,17.2,4/14,buy,4.44-10.27,11.63,49.0,15.0,12.0,Buy,266.71 thousand,Industrials,Consulting Services,0.605,5.25,6.28,1.01,0.83,0.04
FOXA,4.78,58.31,81.35,14.96,9,0.47,0.5,9/14,hold,39.345-62.69,2.73,7.000000000000001,72.0,66.35,Sell,3.76 million,Communication Services,Entertainment,0.533,58.0,71.15,0.99,0.82,-0.01
THC,4.79,189.86,171.74,31.31,4,2.38,0.79,4/14,buy,109.82-199.99,15.16,5.0,238.0,219.21,mere Buy (some sold),1.34 million,Healthcare,Medical Care Facilities,1.557,175.91,214.21,0.93,0.89,-0.05
OPBK,4.79,14.5,89.35,53.96,4,0.09,0.28,4/14,buy,10.43-18.57,12.76,22.0,16.5,16.25,mere Buy (some sold),61.45 thousand,Financial Services,Banks - Regional,0.72,13.64,16.24,0.94,0.89,0.25
TARS,4.8,49.42,43.79,57.02,3,-0.13,-0.36,3/14,buy,30.225-59.76,15.2,17.0,92.0,84.0,Sell,583.19 thousand,Healthcare,Biotechnology,0.818,47.73,57.45,0.97,0.86,0.01
CHGG,4.82,1.43,79.5,29.79,2,-0.01,-29.86,2/14,hold,0.44-2.73,3.14,47.0,4.0,3.4,Sell ALL,3.51 million,Consumer Defensive,Education & Training Services,1.854,1.47,1.79,1.03,0.8,0.31
BLFS,4.83,25.43,169.46,49.29,2,0.09,4.21,2/14,buy,19.1-29.55,17.87,14.000000000000002,34.0,32.65,mere Buy (some sold),411.75 thousand,Healthcare,Medical Instruments & Supplies,1.779,23.73,28.63,0.93,0.89,-0.01
MAMA,4.84,9.78,65.32,54.4,3,0.03,1.12,3/14,buy,5.5-9.98,14.11,2.0,16.0,15.0,mere Buy (some sold),243.26 thousand,Consumer Defensive,Packaged Foods,0.651,8.86,10.75,0.91,0.91,0.21
ALLT,4.85,9.21,140.25,18.27,1,0.1,1.4,1/14,buy,2.78-10.77,17.26,14.000000000000002,15.0,15.0,Buy,1.12 million,Technology,Software - Infrastructure,1.434,8.58,10.53,0.93,0.87,0.92
QBTS,4.87,17.75,141.4,41.45,4,-0.02,-0.3,4/14,buy,0.872-20.56,3.24,14.000000000000002,30.0,26.1,Buy time,33.13 million,Technology,Computer Hardware,1.382,16.86,20.16,0.95,0.88,-0.01
DDL,4.88,2.23,68.01,30.2,6,1,1,6/14,buy,1.95-4.79,5.83,53.0,3.5307174,3.1,mere Buy (some sold),526.05 thousand,Consumer Defensive,Grocery Stores,0.47,2.22,2.74,1.0,0.81,0.25
ARQT,4.93,16.73,149.15,47.65,3,0.04,0.23,3/14,buy,8.03-18.15,13.18,8.0,25.0,23.43,mere Buy (some sold),1.67 million,Healthcare,Biotechnology,1.938,15.65,18.8,0.94,0.89,0.0
RMNI,4.99,4.62,103.1,113.5,-3,-0.07,-0.92,-3/14,buy,1.53-5.38,11.04,14.000000000000002,7.0,6.81,Buy,580.36 thousand,Technology,Software - Application,1.468,4.42,5.56,0.96,0.83,0.7
MDXG,4.99,6.94,162.12,44.85,3,0.05,0.73,3/14,buy,5.47-10.14,-3.03,32.0,13.0,12.6,mere Buy (some sold),727.13 thousand,Healthcare,Biotechnology,1.744,6.89,8.47,0.99,0.82,0.2
REAX,5.0,5.12,65.66,68.45,3,0.03,3.56,3/14,buy,3.795-6.61,21.95,22.0,7.0,6.67,Buy,1.25 million,Real Estate,Real Estate Services,0.607,4.59,5.42,0.9,0.94,0.06
MGNI,5.03,23.44,250.43,61.79,0,0.1,1.38,0/14,buy,8.22-26.65,3.24,12.0,39.0,33.6,mere Buy (some sold),2.89 million,Communication Services,Advertising Agencies,3.051,23.77,28.83,1.01,0.81,0.06
LAKE,5.04,14.52,114.24,24.28,6,-0.01,4.73,6/14,buy,12.76-27.28,5.42,47.0,27.0,25.62,Sell ALL,149.46 thousand,Consumer Cyclical,Apparel Manufacturing,1.106,14.62,18.5,1.01,0.78,-0.07
PTC,5.04,205.52,125.49,51.14,5,0.82,0.63,5/14,buy,133.38-219.69,-5.3,6.0,250.0,237.34,mere Buy (some sold),1.30 million,Technology,Software - Application,1.184,200.49,247.42,0.98,0.83,0.54
BBW,5.05,73.8,44.65,84.66,2,0.5,0.62,2/14,buy,30.47-75.24,31.0,2.0,85.0,82.5,Buy,335.95 thousand,Consumer Cyclical,Specialty Retail,0.683,58.13,73.22,0.79,1.01,0.11
SYF,5.09,76.46,175.84,50.57,4,0.97,0.56,4/14,buy,40.545-77.41,9.82,1.0,100.0,90.0,Buy,3.11 million,Financial Services,Credit Services,1.48,71.54,87.04,0.94,0.88,-0.09
FTI,5.09,39.23,117.35,27.28,7,0.06,0.08,7/14,buy,22.12-41.3,9.15,5.0,51.0,46.02,mere Buy (some sold),4.87 million,Energy,Oil & Gas Equipment & Services,1.102,36.64,44.4,0.93,0.88,0.04
TATT,5.1,37.68,77.96,94.65,3,-0.03,-0.1,3/14,buy,16.25-41.0,4.78,8.0,40.0,39.17,Buy,154.94 thousand,Industrials,Aerospace & Defense,0.785,34.31,41.19,0.91,0.91,0.39
PLTR,5.1,170.02,254.77,55.43,2,0.02,0.17,2/14,hold,35.56-190.0,5.51,11.0,200.0,175.87,Buy,66.47 million,Technology,Software - Infrastructure,2.592,158.02,192.24,0.93,0.88,0.07
HRMY,5.11,32.26,75.16,6.16,9,0.08,0.09,9/14,buy,26.47-41.61,-10.15,22.0,70.0,60.32,Sell,602.12 thousand,Healthcare,Biotechnology,0.841,35.36,42.43,1.1,0.76,0.05
OLO,5.11,10.26,139.62,53.86,4,0.01,0.04,4/13,hold,4.56-10.545,-2.14,3.0,10.25,10.25,Sell ALL,5.25 million,Technology,Software - Application,1.587,9.96,12.54,0.97,0.82,0.84
DK,5.17,28.77,72.96,85.26,1,0.38,0.37,1/14,hold,11.03-32.61,26.57,12.0,40.0,33.35,Sell,1.81 million,Energy,Oil & Gas Refining & Marketing,1.073,24.88,29.86,0.86,0.96,0.2
DHX,5.17,2.94,174.28,41.22,-2,0.11,15.0,-2/14,buy,1.21-3.34,8.5,12.0,11.5,8.79,Sell,186.10 thousand,Technology,Software - Application,1.548,2.86,3.65,0.97,0.81,0.66
SONY,5.18,29.24,119.24,41.48,6,0.15,1.04,6/14,buy,17.42-29.435,15.31,1.0,35.82,33.91,Buy,3.88 million,Technology,Consumer Electronics,0.782,26.31,31.84,0.9,0.92,-0.05
KRMD,5.19,3.94,74.29,50.82,4,0.06,2.5,4/14,buy,1.86-5.05,14.32,22.0,7.0,6.3,mere Buy (some sold),122.24 thousand,Healthcare,Medical Instruments & Supplies,0.572,3.83,4.67,0.97,0.84,0.14
DY,5.19,256.2,140.96,22.07,9,0.86,0.41,9/14,buy,131.37-285.64,-3.43,10.0,310.0,303.94,Buy,351.11 thousand,Industrials,Engineering & Construction,1.184,257.47,312.55,1.0,0.82,0.03
CVRX,5.19,7.37,106.14,62.13,4,-0.01,-0.02,4/14,buy,4.299-18.55,-2.44,60.0,14.0,12.42,Sell,203.35 thousand,Healthcare,Medical Devices,1.224,7.51,9.03,1.02,0.82,0.1
CTRN,5.19,34.33,189.34,42.72,2,0.73,2.22,2/14,buy,16.18-39.37,13.63,13.0,53.0,50.5,mere Buy (some sold),90.70 thousand,Consumer Cyclical,Apparel Retail,2.079,32.92,41.39,0.96,0.83,0.29
DYN,5.19,12.83,79.86,62.74,0,-0.25,-0.29,0/14,buy,6.36-37.08,20.11,65.0,50.0,42.68,Sell,2.36 million,Healthcare,Biotechnology,1.103,11.48,13.7,0.89,0.94,-0.05
AKA,5.2,10.85,125.77,10.36,-3,0.37,0.7,-3/14,hold,7.0-29.2,-6.27,63.0,30.0,25.25,Buy,4.76 thousand,Consumer Cyclical,Apparel Retail,1.64,11.29,14.34,1.04,0.76,2.5
PRKS,5.21,52.03,190.1,43.34,3,-0.22,-0.43,3/14,hold,37.68-60.83,9.03,14.000000000000002,81.0,69.23,Sell,904.17 thousand,Consumer Cyclical,Leisure,1.347,50.28,61.93,0.97,0.84,0.15
SABS,5.22,2.13,72.3,62.21,0,0.22,0.11,0/14,buy,1.0-6.6,-7.06,68.0,14.0,11.6,Buy,81.90 thousand,Healthcare,Biotechnology,0.549,2.27,2.78,1.07,0.77,0.96
GRCE,5.23,3.09,98.55,10.01,5,0.56,1.4,5/14,buy,1.75-4.97,2.91,38.0,12.469479,12.14,mere Buy (some sold),75.75 thousand,Healthcare,Biotechnology,1.061,3.16,3.8,1.02,0.81,0.17
HLVX,5.24,2.09,85.54,27.74,5,0.26,0.75,5/14,hold,1.34-2.17,1.2,4.0,0.1,0.1,Sell,969.81 thousand,Healthcare,Biotechnology,0.765,2.08,3.35,1.0,0.62,2.5
BILL,5.27,51.81,145.27,43.43,3,0.25,0.64,3/14,hold,36.55-100.19,18.15,48.0,89.0,73.68,Buy,3.12 million,Technology,Software - Application,1.371,46.49,55.98,0.9,0.93,0.07
INN,5.27,5.77,197.36,45.3,4,-0.03,-1.0,4/14,hold,3.57-7.22,13.58,20.0,8.0,7.22,Buy,1.74 million,Real Estate,REIT - Hotel & Motel,1.703,5.38,7.09,0.93,0.81,-0.16
MEOH,5.28,40.05,125.83,19.5,6,0.69,2.47,6/14,buy,25.46-54.49,17.33,27.0,65.0,56.06,Buy,564.59 thousand,Basic Materials,Chemicals,1.214,35.36,42.28,0.88,0.95,0.03
PRDO,5.29,34.95,99.18,23.77,8,0.06,0.09,8/14,strongBuy,20.55-35.15,20.02,1.0,40.0,40.0,Buy,597.83 thousand,Consumer Defensive,Education & Training Services,0.902,31.67,37.9,0.91,0.92,-0.04
NTGR,5.29,29.21,150.32,26.16,6,0.6,2.45,6/14,strongBuy,18.75-31.55,18.9,7.000000000000001,35.0,33.5,Buy,463.99 thousand,Technology,Communication Equipment,1.071,27.44,32.76,0.94,0.89,0.08
CVNA,5.3,367.3,307.45,34.67,3,0.92,1.17,3/14,hold,143.03-413.335,1.81,11.0,500.0,457.1,mere Buy (some sold),2.54 million,Consumer Cyclical,Auto & Truck Dealerships,3.516,353.79,436.07,0.96,0.84,-0.0
AAP,5.32,63.69,78.87,70.47,5,0.58,0.86,5/14,hold,28.89-70.0,15.95,9.0,65.0,59.17,- +Buy time -,2.31 million,Consumer Cyclical,Auto Parts,1.093,57.31,69.81,0.9,0.91,0.23
NVDA,5.35,177.68,224.38,50.5,4,0.1,0.12,4/14,buy,86.62-184.48,-1.3,4.0,270.0,239.3,Buy,180.27 million,Technology,Semiconductors,2.102,171.14,206.26,0.96,0.86,-0.02
ACAD,5.36,24.4,98.96,17.74,9,0.02,0.21,9/14,buy,13.4-26.65,1.48,8.0,40.0,35.16,Sell,1.99 million,Healthcare,Biotechnology,0.754,24.1,29.37,0.99,0.83,0.01
INOD,5.39,64.94,171.79,89.33,-1,0.12,0.82,-1/14,buy,13.02-71.0,30.95,9.0,75.0,69.7,Buy,2.57 million,Technology,Information Technology Services,2.581,48.15,60.0,0.74,1.08,0.25
LZ,5.43,10.61,121.62,55.82,5,0.0,0.02,5/14,hold,6.26-11.93,17.48,11.0,14.0,12.82,Buy,1.91 million,Industrials,Specialty Business Services,1.257,9.81,11.81,0.92,0.9,-0.01
CMPO,5.44,19.18,82.92,87.46,3,0.08,0.41,3/14,buy,9.244-20.14,26.23,5.0,23.0,21.0,mere Buy (some sold),759.38 thousand,Industrials,Metal Fabrication,0.995,16.56,19.78,0.86,0.97,-0.02
CXT,5.47,60.19,108.03,25.83,9,0.05,0.07,9/14,buy,41.54-67.01,5.09,10.0,88.0,80.83,mere Buy (some sold),378.24 thousand,Industrials,Specialty Industrial Machinery,1.189,58.92,70.49,0.98,0.85,-0.06
NXT,5.48,67.52,185.63,46.6,3,0.45,0.45,3/14,buy,30.93-71.44,16.61,5.0,97.0,83.92,mere Buy (some sold),2.70 million,Technology,Solar,2.265,63.51,78.33,0.94,0.86,0.24
AIOT,5.49,5.09,64.98,33.45,3,-0.04,-1.17,3/14,buy,3.7-8.71,24.04,42.0,15.0,12.67,Buy,1.78 million,Technology,Software - Infrastructure,1.274,4.64,5.54,0.91,0.92,0.02
GCMG,5.5,12.94,86.66,31.78,8,0.01,0.03,8/14,buy,10.74-14.48,8.39,11.0,20.0,17.81,Buy,505.06 thousand,Financial Services,Asset Management,0.76,12.25,14.89,0.95,0.87,0.07
AAL,5.53,12.62,132.46,45.7,5,0.26,0.35,5/14,buy,8.5-19.1,10.7,34.0,20.0,16.87,Sell,67.97 million,Industrials,Airlines,1.401,12.41,14.99,0.98,0.84,0.2
CALM,5.53,110.18,54.92,24.3,12,0.41,0.09,12/14,hold,69.24-126.4,5.96,13.0,115.0,112.25,mere Buy (some sold),844.83 thousand,Consumer Defensive,Farm Products,0.258,107.52,128.15,0.98,0.86,-0.03
WSM,5.55,199.79,200.53,58.43,6,0.29,0.16,6/14,hold,125.33-219.98,-0.36,9.0,230.0,217.16,mere Buy (some sold),1.46 million,Consumer Cyclical,Specialty Retail,1.523,186.47,223.8,0.93,0.89,-0.04
TH,5.55,8.85,183.87,56.04,4,-0.05,-0.97,4/14,hold,4.0-11.1,16.43,20.0,11.0,10.75,Buy,396.24 thousand,Industrials,Specialty Business Services,2.003,8.11,10.16,0.92,0.87,0.04
UNFI,5.57,28.4,113.61,71.34,6,0.28,1.38,6/14,hold,15.01-34.76,7.15,18.0,36.0,31.81,mere Buy (some sold),1.13 million,Consumer Defensive,Food Distribution,0.9,26.44,32.08,0.93,0.89,-0.03
SYM,5.58,51.47,251.63,107.3,2,0.02,0.54,2/14,hold,16.318-64.16,-9.91,20.0,60.0,54.3,Buy,2.17 million,Industrials,Specialty Industrial Machinery,2.056,48.54,57.79,0.94,0.89,-0.03
FLXS,5.64,48.2,24.08,77.12,2,0.81,0.95,2/14,strongBuy,29.38-65.87,29.34,27.0,57.0,57.0,mere Buy (some sold),32.21 thousand,Consumer Cyclical,Furnishings, Fixtures & Appliances,0.351,41.36,52.42,0.86,0.92,1.04
ADTN,5.64,10.34,157.09,67.84,4,0.05,1.0,4/14,buy,5.26-12.44,8.41,17.0,15.0,13.5,Buy,974.82 thousand,Technology,Communication Equipment,1.391,9.37,11.3,0.91,0.92,0.13
FBRX,5.64,11.96,240.34,-15.08,0,0.15,0.13,0/14,buy,4.11-28.68,18.14,57.99999999999999,75.0,63.62,Buy time,180.51 thousand,Healthcare,Biotechnology,2.689,11.87,16.52,0.99,0.72,0.98
JILL,5.66,18.08,124.92,63.21,5,0.08,0.1,5/14,buy,13.36-30.4,12.25,41.0,26.0,23.0,mere Buy (some sold),106.56 thousand,Consumer Cyclical,Apparel Retail,0.741,16.39,19.82,0.91,0.91,0.09
IESC,5.67,373.64,227.56,77.88,3,0,0,3/14,buy,146.51-388.7,8.57,4.0,421.0,421.0,Buy,133.24 thousand,Industrials,Engineering & Construction,1.642,337.9,408.93,0.9,0.91,0.02
GO,5.68,17.2,38.85,69.17,7,0.12,1.16,7/14,hold,10.26-21.67,21.98,21.0,20.0,18.08,Sell,2.62 million,Consumer Defensive,Grocery Stores,0.327,15.64,18.66,0.91,0.92,-0.0
TENX,5.7,6.11,135.28,13.47,5,0.31,0.71,5/14,buy,3.25-7.89,-1.15,23.0,30.0,24.4,Buy,26.26 thousand,Healthcare,Biotechnology,1.443,6.13,7.96,1.0,0.77,0.43
CCL,5.74,30.92,264.99,63.5,3,0.22,5.3,3/14,buy,15.07-32.8,3.87,6.0,43.0,38.41,Sell,19.22 million,Consumer Cyclical,Travel Services,2.708,29.65,36.23,0.96,0.85,0.02
APEI,5.74,35.08,209.2,40.23,6,0.47,4.0,6/14,buy,13.45-35.97,14.65,2.0,40.0,38.25,Buy,246.84 thousand,Consumer Defensive,Education & Training Services,1.618,31.11,38.1,0.89,0.92,-0.01
AMRX,5.76,9.79,114.24,55.68,6,0.14,0.86,6/14,strongBuy,6.685-10.34,18.69,5.0,13.0,12.5,Buy,1.68 million,Healthcare,Drug Manufacturers - Specialty & Generic,1.192,8.83,10.78,0.9,0.91,0.04
PLUG,5.78,1.53,120.86,100.73,-1,-0.02,-0.17,-1/14,hold,0.69-3.32,5.38,54.0,5.0,3.48,Buy,62.11 million,Industrials,Electrical Equipment & Parts,2.099,1.57,1.95,1.03,0.78,0.18
SNCY,5.8,13.27,192.1,60.34,2,0.05,0.26,2/14,buy,8.1-18.588,20.5,28.999999999999996,23.0,20.11,Buy,998.74 thousand,Industrials,Airlines,1.626,12.62,15.22,0.95,0.87,0.07
INGN,5.8,8.57,191.77,65.59,2,0.21,1.34,2/14,strongBuy,5.7-12.91,23.69,34.0,14.0,12.5,Buy,187.19 thousand,Healthcare,Medical Devices,1.79,7.46,8.99,0.87,0.95,-0.05
CLBT,5.8,17.21,126.54,28.0,6,0.02,0.29,6/14,buy,13.1-26.3,20.74,35.0,28.0,25.29,Buy,2.36 million,Technology,Software - Infrastructure,1.277,15.84,19.36,0.92,0.89,0.23
ANTX,5.81,1.25,0.0,35.31,2,0.02,0.03,2/14,strongBuy,0.975-1.675,16.0,25.0,2.0,1.75,Buy time,127.48 thousand,Healthcare,Biotechnology,1,1.14,1.45,0.91,0.86,2.33
CXDO,5.85,6.61,160.23,57.54,4,0.05,0.76,4/14,buy,3.75-7.34,11.2,10.0,11.0,9.79,- +Buy time -,202.27 thousand,Communication Services,Telecom Services,0.982,6.17,7.66,0.93,0.86,0.24
APLS,5.88,24.01,85.28,84.32,3,-0.25,-0.85,3/14,buy,16.1-37.835,-1.04,37.0,60.0,49.28,Sell,2.40 million,Healthcare,Biotechnology,0.723,23.15,27.35,0.96,0.88,0.09
JOBY,5.88,14.15,298.64,147.73,0,-0.01,-0.08,0/14,hold,4.78-20.95,-44.05,32.0,22.0,16.42,Buy time,35.18 million,Industrials,Airports & Air Services,2.507,14.53,17.99,1.03,0.79,0.38
WRBY,5.9,27.05,209.39,52.89,6,0.03,0.33,6/14,buy,13.63-29.73,9.46,9.0,30.0,28.04,Buy,1.45 million,Healthcare,Medical Instruments & Supplies,2.109,24.78,30.05,0.92,0.9,0.07
ARHS,5.94,10.98,238.71,79.1,2,0.07,0.16,2/14,hold,6.61-13.97,17.81,21.0,14.0,13.04,mere Buy (some sold),1.87 million,Consumer Cyclical,Specialty Retail,2.583,10.34,12.49,0.94,0.88,0.0
BBVA,5.95,19.22,158.84,61.92,7,0.1,0.23,7/14,buy,9.23-19.39,11.22,1.0,21.66626,20.5,- +Buy time -,1.35 million,Financial Services,Banks - Diversified,1.461,16.89,20.27,0.88,0.95,-0.06
FSLY,5.98,8.56,168.47,59.05,5,0.03,0.62,5/14,hold,4.65-12.08,24.46,28.999999999999996,10.0,8.83,Buy time,2.99 million,Technology,Software - Application,1.239,7.29,9.04,0.85,0.95,0.04
GEV,5.99,630.6,141.22,64.3,9,0.75,1.49,9/14,buy,225.24-677.29,-5.1,7.000000000000001,760.0,710.34,Buy,2.65 million,Industrials,Specialty Industrial Machinery,1,597.36,714.42,0.95,0.88,-0.04
FSS,6.01,126.72,159.87,55.83,8,0.14,0.14,8/14,buy,66.47-130.3,1.78,3.0,145.0,138.5,Buy,582.75 thousand,Industrials,Pollution & Treatment Controls,1.323,118.39,145.13,0.93,0.87,0.15
CYRX,6.05,8.65,155.61,85.26,2,-0.15,-0.59,2/14,buy,4.58-10.46,17.27,17.0,16.0,14.06,mere Buy (some sold),488.38 thousand,Industrials,Integrated Freight & Logistics,1.626,8.27,9.88,0.96,0.88,0.04
PVH,6.09,83.47,155.53,63.2,5,0.57,0.28,5/14,hold,59.28-113.47,10.82,26.0,148.0,122.39,Sell,1.30 million,Consumer Cyclical,Apparel Manufacturing,1.838,76.81,93.38,0.92,0.89,0.01
RSSS,6.1,3.36,133.4,56.28,3,-0.08,-3.57,3/14,buy,2.32-4.24,21.73,21.0,6.0,5.56,Buy,62.08 thousand,Technology,Software - Application,0.664,2.97,3.55,0.88,0.95,0.51
RDNT,6.15,75.07,172.07,77.25,4,-0.06,-0.59,4/14,buy,45.001-93.65,25.7,20.0,81.0,79.21,Buy,639.77 thousand,Healthcare,Diagnostics & Research,1.545,63.56,76.99,0.85,0.98,0.11
MXL,6.16,16.63,262.19,60.63,3,0.0,0.07,3/14,hold,8.35-25.73,8.3,35.0,27.5,23.68,Buy,1.26 million,Technology,Semiconductors,1.76,15.65,18.87,0.94,0.88,0.12
BTDR,6.16,16.05,163.15,98.78,0,-0.21,-0.94,0/14,buy,6.34-26.99,19.13,41.0,33.6,27.74,- Buy time -,4.15 million,Technology,Software - Application,2.233,13.62,16.48,0.85,0.97,0.06
ATRA,6.17,11.78,48.81,104.4,6,5.94,4.41,6/14,buy,5.005-18.705,3.9,37.0,17.0,16.67,Sell,52.01 thousand,Healthcare,Biotechnology,0.223,11.06,13.34,0.94,0.88,0.26
RLX,6.17,2.6,158.62,53.21,5,0.06,0.33,5/14,buy,1.57-2.84,13.85,8.0,4.0301485,3.55,mere Buy (some sold),3.67 million,Consumer Defensive,Tobacco,1.089,2.37,3.01,0.91,0.86,0.41
SVCO,6.2,5.13,130.74,39.27,2,-0.16,-10.49,2/14,buy,3.55-15.94,13.65,68.0,12.0,10.83,mere Buy (some sold),130.16 thousand,Technology,Software - Application,1,5.02,6.48,0.98,0.79,1.01
BKSY,6.21,19.41,437.55,100.45,-2,0.2,0.42,-2/14,buy,3.86-28.85,-5.98,33.0,31.0,28.14,- +Buy time -,1.88 million,Industrials,Specialty Business Services,2.156,19.55,23.52,1.01,0.83,-0.06
MESO,6.22,15.27,129.19,113.3,2,1,1,2/14,strongBuy,6.0-22.0,-1.05,31.0,30.0,28.5,Buy,217.94 thousand,Healthcare,Biotechnology,1.171,13.76,16.71,0.9,0.91,0.3
RCAT,6.24,10.48,171.25,129.36,0,-0.15,-1.52,0/14,buy,2.31-15.274,15.78,31.0,16.0,15.67,Buy time,6.57 million,Industrials,Aerospace & Defense,1.038,8.9,10.75,0.85,0.97,0.08
VCYT,6.25,31.69,200.44,49.65,4,0.25,1.0,4/14,buy,22.61-47.316,23.27,33.0,45.0,42.38,mere Buy (some sold),1.37 million,Healthcare,Diagnostics & Research,2.073,28.49,34.82,0.9,0.91,0.35
NET,6.25,228.88,252.52,59.79,6,0.03,0.14,6/14,buy,77.6-230.1,8.78,1.0,255.0,232.0,Buy,2.52 million,Technology,Software - Infrastructure,1.949,203.23,244.11,0.89,0.94,-0.02
APLT,6.3,0.42,237.05,66.95,3,0.05,0.29,3/14,buy,0.295-10.624,-12.98,96.0,5.0,4.08,mere Sell (some bought),1.43 million,Healthcare,Biotechnology,2.062,0.45,0.55,1.07,0.76,0.07
VITL,6.3,48.43,130.23,77.98,5,0.2,0.75,5/14,buy,27.91-53.125,25.03,9.0,60.0,56.3,Buy,990.76 thousand,Consumer Defensive,Farm Products,0.937,43.38,52.24,0.9,0.93,0.14
ELF,6.32,142.32,217.49,44.48,7,0.11,0.15,7/14,buy,49.4-147.33,18.3,3.0,165.0,152.36,Buy,1.69 million,Consumer Defensive,Household & Personal Products,1.582,125.7,150.16,0.88,0.95,-0.01
SHOP,6.33,146.85,263.46,78.52,3,0.06,0.22,3/14,buy,69.84-156.85,14.74,6.0,200.0,180.55,Buy,6.60 million,Technology,Software - Application,2.7,130.35,157.93,0.89,0.93,-0.04
SE,6.35,192.22,174.88,55.14,7,-0.12,-0.13,7/14,buy,78.512-199.3,18.46,4.0,241.0,221.56,Buy,3.72 million,Consumer Cyclical,Internet Retail,1.533,170.45,204.94,0.89,0.94,-0.0
LQDT,6.38,27.12,107.64,36.28,10,0.05,0.17,10/14,strongBuy,21.23-39.72,10.51,32.0,42.0,41.5,Buy,291.38 thousand,Consumer Cyclical,Internet Retail,1.078,25.44,30.95,0.94,0.88,0.07
NEO,6.41,8.07,187.81,56.59,1,0.02,1.22,1/14,hold,4.72-19.11,29.74,57.99999999999999,14.0,12.0,Buy,3.01 million,Healthcare,Diagnostics & Research,1.615,7.24,8.98,0.9,0.9,0.77
C,6.41,99.81,207.07,58.78,7,0.46,0.28,7/14,buy,55.51-100.16,7.74,0.0,124.0,112.85,Buy,14.29 million,Financial Services,Banks - Diversified,1.4,91.82,110.72,0.92,0.9,0.12
VRAR,6.42,1.49,119.31,24.55,2,-0.01,-1.5,2/14,buy,0.503-7.0,5.37,79.0,2.62,2.62,Buy,1.06 million,Technology,Software - Infrastructure,1.161,1.49,3.41,1.0,0.44,2.5
GTLS,6.42,199.6,151.1,81.98,3,0.11,0.05,3/14,hold,104.6-220.03,0.43,9.0,227.0,216.83,mere Buy (some sold),2.40 million,Industrials,Specialty Industrial Machinery,1.672,183.87,232.84,0.92,0.86,1.51
TLN,6.45,407.37,160.69,90.23,6,-0.9,-4.97,6/14,buy,148.02-411.26,4.1,1.0,576.0,502.23,Buy,934.20 thousand,Utilities,Utilities - Independent Power Producers,1.582,350.88,422.51,0.86,0.96,0.05
BBIO,6.47,51.1,149.64,50.0,8,-0.34,-0.56,8/14,buy,21.72-54.6,6.56,6.0,95.0,80.05,mere Buy (some sold),2.68 million,Healthcare,Biotechnology,1.255,48.7,58.62,0.95,0.87,-0.07
TTMI,6.49,48.31,242.23,68.41,6,0.16,0.38,6/14,buy,15.77-51.15,7.2,6.0,60.0,58.38,Buy,2.23 million,Technology,Electronic Components,1.566,44.88,53.79,0.93,0.9,0.03
SMTC,6.49,61.6,209.41,95.95,4,0.02,0.05,4/14,buy,24.05-79.52,16.09,23.0,76.0,69.96,Buy,1.81 million,Technology,Semiconductors,1.987,52.44,63.15,0.85,0.98,-0.06
FIVE,6.58,147.37,135.18,42.32,11,0.21,0.33,11/14,hold,52.38-155.34,7.36,5.0,185.0,171.05,Sell,1.15 million,Consumer Cyclical,Specialty Retail,1.094,139.56,168.33,0.95,0.88,0.04
ALAR,6.59,15.47,129.85,93.21,4,0.3,22.5,4/14,buy,5.45-21.5,14.8,28.000000000000004,27.0,25.25,Buy time,106.42 thousand,Technology,Software - Infrastructure,0.612,14.12,16.79,0.91,0.92,0.21
TPB,6.6,103.39,114.11,84.18,7,0.31,0.39,7/14,buy,38.5-104.7604,20.89,1.0,115.0,111.38,Buy,307.88 thousand,Consumer Defensive,Tobacco,0.768,88.64,106.66,0.86,0.97,0.13
KN,6.63,22.34,185.14,64.32,8,0.01,0.03,8/14,buy,12.19-22.65,10.54,1.0,25.0,23.75,Buy,682.68 thousand,Technology,Electronic Components,1.501,20.05,24.92,0.9,0.9,0.12
WMT,6.65,103.71,90.08,18.72,15,-0.03,-0.02,15/14,buy,77.49-105.3,4.19,2.0,127.0,119.63,Buy,14.65 million,Consumer Defensive,Discount Stores,0.654,99.05,118.55,0.96,0.87,-0.02
TPR,6.65,110.15,212.1,68.06,8,0.02,0.02,8/14,buy,42.06-114.05,-1.2,3.0,142.0,129.08,Buy,4.23 million,Consumer Cyclical,Luxury Goods,1.538,100.96,122.12,0.92,0.9,0.09
UPLD,6.69,2.51,127.19,104.67,1,0.03,0.15,1/14,buy,1.69-5.64,18.73,55.00000000000001,5.0,4.67,Buy,208.26 thousand,Technology,Software - Application,1.157,2.28,2.82,0.91,0.89,0.56
ALK,6.71,60.01,171.47,60.23,7,0.24,0.16,7/14,buy,39.1-78.08,12.38,23.0,96.0,83.68,Sell,2.35 million,Industrials,Airlines,1.451,56.26,68.43,0.94,0.88,0.13
IONQ,6.73,58.05,214.26,108.6,1,-0.02,-0.16,1/14,buy,7.4-59.16,31.34,2.0,80.0,67.62,Buy time,17.94 million,Technology,Computer Hardware,2.536,43.83,54.11,0.76,1.07,0.05
LINK,6.76,9.01,25.34,198.85,-2,0,0,-2/14,buy,3.25-10.9,26.53,17.0,13.0,13.0,mere Sell (some bought),55.65 thousand,Technology,Electronic Components,0.574,7.98,9.63,0.89,0.94,0.45
SKYT,6.83,11.28,363.92,70.07,1,0.12,0.76,1/14,strongBuy,5.67-19.0,19.07,41.0,18.0,15.6,Buy,799.70 thousand,Technology,Semiconductors,3.41,10.66,13.16,0.95,0.86,0.08
FTAI,6.87,172.13,170.14,75.82,6,0.53,0.47,6/14,buy,75.06-181.64,17.99,5.0,230.0,206.61,Buy,1.86 million,Industrials,Rental & Leasing Services,1.687,139.99,173.15,0.81,0.99,0.31
QTTB,6.87,1.85,5.61,163.45,-6,0.53,0.47,-6/14,hold,1.345-53.17,-4.49,97.0,20.0,16.0,- +Buy time -,4.41 million,Healthcare,Biotechnology,1,2.04,11.83,1.1,0.16,2.5
MOD,6.88,155.07,194.75,120.0,4,0.31,0.32,4/14,buy,64.79-155.73,10.66,0.0,185.0,172.5,Buy,1.16 million,Consumer Cyclical,Auto Parts,2.085,121.75,150.75,0.79,1.03,0.14
PTON,6.91,8.1,175.35,71.74,3,0.04,0.97,3/14,hold,4.25-10.895,14.13,26.0,20.0,14.92,Buy,13.31 million,Consumer Cyclical,Leisure,2.082,7.41,9.05,0.91,0.9,0.25
SUPN,7.03,44.29,92.81,77.44,11,0.5,1.12,11/14,buy,29.16-46.79,16.36,5.0,46.0,44.9,mere Buy (some sold),661.12 thousand,Healthcare,Drug Manufacturers - Specialty & Generic,0.791,38.51,46.02,0.87,0.96,-0.04
OXBR,7.03,2.67,95.92,120.67,-2,0,0,-2/14,,1.267-5.81,32.75,54.0,5.0,5.0,- +Buy time -,78.86 thousand,Financial Services,Insurance - Reinsurance,1.791,2.12,2.56,0.79,1.04,1.27
SOUN,7.06,14.52,231.33,138.41,0,0.02,0.48,0/14,buy,4.45-24.98,26.74,42.0,18.0,16.72,mere Buy (some sold),49.26 million,Technology,Software - Application,2.776,12.77,16.01,0.88,0.91,0.18
HOOD,7.07,114.74,232.77,93.78,5,0.22,0.61,5/14,buy,21.5-123.44,7.29,7.000000000000001,160.0,138.14,mere Buy (some sold),46.49 million,Financial Services,Capital Markets,2.364,103.55,127.22,0.9,0.9,0.25
EFXT,7.08,10.65,228.6,74.12,5,0.02,0.12,5/14,buy,5.3-10.77,26.95,1.0,13.0,12.25,Buy,334.56 thousand,Energy,Oil & Gas Equipment & Services,2.315,8.92,11.02,0.84,0.97,0.23
RSI,7.11,21.17,251.94,106.89,5,0.08,1.22,5/14,buy,9.542-22.55,6.9,6.0,24.0,22.38,Buy,1.50 million,Consumer Cyclical,Gambling,1.851,18.02,22.06,0.85,0.96,0.14
RBLX,7.11,138.51,273.72,74.21,7,0.03,0.07,7/14,buy,37.5-150.59,5.64,8.0,175.0,161.26,Buy,7.98 million,Communication Services,Electronic Gaming & Multimedia,1.625,121.14,146.0,0.87,0.95,0.04
FSTR,7.13,27.29,174.23,82.37,8,-0.46,-21.48,8/14,hold,17.16-29.78,17.92,8.0,31.0,29.5,Buy,29.85 thousand,Industrials,Railroads,0.988,24.3,28.97,0.89,0.94,0.04
KTOS,7.18,69.54,164.89,120.05,6,0.05,0.51,6/14,buy,21.78-72.7,14.44,4.0,80.0,75.61,Buy,3.60 million,Industrials,Aerospace & Defense,1.054,58.79,70.53,0.85,0.99,0.01
PPTA,7.21,17.88,79.63,85.32,10,0.12,0.36,10/14,strongBuy,7.81-19.75,6.35,9.0,30.0,27.6,Sell,2.70 million,Basic Materials,Other Precious Metals & Mining,0.326,16.38,19.66,0.92,0.91,0.04
SMWB,7.24,10.01,209.48,83.14,5,0.01,1.5,5/14,buy,6.36-17.64,20.78,43.0,17.0,15.19,mere Buy (some sold),455.82 thousand,Technology,Software - Application,1.131,8.94,10.76,0.89,0.93,0.06
HWKN,7.27,176.14,104.17,59.72,14,0.15,0.14,14/14,strongBuy,98.3-185.5,4.13,5.0,200.0,176.88,Buy,172.56 thousand,Basic Materials,Specialty Chemicals,0.857,162.77,194.17,0.92,0.91,-0.03
ELTX,7.27,11.38,182.35,88.07,7,-0.01,-0.01,7/14,strongBuy,4.05-12.42,12.74,8.0,13.0,12.75,mere Buy (some sold),78.71 thousand,Healthcare,Biotechnology,2.152,10.0,13.21,0.88,0.86,0.45
VSCO,7.3,27.59,275.79,97.7,4,0.25,2.85,4/14,hold,13.76-48.73,25.48,43.0,30.0,26.95,Buy,2.88 million,Consumer Cyclical,Apparel Retail,2.28,21.98,26.64,0.8,1.04,0.05
USLM,7.3,129.08,151.16,76.96,10,0,0,10/14,buy,80.47-159.53,19.75,19.0,125.0,125.0,Buy,178.74 thousand,Basic Materials,Building Materials,1.024,113.19,135.87,0.88,0.95,0.04
IMPP,7.33,4.59,107.4,77.71,6,0.57,14.25,6/14,strongBuy,2.117-4.75,31.08,3.0,6.0,6.0,Buy,202.06 thousand,Energy,Oil & Gas Midstream,1.048,3.39,4.23,0.74,1.09,0.79
BKTI,7.34,74.47,68.43,140.88,2,0.69,1.13,2/14,buy,19.48-76.035,48.25,2.0,74.0,74.0,Buy,109.67 thousand,Technology,Communication Equipment,0.426,56.31,71.67,0.76,1.04,0.57
SFIX,7.36,5.62,216.23,99.31,7,0.11,1.03,7/14,hold,2.21-6.985,16.98,19.0,6.0,5.31,Sell,1.80 million,Consumer Cyclical,Apparel Retail,2.042,4.83,5.86,0.86,0.96,-0.03
NATL,7.37,38.76,139.53,86.32,7,0.17,0.24,7/14,buy,22.3-40.78,19.34,5.0,60.0,52.33,mere Buy (some sold),703.07 thousand,Technology,Software - Application,1,33.77,40.92,0.87,0.95,0.27
SHCO,7.43,8.85,74.75,59.95,9,0.07,1.39,9/14,buy,4.6-8.92,26.48,1.0,9.0,9.0,Sell,740.88 thousand,Consumer Cyclical,Lodging,0.692,7.73,10.91,0.87,0.81,1.11
NTRP,7.44,3.94,128.57,60.63,1,-0.85,-8.59,1/14,buy,1.385-8.5,6.6,54.0,8.5,7.88,Sell,24.21 thousand,Consumer Cyclical,Travel Services,1,3.94,4.83,1.0,0.82,2.5
NEOV,7.45,5.14,44.03,153.25,6,-0.02,-1.0,6/14,,1.8-6.109,5.45,16.0,7.5,7.5,Buy time,245.63 thousand,Industrials,Electrical Equipment & Parts,1,4.34,5.16,0.84,1.0,0.44
EMBC,7.45,15.26,139.21,131.77,2,0.46,0.64,2/14,hold,9.2-21.48,36.51,28.999999999999996,25.0,20.83,Buy,525.41 thousand,Healthcare,Medical Instruments & Supplies,1.081,12.18,15.02,0.8,1.02,0.1
UAL,7.46,104.33,205.66,84.41,7,0.23,0.25,7/14,buy,50.31-116.0,16.6,10.0,149.0,130.3,mere Buy (some sold),6.13 million,Industrials,Airlines,1.478,94.49,115.08,0.91,0.91,0.13
XMTR,7.47,52.29,101.41,137.66,4,0.07,5.68,4/14,buy,16.26-53.57,40.78,2.0,55.0,51.33,- +Buy time -,654.97 thousand,Industrials,Specialty Industrial Machinery,0.873,40.92,48.73,0.78,1.07,0.16
AFRM,7.54,87.4,346.55,85.67,3,-0.11,-0.29,3/14,buy,30.901-100.0,14.43,13.0,115.0,105.01,- +Buy time -,8.24 million,Technology,Software - Infrastructure,3.647,76.01,98.7,0.87,0.89,0.45
VFC,7.55,14.48,178.14,56.87,6,0.11,0.36,6/14,hold,9.41-29.02,13.66,50.0,40.0,27.75,Sell,8.68 million,Consumer Cyclical,Apparel Manufacturing,1.721,13.51,16.64,0.93,0.87,0.24
VRNA,7.55,106.4,18.61,29.11,13,-0.1,-3.69,13/14,hold,27.54-106.45,0.88,0.0,107.0,106.61,Buy,2.91 million,Healthcare,Biotechnology,0.135,103.58,138.0,0.97,0.77,2.07
RMBS,7.56,97.5,140.15,130.31,5,0.09,0.19,5/14,buy,38.01-100.73,22.33,3.0,120.0,102.81,- Buy time -,1.43 million,Technology,Semiconductors,1.375,73.01,90.23,0.75,1.08,0.28
ATEC,7.58,15.32,116.48,93.3,10,0.09,1.75,10/14,buy,4.88-16.7,2.94,8.0,23.0,20.98,mere Buy (some sold),1.87 million,Healthcare,Medical Devices,1.028,13.51,16.32,0.88,0.94,0.26
FTEL,7.58,0.54,611.07,88.8,0,1,1,0/14,,0.36-49.5,8.01,99.0,0.1,0.1,Buy,121.49 thousand,Consumer Cyclical,Specialty Retail,7.188,0.6,0.76,1.11,0.71,0.66
LC,7.63,17.17,310.95,111.63,4,0.17,1.11,4/14,buy,7.9-18.75,6.52,8.0,21.0,19.48,Buy,2.09 million,Financial Services,Banks - Regional,2.543,14.84,18.75,0.86,0.92,0.32
WWW,7.64,30.71,185.37,149.15,3,0.18,1.09,3/14,buy,9.58-32.8,25.5,6.0,41.0,37.33,Sell,1.48 million,Consumer Cyclical,Footwear & Accessories,1.823,24.98,30.49,0.81,1.01,-0.04
GCO,7.67,33.64,239.73,109.05,5,0.15,0.1,5/14,hold,16.19-44.8,27.11,25.0,38.0,35.33,Buy,227.16 thousand,Consumer Cyclical,Apparel Retail,2.223,26.72,33.39,0.79,1.01,0.06
WGS,7.7,122.7,224.51,162.55,2,0.58,5.87,2/14,buy,35.88-136.0,11.7,10.0,163.0,143.38,mere Buy (some sold),830.92 thousand,Healthcare,Diagnostics & Research,2.097,107.53,134.02,0.88,0.92,0.2
ALNT,7.71,46.36,165.59,76.08,11,0.22,0.56,11/14,buy,16.91-48.22,14.49,4.0,51.0,48.0,Buy time,160.65 thousand,Technology,Electronic Components,1.515,41.86,50.31,0.9,0.92,0.13
CLMB,7.72,132.05,158.92,70.49,12,0.46,0.51,12/14,strongBuy,88.9-145.0,18.85,9.0,136.0,134.5,Buy,69.52 thousand,Technology,Electronics & Computer Distribution,1.002,115.56,141.07,0.88,0.94,-0.05
NGD,7.72,6.79,156.78,85.54,9,0.01,0.34,9/14,buy,2.43-6.8,35.05,0.0,6.85,6.31,Buy,16.28 million,Basic Materials,Gold,0.987,5.25,6.35,0.77,1.07,-0.04
PRM,7.72,22.48,205.97,133.0,4,0.15,1.56,4/14,strongBuy,8.76-23.79,29.82,5.0,25.0,24.0,mere Buy (some sold),1.21 million,Basic Materials,Specialty Chemicals,2.0,18.03,21.75,0.8,1.03,0.04
VLRS,7.81,6.08,162.83,91.04,10,0.09,-0.04,10/14,buy,3.49-9.0,8.22,32.0,9.5,8.35,Buy,591.44 thousand,Industrials,Airlines,1.413,5.52,6.65,0.91,0.91,-0.04
KOPN,7.82,2.34,348.53,96.79,4,-0.02,-2.06,4/14,buy,0.56-2.67,21.79,12.0,2.5,2.5,Buy time,2.43 million,Technology,Electronic Components,2.962,1.96,2.48,0.84,0.94,0.19
PSIX,7.89,97.17,248.99,122.72,6,1.74,2.38,6/14,buy,15.3-121.78,8.17,20.0,127.0,127.0,Buy,582.47 thousand,Industrials,Specialty Industrial Machinery,1.588,82.68,100.8,0.85,0.96,0.09
CDZI,7.96,3.82,232.43,56.3,6,-0.05,-0.49,6/14,buy,2.13-5.68,17.43,33.0,15.0,13.75,Buy,485.22 thousand,Utilities,Utilities - Regulated Water,1.826,3.38,4.14,0.88,0.92,0.13
ZETA,8.02,20.31,202.79,89.82,6,0.02,0.11,6/14,buy,10.69-38.2,22.21,47.0,44.0,35.64,Buy,8.39 million,Technology,Software - Infrastructure,1.307,17.43,21.32,0.86,0.95,-0.06
ETON,8.04,17.98,126.25,71.12,10,-0.1,-1.84,10/14,buy,5.18-21.48,19.97,16.0,35.0,32.5,- +Buy time -,341.67 thousand,Healthcare,Drug Manufacturers - Specialty & Generic,1.11,15.94,19.37,0.89,0.93,0.11
TPC,8.08,64.7,239.5,104.63,6,0.48,5.02,6/14,buy,18.34-65.6,28.62,1.0,90.0,83.0,Buy,584.12 thousand,Industrials,Engineering & Construction,1.889,53.03,64.24,0.82,1.01,-0.03
HROW,8.11,42.12,109.28,81.42,10,-0.18,-52.11,10/14,buy,20.85-59.23,20.66,28.999999999999996,76.0,68.05,Buy,495.01 thousand,Healthcare,Drug Manufacturers - Specialty & Generic,0.333,36.42,43.63,0.86,0.97,0.2
ATLC,8.11,77.3,211.76,108.67,5,0.27,0.22,5/14,buy,31.1-78.9121,36.7,2.0,105.0,92.08,Buy time,68.33 thousand,Financial Services,Credit Services,2.01,59.61,76.66,0.77,1.01,0.16
DXPE,8.14,120.36,205.78,92.41,11,0.1,0.08,11/14,buy,48.45-129.56,6.62,7.000000000000001,125.0,125.0,mere Buy (some sold),201.51 thousand,Industrials,Industrial Distribution,1.248,109.41,134.39,0.91,0.9,0.23
UI,8.37,616.8,218.94,133.75,6,2.35,1.11,6/14,strongBuy,201.27-621.1,29.12,1.0,600.0,524.75,Buy,147.64 thousand,Technology,Communication Equipment,1.423,466.53,568.19,0.76,1.09,0.18
DTST,8.47,4.63,100.58,89.17,5,-0.17,-3.33,5/14,,2.93-5.44,-2.16,15.0,9.0,9.0,- +Buy time -,259.06 thousand,Technology,Information Technology Services,1.048,4.27,6.96,0.92,0.67,2.5
DAKT,8.49,23.57,217.96,129.49,6,0.15,0.79,6/14,buy,10.24-23.88,29.17,1.0,31.0,29.25,Buy time,383.30 thousand,Technology,Electronic Components,1.688,17.17,21.64,0.73,1.09,0.05
REVG,8.52,61.12,169.76,80.66,12,0.29,0.48,12/14,buy,25.76-64.47,18.94,5.0,68.0,66.88,mere Buy (some sold),834.87 thousand,Industrials,Farm & Heavy Construction Machinery,1.106,52.48,65.08,0.86,0.94,0.37
VVOS,8.53,3.42,613.65,146.1,-1,-0.22,-0.57,-1/14,buy,1.98-7.95,-39.19,56.99999999999999,6.5,5.88,Sell,232.04 thousand,Healthcare,Medical Devices,6.986,4.67,6.61,1.37,0.52,0.5
IPX,8.54,45.67,130.36,125.89,10,1,1,10/14,buy,12.275-49.46,12.31,8.0,64.0,58.17,Sell ALL,66.76 thousand,Basic Materials,Other Industrial Metals & Mining,0.212,39.01,46.39,0.85,0.98,0.19
WAVE,8.54,9.52,55.15,182.71,6,-0.11,-0.85,6/14,strongBuy,3.35-17.63,14.44,46.0,15.0,15.0,Buy time,19.54 thousand,Utilities,Utilities - Renewable,1,7.83,9.53,0.82,1.0,0.38
RDDT,8.58,260.78,137.88,164.31,7,0.38,10.09,7/14,buy,57.22-266.64,22.63,2.0,300.0,253.75,Buy,6.99 million,Communication Services,Internet Content & Information,1,194.47,233.27,0.75,1.12,0.08
SONO,8.61,15.31,258.62,107.6,8,0.0,0.03,8/14,buy,7.63-15.89,29.0,4.0,17.0,15.31,Buy,1.77 million,Technology,Consumer Electronics,2.171,12.45,15.22,0.81,1.01,-0.0
ULCC,8.63,5.25,341.4,111.79,4,-0.01,-0.0,4/14,hold,2.891-10.26,22.1,49.0,9.0,7.19,Sell,3.53 million,Industrials,Airlines,2.634,4.56,5.63,0.87,0.93,0.08
CRVS,8.63,5.76,163.63,93.42,7,-0.03,-0.22,7/14,buy,2.54-10.0,25.17,42.0,24.0,19.88,mere Buy (some sold),634.87 thousand,Healthcare,Biotechnology,0.509,4.92,5.99,0.85,0.96,-0.05
RYAM,8.67,6.48,268.64,139.41,4,-5.63,-26.51,4/14,strongBuy,3.35-10.28,42.44,37.0,6.0,6.0,Buy,673.67 thousand,Basic Materials,Chemicals,2.557,4.82,6.03,0.74,1.07,0.14
HPE,8.68,24.68,208.61,76.62,12,0.07,0.22,12/14,hold,11.965-25.1,18.88,2.0,30.0,27.76,Buy,20.41 million,Technology,Communication Equipment,1.441,21.44,26.66,0.87,0.93,0.22
WBD,8.69,19.07,204.83,165.87,4,0.81,3.37,4/14,hold,7.25-19.595,32.86,3.0,24.0,19.45,- +Buy time -,60.91 million,Communication Services,Entertainment,1.592,12.7,15.65,0.67,1.22,0.05
RGTI,8.71,18.93,328.8,145.21,5,-0.06,-1.3,5/14,buy,0.71-21.42,16.77,12.0,20.0,19.5,Buy time,33.70 million,Technology,Computer Hardware,1.446,15.12,18.57,0.8,1.02,0.07
RKLB,8.72,54.65,412.19,152.28,2,0.02,0.16,2/14,buy,7.0-55.15,18.5,1.0,60.0,53.2,- +Buy time -,20.67 million,Industrials,Aerospace & Defense,2.178,44.44,54.62,0.81,1.0,0.05
PRIM,8.76,123.97,174.47,126.08,10,0.92,1.05,10/14,buy,49.1-125.35,24.91,1.0,135.0,129.83,Buy,893.39 thousand,Industrials,Engineering & Construction,1.432,99.92,119.91,0.81,1.03,-0.04
PI,8.8,186.74,247.92,152.99,7,0.23,1.67,7/14,buy,60.85-239.88,12.15,22.0,195.0,185.29,mere Buy (some sold),505.13 thousand,Technology,Semiconductors,1.807,149.55,183.92,0.8,1.02,0.2
IAG,8.8,11.45,140.3,113.33,10,0.0,0.11,10/14,buy,4.44-11.575,36.71,1.0,14.0,12.32,- +Buy time -,12.13 million,Basic Materials,Gold,1.321,8.23,9.95,0.72,1.15,0.0
TTI,8.81,4.91,170.21,74.49,13,0.06,0.91,13/14,buy,2.03-5.12,18.94,4.0,7.0,6.67,- +Buy time -,1.49 million,Industrials,Conglomerates,1.398,4.13,5.08,0.84,0.97,0.19
PSTG,9.04,85.87,185.33,132.19,8,0.08,0.28,8/14,buy,34.51-85.91,34.49,0.0,93.0,85.75,Buy,3.01 million,Technology,Computer Hardware,1.2,64.26,79.46,0.75,1.08,0.28
MNPR,9.18,52.05,218.95,122.85,4,0.32,0.61,4/14,buy,3.65-54.3,19.79,4.0,162.0,122.0,Buy,34.46 thousand,Healthcare,Biotechnology,1.216,40.37,49.13,0.78,1.06,0.48
XERS,9.24,7.37,100.66,126.63,12,0.0,0.17,12/14,buy,2.69-8.03,24.56,8.0,11.0,10.0,Sell,1.89 million,Healthcare,Biotechnology,0.912,6.27,7.46,0.85,0.99,0.02
PRCH,9.25,17.8,387.62,129.34,4,0.27,2.56,4/14,buy,1.26-19.22,27.75,7.000000000000001,22.0,20.38,mere Buy (some sold),2.06 million,Technology,Software - Application,2.827,14.69,18.2,0.83,0.98,0.25
INSG,9.27,13.78,125.31,159.86,6,0.14,3.46,6/14,hold,6.24-20.67,50.65,33.0,13.5,12.17,Buy time,267.48 thousand,Technology,Communication Equipment,1.253,9.7,12.03,0.7,1.15,0.47
DMAC,9.37,7.2,85.39,194.41,2,0.01,0.05,2/14,buy,3.19-7.4899,39.44,4.0,14.0,13.17,Buy,369.01 thousand,Healthcare,Biotechnology,1.399,5.21,6.66,0.72,1.08,0.65
SOFI,9.38,27.64,335.6,146.01,6,0.06,1.39,6/14,hold,7.57-27.77,21.09,0.0,30.0,25.5,- +Buy time -,76.42 million,Financial Services,Credit Services,1.943,22.39,27.72,0.81,1.0,0.21
APP,9.59,587.62,303.13,144.43,6,0.61,0.3,6/14,buy,110.9-590.6999,32.78,1.0,725.0,618.62,Buy,5.76 million,Communication Services,Advertising Agencies,2.439,422.95,526.03,0.72,1.12,0.16
ANET,9.62,144.7,225.16,124.72,12,0.14,0.22,12/14,buy,59.43-156.32,16.83,7.000000000000001,185.0,169.61,- +Buy time -,8.94 million,Technology,Computer Hardware,1.496,121.81,147.46,0.84,0.98,-0.01
REAL,9.65,10.08,212.98,181.7,4,0.02,0.29,4/14,buy,2.71-11.375,42.76,11.0,15.0,12.92,Buy,2.71 million,Consumer Cyclical,Luxury Goods,2.51,6.78,8.5,0.67,1.19,0.04
AXGN,9.66,16.35,177.87,128.7,10,0.02,-1.25,10/14,buy,9.22-21.0,23.24,22.0,30.0,27.36,- +Buy time -,1.07 million,Healthcare,Medical Devices,1.023,13.71,16.3,0.84,1.0,0.1
EOSE,9.67,8.35,327.88,166.44,5,-0.03,-0.6,5/14,hold,2.06-8.545,25.63,2.0,10.0,8.64,Buy,12.54 million,Industrials,Electrical Equipment & Parts,2.171,6.3,7.7,0.75,1.08,0.13
PL,9.72,9.64,275.62,178.85,3,0.04,1.33,3/14,buy,2.02-10.11,32.16,5.0,12.0,10.45,mere Buy (some sold),11.10 million,Industrials,Aerospace & Defense,1.817,7.03,9.16,0.73,1.05,0.6
RNA,9.79,41.34,132.87,91.84,14,-0.27,-0.29,14/14,buy,21.51-56.0,9.68,26.0,96.0,82.47,Sell,2.59 million,Healthcare,Biotechnology,0.989,39.63,47.33,0.96,0.87,0.2
CLS,9.8,247.89,277.64,149.52,9,0.24,0.2,9/14,buy,44.46-257.4,18.73,4.0,295.0,263.15,Buy,3.60 million,Technology,Electronic Components,1.624,192.15,232.49,0.78,1.07,0.12
AVAH,9.91,8.39,199.42,197.96,2,0.24,31.23,2/14,hold,3.67-8.54,54.44,2.0,11.5,9.78,Buy,908.59 thousand,Healthcare,Medical Care Facilities,2.043,5.99,7.84,0.71,1.07,0.34
CRDO,10.07,165.07,368.12,164.07,6,0.24,0.72,6/14,buy,26.96-168.42,30.51,2.0,165.0,157.96,Buy,4.77 million,Technology,Semiconductors,2.59,116.09,144.45,0.7,1.14,0.04
GOOGL,10.09,248.94,158.23,95.33,17,0.92,0.46,17/14,buy,140.53-252.4,21.72,1.0,300.0,266.28,Buy time,43.04 million,Communication Services,Internet Content & Information,1.011,201.43,246.11,0.81,1.01,0.1
RZLT,10.21,7.47,92.82,151.07,11,0.01,0.03,11/14,buy,2.215-8.335,21.07,10.0,17.0,15.17,Sell,952.90 thousand,Healthcare,Biotechnology,0.033,6.18,7.39,0.83,1.01,0.13
BRLT,10.23,2.38,131.69,204.12,3,0.02,2.87,3/14,hold,1.25-3.1,44.69,23.0,3.0,2.59,Sell,117.84 thousand,Consumer Cyclical,Luxury Goods,1.447,1.86,2.52,0.78,0.94,1.18
AENT,10.49,7.13,119.41,218.63,5,0.03,0.38,5/14,buy,1.68-11.572,29.87,38.0,10.0,10.0,Buy time,55.63 thousand,Communication Services,Entertainment,0.452,5.39,6.57,0.76,1.09,1.01
HUT,10.64,33.14,218.06,180.15,7,1.65,10.69,7/14,buy,10.04-33.27,36.06,0.0,60.0,46.27,Buy,5.41 million,Financial Services,Capital Markets,1,23.21,28.2,0.7,1.18,0.09
CHRS,10.8,1.25,220.81,135.55,9,-0.2,-0.88,9/14,buy,0.66-2.43,30.28,49.0,7.0,6.33,mere Buy (some sold),1.25 million,Healthcare,Biotechnology,0.885,1.03,1.23,0.82,1.02,0.04
LPTH,11.3,6.59,150.53,207.84,7,-0.08,-1.85,7/14,buy,1.11-6.84,50.08,4.0,7.0,6.15,Buy time,957.36 thousand,Technology,Electronic Components,1.105,4.14,5.91,0.63,1.12,0.92
NRGV,11.34,2.25,107.14,327.84,2,0.01,-0.05,2/14,buy,0.596-2.695,52.44,17.0,1.7,1.4,- +Buy time -,1.77 million,Utilities,Utilities - Renewable,0.828,1.42,1.71,0.63,1.32,0.29
CDE,11.38,16.64,184.4,157.62,14,0.14,12.09,14/14,buy,4.58-16.77,44.65,1.0,18.0,15.82,- +Buy time -,12.77 million,Basic Materials,Gold,1.197,11.16,13.64,0.67,1.22,0.03
KOD,11.44,9.4,236.77,298.15,2,-0.2,-0.23,2/14,strongSell,1.92-11.6,22.23,19.0,15.0,11.12,mere Buy (some sold),600.66 thousand,Healthcare,Biotechnology,2.451,7.51,9.54,0.8,0.99,0.25
LITE,11.62,168.67,226.13,152.35,15,0.14,0.23,15/14,buy,45.65-168.99,34.11,0.0,165.0,152.42,Buy,2.68 million,Technology,Communication Equipment,1.423,116.7,142.26,0.69,1.19,0.25
HTCR,11.72,1.02,293.5,248.1,2,-0.01,-11.5,2/14,strongBuy,0.391-3.38,53.19,70.0,0.1,0.1,Buy,342.41 thousand,Technology,Software - Application,2.022,0.69,0.98,0.68,1.04,1.67
FGEN,11.74,11.8,97.3,197.24,9,-2.13,-1.38,9/14,strongBuy,4.5-21.95,41.27,46.0,43.0,43.0,Buy,60.81 thousand,Healthcare,Biotechnology,0.772,8.9,10.74,0.75,1.1,0.18
SRFM,12.7,4.14,252.44,299.23,-2,0.1,0.01,-2/14,strongBuy,1.1-9.91,-7.36,57.99999999999999,12.0,9.94,Buy,10.94 million,Industrials,Airlines,2.948,4.91,7.9,1.19,0.52,2.5
COMM,12.74,16.45,286.05,276.49,7,0.27,1.78,7/14,hold,2.94-16.83,11.82,2.0,20.0,19.83,Buy,10.47 million,Technology,Communication Equipment,2.477,12.0,16.42,0.73,1.0,0.98
ALAB,12.95,232.99,278.7,244.74,11,0.17,0.52,11/14,buy,42.8-237.82,40.8,2.0,215.0,195.22,Buy,5.17 million,Technology,Semiconductors,1,148.84,178.51,0.64,1.31,0.14
VSTM,13.17,9.69,158.16,179.78,16,0.09,0.13,16/14,buy,2.54-11.25,38.01,14.000000000000002,20.0,17.75,mere Buy (some sold),2.85 million,Healthcare,Biotechnology,0.925,7.08,8.59,0.73,1.13,0.21
BE,14.15,65.79,516.22,287.6,4,0.17,6.04,4/14,hold,9.02-68.741,45.13,4.0,76.0,58.59,- +Buy time -,9.98 million,Industrials,Electrical Equipment & Parts,3.29,40.02,52.83,0.61,1.25,0.23
CDTX,14.18,64.5,144.09,377.99,8,1.98,0.61,8/14,strongBuy,10.14-69.36,3.16,7.000000000000001,115.0,97.4,Buy,684.08 thousand,Healthcare,Biotechnology,1.294,57.96,74.38,0.9,0.87,0.7
ONDS,15.8,6.35,302.33,396.64,5,-0.04,-0.42,5/14,buy,0.57-6.8599,57.93,7.000000000000001,8.0,6.95,Buy,34.70 million,Technology,Communication Equipment,1.926,3.62,4.57,0.57,1.39,0.27
VOR,19.87,1.63,141.25,769.68,-3,-12.02,-20.54,-3/14,hold,0.131-3.29,-29.05,50.0,3.0,2.09,mere Sell (some bought),21.07 million,Healthcare,Biotechnology,2.055,1.9,3.44,1.17,0.47,1.98
