ATLC,0.01,57.5,414.46,-124.84,-1,0.27,0.22,-1/5,buy,33.41-78.91,-19.58,27.0,105.0,94.75,Sell ALL,90.64 thousand,Financial Services,Credit Services,2.01,68.73,82.08,1.2,0.7,1.46
AVPT,0.02,14.7,255.22,-66.54,-1,-0.03,-0.56,-1/5,buy,11.43-20.245,-9.62,27.0,26.0,23.85,Sell ALL,1.31 million,Technology,Software - Infrastructure,1.396,16.04,19.19,1.09,0.77,0.48
SIBN,0.06,14.58,135.77,-82.09,0,0.11,0.52,0/5,buy,11.7-20.05,-12.14,27.0,32.0,28.5,- Buy time -,446.17 thousand,Healthcare,Medical Devices,0.813,15.42,18.28,1.06,0.8,0.6
DCTH,0.06,10.66,153.67,-28.4,-2,0.04,1.85,-2/5,buy,8.08-18.23,-4.13,42.0,31.0,27.67,Sell ALL,769.44 thousand,Healthcare,Medical Devices,0.847,11.37,13.49,1.07,0.79,0.53
ASAN,0.07,13.3,206.45,-69.2,0,0.04,1.75,0/5,hold,11.08-27.77,-10.04,52.0,22.0,19.27,Sell ALL,5.76 million,Technology,Software - Application,1.138,14.54,17.59,1.09,0.76,0.11
SKIL,0.09,12.85,285.37,-124.42,-1,5.97,2.55,-1/5,hold,12.215-34.425,-18.6,63.0,0.1,0.1,Sell ALL,50.71 thousand,Consumer Defensive,Education & Training Services,1.585,14.63,16.72,1.14,0.77,1.83
CHGG,0.11,1.49,314.34,-80.09,0,-0.01,-29.86,0/5,hold,0.44-2.73,-12.08,45.0,4.0,3.4,mere Sell (some bought),4.73 million,Consumer Defensive,Education & Training Services,1.854,1.65,1.94,1.11,0.77,0.13
OXBR,0.12,1.82,384.57,-43.57,-2,0,0,-2/5,,1.267-5.81,-9.13,69.0,5.0,5.0,== less Sell ALL==,102.70 thousand,Financial Services,Insurance - Reinsurance,1.791,2.27,2.66,1.25,0.68,0.44
EVER,0.21,22.93,122.1,-24.11,-1,0.08,0.17,-1/5,buy,16.63-30.03,-3.75,24.0,38.0,35.58,Sell ALL,532.62 thousand,Communication Services,Internet Content & Information,0.535,24.27,29.64,1.06,0.77,0.06
HBB,0.23,14.15,-49.17,-48.73,0,-0.46,-0.47,0/5,,12.72-31.78,-6.93,55.00000000000001,0.1,0.1,Buy,31.02 thousand,Consumer Cyclical,Furnishings, Fixtures & Appliances,0.031,14.9,17.74,1.05,0.8,0.49
RDDT,0.26,228.74,258.05,-1.8,-3,0.38,10.09,-3/5,buy,64.515-282.95,-1.47,19.0,300.0,260.25,Sell ALL,6.31 million,Communication Services,Internet Content & Information,1,247.42,304.15,1.08,0.75,0.49
GEO,0.28,20.23,185.87,-31.36,-1,0.01,0.09,-1/5,buy,12.54-36.46,-4.5,45.0,45.0,42.38,Sell ALL,2.48 million,Industrials,Security & Protection Services,0.762,21.62,25.82,1.07,0.78,0.11
FUN,0.29,22.71,118.16,-84.55,1,-1.1,-1.68,1/5,buy,20.79-49.77,-12.64,54.0,43.0,37.12,- Buy time -,5.06 million,Consumer Cyclical,Leisure,0.709,23.72,27.88,1.04,0.81,0.33
JILL,0.35,16.97,181.46,-22.07,-1,0.08,0.1,-1/5,buy,13.36-30.4,-3.13,44.0,26.0,23.0,Sell ALL,118.89 thousand,Consumer Cyclical,Apparel Retail,0.741,18.05,22.14,1.06,0.77,-0.02
UAL,0.37,95.47,294.42,-76.64,0,0.23,0.25,0/5,buy,52.0-116.0,-11.08,18.0,149.0,131.47,Sell ALL,7.39 million,Industrials,Airlines,1.478,105.77,127.07,1.11,0.75,0.34
WLFC,0.38,135.76,225.21,-64.73,-1,2.2,0.86,-1/5,buy,124.9-235.43,-9.16,42.0,190.0,190.0,Sell ALL,84.80 thousand,Industrials,Rental & Leasing Services,1.132,147.33,179.78,1.09,0.76,0.87
DDL,0.4,2.07,85.34,12.48,-2,1,1,-2/5,buy,1.95-4.79,1.21,56.99999999999999,3.530519,3.1,Sell ALL,858.92 thousand,Consumer Defensive,Grocery Stores,0.47,2.15,2.57,1.04,0.81,0.13
WEAV,0.4,6.61,331.57,-98.56,-1,0.02,13.19,-1/5,buy,6.605-17.63,-14.76,63.0,15.0,13.54,Sell ALL,1.47 million,Healthcare,Health Information Services,1.748,7.61,9.52,1.15,0.69,1.42
BSX,0.41,97.55,159.98,-67.74,0,0.1,0.15,0/5,buy,80.64-109.5,-9.98,11.0,140.0,132.26,Sell ALL,12.76 million,Healthcare,Medical Devices,0.657,102.91,121.05,1.05,0.81,0.55
OMI,0.41,4.72,189.79,-95.81,-1,0.01,0.09,-1/5,buy,4.56-15.69,-14.53,70.0,7.0,6.56,Sell ALL,4.65 million,Healthcare,Medical Distribution,1.028,5.41,7.06,1.15,0.67,1.76
CNVS,0.42,3.32,351.64,-88.13,1,-0.05,2.32,1/5,buy,0.93-7.39,-13.75,55.00000000000001,10.0,9.25,Sell ALL,361.19 thousand,Communication Services,Entertainment,1.71,3.58,4.35,1.08,0.76,-0.06
GCMG,0.49,11.94,139.12,-45.79,-1,0.01,0.03,-1/5,buy,10.91-14.48,-6.49,18.0,20.0,17.81,Sell ALL,862.95 thousand,Financial Services,Asset Management,0.76,12.82,15.67,1.07,0.76,0.78
SNCY,0.5,11.75,340.84,-72.23,-1,0.05,0.26,-1/5,buy,8.1-18.588,-10.3,37.0,23.0,20.17,Sell ALL,1.68 million,Industrials,Airlines,1.626,12.86,15.7,1.09,0.75,0.85
RLJ,0.51,7.15,302.85,-64.04,0,0.08,0.99,0/5,hold,6.16-10.84,-9.09,34.0,12.0,10.48,== less Sell ALL==,2.52 million,Real Estate,REIT - Hotel & Motel,1.514,7.67,9.17,1.07,0.78,0.16
YMM,0.64,12.94,55.2,-8.18,-1,0.17,0.14,-1/5,buy,8.2-14.025,-1.2,8.0,19.7713,17.62,Sell ALL,8.45 million,Technology,Software - Application,0.209,13.43,16.47,1.04,0.79,0.29
UFCS,0.65,30.24,90.78,-36.8,-1,0.43,0.75,-1/5,buy,19.19-32.58,-5.13,7.000000000000001,33.0,32.5,Sell ALL,153.21 thousand,Financial Services,Insurance - Property & Casualty,0.566,31.58,38.22,1.04,0.79,0.86
TECX,0.69,15.59,246.66,-69.21,1,0.07,0.06,1/5,buy,13.7-61.07,-10.78,74.0,101.0,90.38,- +Buy time -,891.73 thousand,Healthcare,Biotechnology,1,16.91,19.87,1.08,0.78,0.04
HTCO,0.71,7.77,-32.98,13.47,-1,1,1,-1/5,,4.55-112.5,1.42,93.0,0.1,0.1,Sell ALL,33.76 thousand,Industrials,Marine Shipping,1,8.1,9.56,1.04,0.81,0.13
PI,0.71,177.82,368.58,-40.55,-1,0.23,1.67,-1/5,buy,60.85-239.88,-5.8,26.0,195.0,185.29,Sell ALL,786.56 thousand,Technology,Semiconductors,1.807,191.9,227.79,1.08,0.78,0.25
GDDY,0.73,137.55,198.55,-37.9,-1,0.21,0.15,-1/5,hold,132.51-216.0,-5.35,36.0,250.0,219.65,Sell ALL,1.95 million,Technology,Software - Infrastructure,1.022,145.6,177.63,1.06,0.77,0.67
PGNY,0.73,21.55,284.57,-65.27,0,0.08,0.2,0/5,hold,13.39-26.76,-9.33,19.0,32.0,30.12,== less Sell ALL==,1.43 million,Healthcare,Healthcare Plans,1.33,22.51,26.81,1.04,0.8,0.46
TNXP,0.73,24.08,401.91,-65.07,0,-2.12,-1.13,0/5,buy,6.76-130.0,-9.26,81.0,70.0,68.83,mere Sell (some bought),1.36 million,Healthcare,Biotechnology,1.87,26.67,31.3,1.11,0.77,0.13
FINV,0.74,7.32,86.81,-44.61,0,1,1,0/5,buy,5.715-11.08,-6.28,34.0,12.599985,12.0,Sell ALL,1.84 million,Financial Services,Credit Services,0.454,7.92,9.64,1.08,0.76,0.53
GRND,0.8,15.05,92.07,-1.1,-1,0.01,0.15,-1/5,strongBuy,11.51-25.13,-0.4,40.0,26.0,24.38,Sell ALL,2.34 million,Technology,Software - Application,0.249,15.97,19.07,1.06,0.79,0.2
FHN,0.82,22.35,151.94,-9.27,-1,0.05,0.14,-1/5,buy,14.83-23.26,-1.29,4.0,28.0,26.45,Sell ALL,13.76 million,Financial Services,Banks - Regional,0.683,22.89,27.33,1.02,0.82,0.23
LC,0.82,15.02,538.56,-71.94,-1,0.17,1.11,-1/5,buy,7.9-18.75,-11.08,20.0,21.0,19.48,Sell ALL,1.63 million,Financial Services,Banks - Regional,2.543,17.05,20.7,1.14,0.73,0.66
CRDL,0.83,1.05,58.7,-35.17,-1,0.05,0.43,-1/5,strongBuy,0.771-2.24,-5.57,53.0,8.927853,8.36,Sell ALL,1.20 million,Healthcare,Drug Manufacturers - Specialty & Generic,0.608,1.13,1.41,1.08,0.74,1.12
FLXS,0.84,46.4,106.09,-2.61,-1,0.81,0.95,-1/5,strongBuy,29.38-65.87,-0.42,30.0,57.0,57.0,Sell ALL,48.73 thousand,Consumer Cyclical,Furnishings, Fixtures & Appliances,0.351,48.62,58.3,1.05,0.8,0.23
SMWB,0.84,9.12,264.86,-50.35,0,0.01,1.5,0/5,buy,6.36-17.64,-7.24,48.0,17.0,15.19,Sell ALL,356.08 thousand,Technology,Software - Application,1.131,9.93,12.08,1.09,0.75,0.28
TGLS,0.86,66.7,427.96,-56.06,-1,0.17,0.2,-1/5,buy,60.25-90.34,-7.89,26.0,100.0,97.38,Sell ALL,404.83 thousand,Basic Materials,Building Materials,1.872,70.57,85.66,1.06,0.78,0.59
MGNI,0.88,21.57,653.44,-97.6,0,0.1,1.38,0/5,buy,8.22-26.65,-15.21,19.0,39.0,33.6,Sell ALL,3.91 million,Communication Services,Advertising Agencies,3.051,24.63,29.03,1.14,0.74,0.41
TWLO,0.88,100.53,271.87,-39.29,-1,0.32,0.32,-1/5,buy,63.19-151.95,-5.47,34.0,170.0,150.68,Sell ALL,3.25 million,Technology,Software - Infrastructure,1.273,107.17,132.66,1.07,0.76,0.65
BLX,0.89,45.58,206.73,-18.71,-1,1,1,-1/5,buy,31.14-48.38,-2.57,6.0,56.0,55.75,Sell ALL,154.30 thousand,Financial Services,Banks - Regional,0.873,47.2,56.46,1.04,0.81,0.37
BARK,0.89,0.81,404.43,-69.1,-1,0.0,0.86,-1/5,buy,0.77-2.555,-9.84,68.0,3.0,2.67,Sell ALL,923.35 thousand,Consumer Cyclical,Specialty Retail,1.885,0.87,1.07,1.07,0.76,0.99
ALRM,0.89,52.65,221.65,-58.95,0,0.16,0.32,0/5,buy,48.23-70.06,-8.42,25.0,85.0,76.86,Buy,676.30 thousand,Technology,Software - Application,1.073,55.5,65.66,1.05,0.8,0.65
LVO,0.9,4.13,374.39,-47.9,-1,-0.48,-1.22,-1/5,buy,4.0201-16.0,-8.47,74.0,25.0,21.25,Sell ALL,112.80 thousand,Communication Services,Entertainment,1.824,5.06,6.16,1.23,0.67,0.68
VCEL,0.93,31.31,244.27,-52.57,0,-0.05,0.23,0/5,buy,29.24-63.0,-7.54,50.0,62.0,58.57,- Buy time -,1.09 million,Healthcare,Biotechnology,1.337,32.82,38.57,1.05,0.81,0.48
VVOS,0.95,3.04,1399.17,-259.77,0,-0.22,-0.57,0/5,buy,1.98-7.95,-44.74,62.0,6.5,5.88,Sell ALL,278.64 thousand,Healthcare,Medical Devices,6.986,3.83,4.66,1.26,0.65,2.5
RNA,0.97,43.34,194.51,-76.54,1,-0.27,-0.29,1/5,buy,21.51-56.0,-11.84,23.0,96.0,82.06,Buy time,3.06 million,Healthcare,Biotechnology,0.989,45.53,53.31,1.05,0.81,0.64
ESTC,1.01,83.32,183.14,-9.27,-1,0.28,0.69,-1/5,buy,70.15-118.84,-1.67,30.0,150.0,135.86,Sell ALL,1.94 million,Technology,Software - Application,1.043,88.89,106.0,1.07,0.79,0.35
SE,1.01,176.64,329.95,-52.0,0,-0.12,-0.13,0/5,buy,92.5-199.3,-7.4,11.0,241.0,222.67,Sell ALL,3.90 million,Consumer Cyclical,Internet Retail,1.533,190.4,230.47,1.08,0.77,0.31
LZ,1.03,10.42,240.91,-27.9,0,0.0,0.02,0/5,hold,6.26-11.93,-4.13,13.0,14.0,12.82,Sell ALL,2.63 million,Industrials,Specialty Business Services,1.257,10.94,13.09,1.05,0.8,0.02
NEO,1.04,7.61,317.93,-37.15,0,0.02,1.22,0/5,hold,4.72-19.11,-5.84,60.0,14.0,12.0,Sell ALL,2.22 million,Healthcare,Diagnostics & Research,1.615,8.19,9.81,1.08,0.78,0.06
URBN,1.07,70.9,311.77,-4.66,-1,0.45,0.47,-1/5,hold,34.76-80.71,-0.63,12.0,93.0,86.54,Sell ALL,2.16 million,Consumer Cyclical,Apparel Retail,1.29,72.46,86.39,1.02,0.82,-0.06
FSTR,1.09,26.84,219.39,-8.34,-1,-0.46,-21.48,-1/5,hold,17.16-29.78,-1.27,10.0,31.0,29.5,Sell ALL,35.32 thousand,Industrials,Railroads,0.988,27.54,33.67,1.03,0.8,0.3
ADTN,1.09,9.38,327.95,-18.53,-1,0.05,1.0,-1/5,buy,5.67-12.44,-3.15,25.0,16.0,14.33,Sell,2.06 million,Technology,Communication Equipment,1.391,9.81,11.96,1.05,0.78,0.26
AS,1.12,34.6,227.34,-62.5,1,0.15,2.18,1/5,buy,15.96-42.36,-9.22,18.0,58.0,52.17,- Buy time -,4.98 million,Consumer Cyclical,Leisure,1,36.86,44.17,1.07,0.78,0.34
PODC,1.15,1.67,-103.91,46.33,-2,-0.01,-0.3,-2/5,buy,1.1-2.94,4.48,43.0,3.75,3.56,Sell ALL,43.45 thousand,Communication Services,Internet Content & Information,1,1.76,2.22,1.05,0.75,0.69
LRN,1.15,147.65,118.48,-61.16,1,0.27,0.15,1/5,buy,63.25-171.17,-9.88,14.000000000000002,185.0,176.25,Buy time,896.29 thousand,Consumer Defensive,Education & Training Services,0.225,154.21,189.4,1.04,0.78,0.68
PLBY,1.17,1.47,483.29,-89.85,0,-0.04,-1.0,0/5,buy,0.66-2.44,-13.7,40.0,3.0,2.74,Sell ALL,480.19 thousand,Consumer Cyclical,Leisure,2.435,1.65,2.05,1.12,0.72,0.97
IMMX,1.17,2.07,20.63,-38.06,0,0.02,-0.03,0/5,strongBuy,1.26-3.2,-5.61,35.0,8.0,8.0,- Buy time -,228.83 thousand,Healthcare,Biotechnology,0.25,2.22,2.7,1.07,0.77,1.0
PTC,1.18,202.71,272.36,-37.19,0,0.82,0.63,0/5,buy,133.38-219.69,-5.2,8.0,250.0,237.61,Sell ALL,1.10 million,Technology,Software - Application,1.184,208.83,251.24,1.03,0.81,0.29
LZB,1.18,34.02,259.15,-45.01,0,-0.07,-0.12,0/5,hold,31.99-48.31,-6.35,30.0,46.0,43.5,Sell ALL,807.59 thousand,Consumer Cyclical,Furnishings, Fixtures & Appliances,1.245,35.18,43.09,1.03,0.79,0.51
DTST,1.21,4.29,257.11,-36.55,0,-0.17,-3.33,0/5,hold,2.93-5.44,-5.36,21.0,0.1,0.1,Buy,71.17 thousand,Technology,Information Technology Services,1.048,4.5,5.35,1.05,0.8,0.36
AVXL,1.23,8.99,301.2,-12.36,-1,0.0,0.03,-1/5,buy,5.03-14.441,-4.12,38.0,46.0,40.17,- Buy time -,1.43 million,Healthcare,Biotechnology,0.828,9.3,10.94,1.03,0.82,0.42
SYF,1.24,70.51,316.2,-63.18,0,0.97,0.56,0/5,buy,40.545-77.41,-9.01,9.0,100.0,90.48,Sell ALL,4.32 million,Financial Services,Credit Services,1.48,76.26,95.59,1.08,0.74,0.84
MBLY,1.27,14.03,132.56,-40.77,1,0.02,0.27,1/5,buy,11.12-22.51,-5.81,38.0,31.1,25.33,Buy time,6.91 million,Consumer Cyclical,Auto Parts,0.506,14.7,17.31,1.05,0.81,0.24
VERX,1.32,24.4,177.93,10.48,-1,0.03,0.17,-1/5,strongBuy,23.133-60.71,1.31,60.0,50.0,43.36,Sell ALL,2.29 million,Technology,Software - Application,0.672,25.44,30.34,1.04,0.8,0.22
GIFI,1.33,7.06,100.3,-19.01,1,-0.04,-0.36,1/5,strongBuy,5.12-7.78,-2.97,9.0,8.0,8.0,- Buy time -,37.62 thousand,Industrials,Metal Fabrication,0.28,7.34,8.83,1.04,0.8,-0.11
BAM,1.35,56.75,345.62,-25.94,0,-0.02,-0.03,0/5,hold,41.78-64.1,-3.98,11.0,75.0,69.22,Sell ALL,2.01 million,Financial Services,Asset Management,1.713,59.47,70.81,1.05,0.8,0.02
OPBK,1.36,13.78,153.62,-27.26,-1,0.09,0.28,-1/5,buy,10.43-18.57,-3.85,26.0,16.5,16.25,== less Sell ALL==,57.37 thousand,Financial Services,Banks - Regional,0.72,14.56,18.34,1.06,0.75,1.18
GRCE,1.37,2.96,197.51,-21.66,0,0.56,1.4,0/5,buy,1.75-4.97,-3.38,40.0,12.369191,12.05,Sell ALL,86.49 thousand,Healthcare,Biotechnology,1.061,3.16,3.79,1.07,0.78,0.35
RVPH,1.39,0.35,111.11,-98.58,1,0.04,0.2,1/5,buy,0.25-4.28,-29.91,92.0,16.0,11.12,Buy time,15.75 million,Healthcare,Biotechnology,1,0.38,0.5,1.09,0.7,2.5
RGP,1.42,5.01,117.04,-7.71,-1,0.19,17.2,-1/5,buy,4.44-9.96,-1.2,50.0,15.0,11.75,Sell ALL,422.25 thousand,Industrials,Consulting Services,0.605,5.23,6.27,1.04,0.8,0.9
GL,1.44,141.87,114.48,2.79,-1,-0.15,-0.04,-1/5,buy,100.27-147.83,0.29,4.0,188.0,174.77,Sell ALL,667.45 thousand,Financial Services,Insurance - Life,0.56,144.19,181.75,1.02,0.78,0.68
HNST,1.47,3.66,538.3,-58.96,0,0.03,1.13,0/5,buy,3.32-8.97,-8.32,59.0,8.0,7.4,Sell ALL,4.30 million,Consumer Defensive,Household & Personal Products,2.321,3.96,4.67,1.08,0.78,0.36
VFC,1.48,14.19,393.03,-34.02,0,0.11,0.36,0/5,hold,9.41-29.02,-4.91,51.0,39.5,27.51,Sell ALL,7.16 million,Consumer Cyclical,Apparel Manufacturing,1.721,15.06,18.03,1.06,0.79,0.2
ALTO,1.51,1.06,51.76,-30.71,-2,-0.01,-0.16,-2/5,strongBuy,0.76-2.05,-8.49,48.0,5.5,4.75,Sell ALL,682.22 thousand,Basic Materials,Specialty Chemicals,0.32,1.18,1.54,1.11,0.69,2.5
INLX,1.52,11.55,90.01,18.0,-1,-0.05,-0.7,-1/5,strongBuy,8.74-16.5,2.08,30.0,14.5,14.5,Sell,2.12 thousand,Technology,Software - Application,0.36,11.83,14.53,1.02,0.79,0.5
DHX,1.52,2.73,314.1,-70.27,2,0.11,15.0,2/5,buy,1.21-3.34,-10.26,18.0,11.5,8.79,Sell ALL,162.78 thousand,Technology,Software - Application,1.548,2.98,3.48,1.09,0.78,0.07
ELMD,1.55,24.23,102.91,-16.72,0,0.05,0.21,0/5,buy,17.73-35.56,-2.83,32.0,38.0,36.5,- Buy time -,98.23 thousand,Healthcare,Medical Devices,0.54,25.17,29.6,1.04,0.82,0.68
CAVA,1.57,59.83,603.07,-71.59,0,0.1,0.72,0/5,buy,58.33-172.43,-10.25,65.0,125.0,108.2,Sell ALL,6.22 million,Consumer Cyclical,Restaurants,2.635,65.46,78.2,1.09,0.77,0.58
LPX,1.57,88.44,359.97,-62.48,1,0.05,0.03,1/5,buy,78.82-122.87,-9.41,28.000000000000004,135.0,118.7,Buy,1.15 million,Industrials,Building Products & Equipment,1.838,92.12,107.16,1.04,0.83,0.44
KRMD,1.57,3.77,39.82,-61.4,-1,0.06,2.5,-1/5,buy,1.86-5.05,-8.9,25.0,7.0,6.3,Sell ALL,182.35 thousand,Healthcare,Medical Instruments & Supplies,0.572,4.1,5.61,1.09,0.67,2.5
ARHS,1.6,10.6,603.3,-52.61,0,0.07,0.16,0/5,hold,6.61-13.015,-7.36,19.0,14.0,13.04,== less Sell ALL==,2.13 million,Consumer Cyclical,Specialty Retail,2.583,11.23,13.05,1.06,0.81,0.16
AKA,1.65,9.62,308.46,-89.61,-1,0.37,0.7,-1/5,hold,7.0-27.47,-12.99,65.0,30.0,25.25,Sell ALL,3.10 thousand,Consumer Cyclical,Apparel Retail,1.64,10.58,13.43,1.1,0.72,2.5
KD,1.66,29.79,420.95,-45.29,0,0.02,0.05,0/5,buy,22.26-44.2,-6.65,33.0,55.0,48.75,Sell ALL,2.73 million,Technology,Information Technology Services,1.97,31.86,38.42,1.07,0.78,0.57
SONY,1.67,28.67,228.44,22.91,-1,0.15,1.04,-1/5,buy,17.42-30.25,2.91,5.0,35.82,33.91,mere Sell (some bought),4.31 million,Technology,Consumer Electronics,0.782,28.94,34.76,1.01,0.82,0.15
PRKS,1.67,51.73,315.09,-36.18,1,-0.22,-0.43,1/5,hold,37.68-60.83,-5.06,15.0,81.0,69.23,- Buy time -,1.12 million,Consumer Cyclical,Leisure,1.347,53.21,64.28,1.03,0.8,0.03
ALAB,1.68,192.7,369.92,45.21,-3,0.17,0.52,-3/5,buy,47.125-262.9,2.46,27.0,275.0,228.81,mere Sell (some bought),11.09 million,Technology,Semiconductors,1,215.76,267.44,1.12,0.72,0.66
EMBC,1.69,14.06,241.97,-19.67,0,0.46,0.64,0/5,hold,9.2-21.48,-3.06,35.0,25.0,20.83,Sell ALL,647.97 thousand,Healthcare,Medical Instruments & Supplies,1.081,14.8,17.62,1.05,0.8,0.5
TBRG,1.71,20.25,108.89,7.37,-1,0.32,1.1,-1/5,buy,11.39-32.0,0.37,37.0,28.0,26.38,Sell,149.33 thousand,Healthcare,Health Information Services,0.559,21.06,25.26,1.04,0.8,0.89
HLVX,1.71,2.1,191.25,0.0,0,0.26,0.75,0/2,hold,1.34-2.17,0.0,3.0,0.1,0.1,Sell ALL,1.22 million,Healthcare,Biotechnology,0.765,2.11,2.53,1.0,0.83,0.19
NATL,1.71,38.79,218.09,-18.49,0,0.17,0.24,0/5,buy,22.3-40.78,-2.53,5.0,60.0,52.33,Sell,748.54 thousand,Technology,Software - Application,1,39.76,50.73,1.03,0.76,0.54
CRESY,1.71,9.16,67.95,-34.97,2,1,1,2/5,buy,8.39-14.23,-5.95,36.0,16.0,15.6,Sell ALL,425.46 thousand,Industrials,Conglomerates,0.418,9.48,11.26,1.03,0.81,0.15
ALNT,1.72,44.45,323.98,-23.99,0,0.22,0.56,0/5,buy,16.91-48.22,-3.55,8.0,51.0,48.0,Sell,191.34 thousand,Technology,Electronic Components,1.515,46.19,55.42,1.04,0.8,0.4
WAVE,1.76,8.49,-4.59,13.7,0,-0.11,-0.85,0/5,strongBuy,4.3-17.63,1.53,52.0,15.0,14.88,Sell ALL,28.24 thousand,Utilities,Utilities - Renewable,1,8.76,10.34,1.03,0.82,0.48
CFLT,1.78,19.45,227.23,37.78,-1,0.02,0.28,-1/5,buy,15.64-37.9,4.63,49.0,36.0,30.41,mere Sell (some bought),7.85 million,Technology,Software - Infrastructure,0.97,20.09,24.12,1.03,0.81,-0.06
RSI,1.79,20.41,390.94,-36.93,0,0.08,1.22,0/5,buy,9.542-22.65,-5.42,10.0,24.0,22.38,Sell ALL,1.81 million,Consumer Cyclical,Gambling,1.851,21.98,27.42,1.08,0.74,0.58
FTI,1.79,39.39,269.81,-4.91,0,0.06,0.08,0/5,buy,22.12-41.3,-0.66,5.0,51.0,46.1,Sell ALL,8.07 million,Energy,Oil & Gas Equipment & Services,1.102,40.0,48.03,1.02,0.82,0.17
LNSR,1.81,12.15,128.43,-1.01,1,0.07,0.3,1/5,,4.2-17.31,-0.16,30.0,15.0,15.0,- +Buy time -,76.17 thousand,Healthcare,Medical Devices,0.494,12.38,14.92,1.02,0.81,-0.13
SLAB,1.82,129.76,361.42,-28.52,0,0.03,0.3,0/5,hold,82.82-160.0,-3.98,19.0,180.0,165.22,Sell ALL,290.00 thousand,Technology,Semiconductors,1.519,135.68,167.81,1.05,0.77,0.49
SKX,1.85,63.26,300.17,1.42,0,0.44,0.46,0/2,hold,44.5-78.85,0.05,20.0,63.0,63.0,Buy,3.72 million,Consumer Cyclical,Footwear & Accessories,1.195,63.28,75.96,1.0,0.83,0.01
WSM,1.86,194.3,346.26,-31.94,0,0.29,0.16,0/5,hold,125.33-219.98,-4.43,12.0,230.0,217.42,Sell ALL,1.56 million,Consumer Cyclical,Specialty Retail,1.523,201.07,242.64,1.03,0.8,0.65
WLKP,1.86,21.26,151.84,-19.48,1,-0.34,-0.78,1/5,buy,20.63-25.04,-2.75,15.0,28.0,26.75,- Buy time -,78.26 thousand,Basic Materials,Chemicals,0.724,21.62,26.23,1.02,0.81,0.28
INN,1.89,5.47,351.68,-24.91,0,-0.03,-1.0,0/5,hold,3.57-7.22,-3.66,24.0,8.0,7.22,Sell ALL,1.07 million,Real Estate,REIT - Hotel & Motel,1.703,5.74,7.11,1.05,0.77,0.51
CCRD,1.9,26.84,159.46,-5.82,1,0.16,0.9,1/5,,12.12-31.99,-0.82,16.0,21.0,21.0,Sell,65.03 thousand,Technology,Software - Application,0.657,27.56,33.15,1.03,0.81,-0.01
COMM,1.91,15.41,580.87,-39.29,0,0.27,1.78,0/5,hold,2.94-17.125,-5.52,10.0,20.0,19.83,== less Sell ALL==,6.49 million,Technology,Communication Equipment,2.477,16.44,19.37,1.07,0.8,0.23
GMED,1.91,56.66,245.53,-45.03,1,0.05,0.05,1/5,hold,51.79-94.93,-6.41,40.0,106.0,93.15,- Buy time -,1.87 million,Healthcare,Medical Devices,1.168,58.3,71.49,1.03,0.79,0.67
XPO,1.91,127.61,428.38,-18.53,0,0.14,0.18,0/5,buy,85.06-161.0,-2.52,21.0,156.0,147.71,Sell ALL,1.20 million,Industrials,Trucking,1.763,131.58,156.72,1.03,0.81,0.16
RBOT,1.92,5.36,295.73,-40.64,0,0.17,0.07,0/5,hold,5.0-19.0,-6.63,72.0,13.0,11.5,Sell ALL,38.45 thousand,Healthcare,Medical Devices,1.411,6.08,6.99,1.13,0.77,1.09
ALAR,1.93,14.83,163.13,40.25,-1,0.3,22.5,-1/5,buy,5.45-21.5,4.25,31.0,27.0,25.25,mere Sell (some bought),85.87 thousand,Technology,Software - Infrastructure,0.612,15.78,18.84,1.06,0.79,0.24
PRCH,1.96,16.82,632.03,-45.6,0,0.27,2.56,0/5,buy,1.26-19.436,-6.72,13.0,25.0,22.38,Sell ALL,2.61 million,Technology,Software - Application,2.827,18.47,22.15,1.1,0.76,0.3
YELP,1.97,31.01,239.62,-16.37,0,0.19,0.42,0/5,hold,29.96-41.72,-2.23,26.0,40.0,37.22,Sell ALL,1.01 million,Communication Services,Internet Content & Information,1.032,31.91,40.17,1.03,0.77,0.69
FICO,1.98,1502.09,323.61,-6.46,0,1.24,0.16,0/5,buy,1300.0-2402.52,-1.12,37.0,2300.0,2088.67,Sell ALL,294.63 thousand,Technology,Software - Application,1.345,1546.56,1880.14,1.03,0.8,0.26
GRRR,2.0,18.62,75.75,80.11,-3,0,0,-3/5,buy,3.6-44.15,8.16,57.99999999999999,38.0,37.25,Sell ALL,1.83 million,Technology,Software - Infrastructure,1,19.71,23.82,1.06,0.78,0.94
SLQT,2.0,1.99,268.21,-48.1,2,0.18,1.56,2/5,buy,1.62-6.86,-6.8,71.0,7.0,6.12,Sell ALL,1.17 million,Financial Services,Insurance Brokers,1.262,2.08,2.52,1.05,0.79,0.15
BLFS,2.01,25.42,428.32,-10.29,0,0.09,4.21,0/5,buy,19.1-29.55,-1.77,14.000000000000002,34.0,32.65,Buy,404.09 thousand,Healthcare,Medical Instruments & Supplies,1.779,25.82,30.68,1.02,0.83,0.1
DYN,2.04,12.73,263.3,-29.0,0,-0.25,-0.29,0/5,buy,6.36-35.9,-4.01,65.0,50.0,42.22,Sell ALL,3.62 million,Healthcare,Biotechnology,1.103,13.61,16.8,1.07,0.76,0.99
HTCR,2.05,0.8,480.91,-9.25,0,-0.01,-11.5,0/5,strongBuy,0.391-3.38,-2.37,76.0,0.1,0.1,Sell,326.20 thousand,Technology,Software - Application,2.022,0.92,1.09,1.15,0.73,0.0
HQY,2.05,94.11,131.93,-27.14,2,0.32,0.37,2/5,buy,74.07-116.65,-3.81,19.0,134.0,128.18,Sell ALL,1.21 million,Healthcare,Health Information Services,0.504,95.94,116.71,1.02,0.81,0.09
CXDO,2.07,6.44,203.31,-3.13,-1,0.05,0.76,-1/5,buy,3.75-7.34,-0.78,12.0,11.0,9.79,Sell ALL,194.47 thousand,Communication Services,Telecom Services,0.982,6.78,8.71,1.05,0.74,1.22
NTRA,2.07,162.2,444.16,-14.72,0,0.01,-0.0,0/5,buy,117.27-183.0,-2.69,11.0,235.0,214.4,Sell ALL,1.30 million,Healthcare,Diagnostics & Research,1.678,173.0,205.67,1.07,0.79,0.23
OKTA,2.09,91.18,220.86,13.29,0,0.15,0.19,0/5,buy,70.92-127.567,1.57,28.999999999999996,142.0,131.18,- Buy time -,3.83 million,Technology,Software - Infrastructure,0.827,93.49,113.95,1.03,0.8,0.2
ECOR,2.11,4.96,104.98,6.86,1,-0.13,-0.41,1/5,strongBuy,4.16-19.49,0.71,75.0,25.2,23.3,Sell ALL,38.64 thousand,Healthcare,Medical Devices,0.361,5.14,6.18,1.04,0.8,0.07
ALGM,2.14,29.09,442.59,-23.57,0,0.02,0.26,0/5,buy,16.38-38.45,-3.47,24.0,42.0,39.92,Sell ALL,1.89 million,Technology,Semiconductors,1.74,31.06,37.93,1.07,0.77,0.48
SYNA,2.16,67.58,396.63,-20.42,0,0.05,0.05,0/5,buy,41.8-89.81,-2.92,25.0,95.0,88.78,Sell ALL,474.80 thousand,Technology,Semiconductors,1.634,71.47,87.43,1.06,0.77,0.55
CQP,2.19,53.56,79.03,-6.64,1,0.14,0.1,1/5,hold,47.55-68.42,-0.94,22.0,71.0,63.47,Sell ALL,77.48 thousand,Energy,Oil & Gas Midstream,0.39,54.0,65.37,1.01,0.82,0.51
EB,2.21,2.53,473.04,-15.88,-1,0.08,0.99,-1/5,hold,1.81-4.12,-3.76,39.0,3.0,2.92,Sell ALL,693.27 thousand,Communication Services,Internet Content & Information,2.035,2.85,3.46,1.13,0.73,0.97
GPRK,2.22,6.38,115.94,-2.76,1,-0.57,-2.74,1/5,buy,5.66-11.72,-1.02,46.0,18.0,14.12,Sell,1.54 million,Energy,Oil & Gas E&P,0.81,6.54,7.84,1.03,0.81,0.39
CXM,2.25,7.72,193.87,-9.8,1,0.05,0.52,1/5,hold,6.75-9.685,-1.36,20.0,17.0,13.72,Sell ALL,2.60 million,Technology,Software - Application,0.806,7.95,9.69,1.03,0.8,0.33
AMPL,2.3,10.72,415.49,-6.46,0,0.01,1.26,0/5,buy,7.55-14.88,-1.59,28.000000000000004,18.0,16.83,Sell ALL,1.68 million,Technology,Software - Application,1.545,11.68,14.15,1.09,0.76,0.35
QTWO,2.34,72.06,253.63,-46.11,-1,0.0,0.01,-1/5,buy,63.61-112.82,-7.23,36.0,115.0,109.36,== less Sell ALL==,3.53 million,Technology,Software - Application,1.492,79.84,109.36,1.11,0.66,2.36
SPOT,2.36,690.65,423.28,-13.11,0,-3.7,-1.75,0/5,buy,362.31-785.0,-1.91,12.0,916.91534,834.16,Sell ALL,1.83 million,Communication Services,Internet Content & Information,1.715,726.65,896.14,1.05,0.77,0.51
AZTA,2.37,28.26,346.93,-29.87,0,0.03,0.07,0/5,hold,23.91-55.64,-4.46,49.0,40.0,36.5,Sell ALL,964.09 thousand,Healthcare,Medical Instruments & Supplies,1.651,29.95,36.5,1.06,0.77,1.12
GOCO,2.37,4.73,349.04,-24.34,1,-2.52,-0.95,1/5,buy,4.32-21.0,-3.38,77.0,22.0,19.6,- Buy time -,49.63 thousand,Financial Services,Insurance Brokers,1.611,4.84,5.76,1.02,0.82,0.36
KVYO,2.39,28.28,392.18,-51.9,1,0.05,0.44,1/5,buy,23.77-49.55,-10.15,43.0,60.0,53.05,Sell ALL,4.06 million,Technology,Software - Infrastructure,1.371,33.44,39.88,1.18,0.71,1.04
PVH,2.4,83.44,409.54,-45.49,2,0.57,0.28,2/5,hold,59.28-113.47,-7.05,26.0,148.0,122.39,Sell ALL,1.42 million,Consumer Cyclical,Apparel Manufacturing,1.838,87.82,105.0,1.05,0.79,0.14
BBIO,2.41,51.96,320.86,3.09,0,-0.34,-0.56,0/5,buy,21.72-54.6,0.25,5.0,95.0,80.66,- Buy time -,3.13 million,Healthcare,Biotechnology,1.255,53.03,63.76,1.02,0.81,0.47
IRMD,2.42,70.23,245.38,-19.98,0,0.06,0.15,0/5,buy,46.86-74.43,-2.72,6.0,75.0,75.0,== less Sell ALL==,59.26 thousand,Healthcare,Medical Devices,1.027,71.79,87.78,1.02,0.8,1.21
ELTX,2.47,10.87,477.79,3.76,0,-0.01,-0.01,0/5,strongBuy,4.05-12.62,0.18,14.000000000000002,18.0,16.75,mere Sell (some bought),56.33 thousand,Healthcare,Biotechnology,2.152,11.32,13.61,1.04,0.8,0.1
DK,2.48,32.07,239.86,4.57,1,0.38,0.37,1/5,hold,11.03-34.5,0.47,7.000000000000001,40.0,34.23,Sell ALL,2.33 million,Energy,Oil & Gas Refining & Marketing,1.073,32.82,39.0,1.02,0.82,0.12
EXFY,2.49,1.86,423.85,-21.19,0,-0.05,-2.26,0/5,hold,1.6-4.13,-2.96,55.00000000000001,5.0,4.08,Sell,741.44 thousand,Technology,Software - Application,1.726,1.97,2.42,1.06,0.77,0.82
GDYN,2.49,7.63,194.03,-17.83,1,0.02,0.27,1/5,buy,7.37-25.5,-3.01,70.0,15.0,14.1,Sell ALL,1.93 million,Technology,Information Technology Services,1.03,8.07,9.77,1.06,0.78,0.78
SMFG,2.5,16.68,53.27,3.1,2,-0.27,-1.4,2/5,buy,11.83-17.46,0.39,4.0,18.61066,18.61,Sell ALL,2.20 million,Financial Services,Banks - Diversified,0.199,16.84,19.93,1.01,0.84,0.06
WFC,2.52,83.33,287.2,14.57,0,0.35,0.27,0/5,buy,54.41-86.66,1.8,4.0,100.0,93.92,Sell ALL,18.02 million,Financial Services,Banks - Diversified,1.242,83.82,101.55,1.01,0.82,0.42
MXL,2.55,15.71,440.07,8.34,0,0.0,0.07,0/5,hold,8.35-25.73,1.02,39.0,27.5,23.68,Sell ALL,1.16 million,Technology,Semiconductors,1.76,16.36,19.6,1.04,0.8,0.17
FSS,2.56,118.43,279.29,-39.61,0,0.14,0.14,0/5,buy,66.47-130.3,-5.52,9.0,145.0,139.0,== less Sell ALL==,756.60 thousand,Industrials,Pollution & Treatment Controls,1.323,125.14,152.89,1.06,0.77,1.71
APG,2.56,34.35,400.3,-14.1,1,0.03,0.07,1/5,buy,20.503332-36.55,-1.95,6.0,42.0,41.5,Buy time,3.20 million,Industrials,Engineering & Construction,1.613,35.03,42.65,1.02,0.81,0.18
KLTR,2.57,1.44,235.28,-11.76,0,0.04,12.0,0/5,strongBuy,1.24-2.82,-2.78,49.0,4.0,3.5,Sell ALL,410.55 thousand,Technology,Software - Application,1.071,1.61,2.03,1.12,0.71,1.25
CZWI,2.57,15.96,139.34,-30.27,-1,0.09,0.35,-1/5,buy,12.69-17.04,-4.2,6.0,18.0,17.88,Sell ALL,35.80 thousand,Financial Services,Banks - Regional,0.763,16.58,21.95,1.04,0.73,2.5
INGN,2.57,8.23,433.88,11.14,0,0.21,1.34,0/5,strongBuy,5.7-12.91,1.28,36.0,14.0,12.5,Sell ALL,268.48 thousand,Healthcare,Medical Devices,1.79,8.55,10.19,1.04,0.81,0.15
TS,2.57,35.62,278.5,-4.05,1,0.28,0.34,1/5,buy,30.06-40.87,-0.6,13.0,49.0,45.7,- Buy time -,2.58 million,Energy,Oil & Gas Equipment & Services,1.186,35.66,43.29,1.0,0.82,0.29
GOOGL,2.6,241.73,268.6,32.83,0,0.92,0.46,0/5,buy,140.53-256.0,3.98,6.0,300.0,268.98,Sell ALL,45.34 million,Communication Services,Internet Content & Information,1.011,246.43,293.17,1.02,0.82,0.15
ALGT,2.6,60.6,417.35,-42.95,2,0.64,0.62,2/5,hold,39.8-107.57,-6.06,44.0,85.0,74.42,Sell ALL,443.06 thousand,Industrials,Airlines,1.709,64.05,76.26,1.06,0.79,0.23
TASK,2.63,17.82,520.9,-6.77,1,0.15,0.45,1/5,hold,10.57-19.6,-0.98,9.0,17.0,16.81,== less Sell ALL==,777.95 thousand,Technology,Information Technology Services,2.162,17.91,21.24,1.01,0.84,-0.24
FPI,2.64,10.84,223.92,6.1,1,0.0,0.0,1/5,hold,9.66-12.87,0.78,16.0,14.0,13.12,Sell ALL,354.56 thousand,Real Estate,REIT - Specialty,0.918,10.91,13.21,1.01,0.82,0.28
BBVA,2.67,19.18,375.92,29.43,0,0.1,0.23,0/5,buy,9.23-19.41,3.78,1.0,21.66626,20.5,== less Sell ALL==,1.09 million,Financial Services,Banks - Diversified,1.461,19.03,22.94,0.99,0.84,-0.01
LQDT,2.68,27.36,247.27,13.17,0,0.05,0.17,0/5,strongBuy,21.23-39.72,1.57,31.0,42.0,41.5,Sell ALL,217.68 thousand,Consumer Cyclical,Internet Retail,1.078,27.59,34.95,1.01,0.78,0.72
GH,2.69,61.93,320.65,9.51,1,0.17,0.32,1/5,buy,20.14-68.0,0.92,9.0,80.0,73.54,Buy,3.61 million,Healthcare,Diagnostics & Research,1.462,61.1,73.12,0.99,0.85,0.01
TNDM,2.69,11.77,373.55,-36.56,2,-0.15,-0.32,2/5,hold,9.98-42.7,-5.27,72.0,51.0,36.29,Sell ALL,1.65 million,Healthcare,Medical Devices,1.456,12.79,15.42,1.09,0.76,0.29
SVCO,2.7,5.4,230.46,11.92,1,-0.16,-10.49,1/5,buy,3.55-14.42,1.3,63.0,12.0,10.83,Sell ALL,156.58 thousand,Technology,Software - Application,1,5.62,6.89,1.04,0.78,0.2
MPLX,2.72,49.72,159.72,-15.79,2,-0.1,-0.09,2/5,buy,43.53-54.87,-2.19,9.0,64.0,60.5,Sell ALL,1.65 million,Energy,Oil & Gas Midstream,0.695,51.08,61.81,1.03,0.8,0.42
FNKO,2.77,3.4,261.31,46.29,0,0.05,0.13,0/5,buy,2.22-14.65,2.2,77.0,5.0,4.38,Sell,1.14 million,Consumer Cyclical,Leisure,0.811,3.68,4.46,1.08,0.76,0.2
AISP,2.77,5.05,39.42,157.85,-3,-0.08,-0.72,-3/5,strongBuy,1.9-7.66,14.06,34.0,11.0,11.0,== less Sell ALL==,822.29 thousand,Technology,Software - Infrastructure,0.288,5.14,6.11,1.02,0.83,0.26
ELF,2.78,132.39,449.28,-4.15,1,0.11,0.15,1/5,buy,49.4-150.99,-1.0,12.0,165.0,153.25,Buy,1.97 million,Consumer Defensive,Household & Personal Products,1.582,139.37,166.33,1.05,0.8,0.06
ERJ,2.79,60.12,308.35,16.57,1,-0.96,-24.67,1/5,buy,32.26-62.09,2.01,3.0,79.0,71.86,Sell ALL,1.13 million,Industrials,Aerospace & Defense,1.123,60.22,73.07,1.0,0.82,-0.03
C,2.84,100.7,340.0,28.62,0,0.46,0.28,0/5,buy,55.51-105.59,3.59,5.0,129.0,117.23,Sell ALL,18.11 million,Financial Services,Banks - Diversified,1.4,101.38,122.35,1.01,0.82,0.28
TPB,2.86,99.22,236.96,5.09,1,0.31,0.39,1/5,buy,40.35-104.76,0.48,5.0,115.0,111.38,Buy,462.24 thousand,Consumer Defensive,Tobacco,0.768,100.93,121.69,1.02,0.82,0.5
AR,2.88,33.53,127.93,25.68,1,-0.17,-0.27,1/5,buy,25.36-44.02,3.12,24.0,58.0,50.62,Sell ALL,5.71 million,Energy,Oil & Gas E&P,0.637,33.23,40.37,0.99,0.83,0.35
TH,2.93,8.3,495.59,-29.94,1,-0.05,-0.97,1/5,buy,4.0-11.1,-4.7,25.0,11.0,10.75,Sell ALL,420.79 thousand,Industrials,Specialty Business Services,2.003,8.89,10.68,1.07,0.78,0.68
PSTG,2.93,83.1,278.21,45.32,0,0.08,0.28,0/5,buy,34.51-89.095,5.26,7.000000000000001,105.0,94.97,Sell ALL,3.51 million,Technology,Computer Hardware,1.2,84.08,100.33,1.01,0.83,0.18
ANGO,2.93,10.97,187.27,17.23,1,0.25,1.98,1/5,buy,5.83-13.5,2.19,19.0,24.0,21.12,- Buy time -,452.47 thousand,Healthcare,Medical Instruments & Supplies,0.637,11.02,13.23,1.0,0.83,0.42
OSCR,2.94,18.9,463.51,25.5,0,0.06,0.07,0/5,hold,11.2-22.78,2.75,17.0,14.0,12.57,Buy,20.29 million,Healthcare,Healthcare Plans,1.872,19.63,23.9,1.04,0.79,0.13
UPLD,2.96,2.36,354.31,-6.31,2,0.03,0.15,2/5,buy,1.69-5.64,-1.48,57.99999999999999,5.0,4.67,== less Sell ALL==,190.53 thousand,Technology,Software - Application,1.157,2.58,3.07,1.09,0.77,-0.06
CHWY,2.96,40.54,404.28,-5.45,1,0.01,0.03,1/5,buy,26.28-48.62,-1.53,17.0,52.0,48.66,Buy,8.51 million,Consumer Cyclical,Internet Retail,1.65,40.26,47.61,0.99,0.85,0.41
CCB,2.97,110.75,227.2,-32.34,2,-0.34,-0.41,2/5,buy,51.45-119.22,-4.63,7.000000000000001,140.0,131.6,Sell ALL,146.57 thousand,Financial Services,Banks - Regional,1.057,116.18,142.05,1.05,0.78,0.87
DXPE,2.99,118.78,272.11,-41.83,3,0.1,0.08,3/5,buy,48.45-129.56,-5.93,8.0,125.0,125.0,Buy time,177.69 thousand,Industrials,Industrial Distribution,1.248,123.12,147.99,1.04,0.8,0.37
K,3.01,81.94,60.86,24.69,1,-0.16,-0.16,1/5,hold,76.48-83.22,3.01,2.0,83.5,83.45,Buy,6.09 million,Consumer Defensive,Packaged Foods,0.276,79.35,94.98,0.97,0.86,0.69
BBW,3.02,65.76,214.01,72.71,-1,0.5,0.62,-1/5,buy,32.07-75.85,7.65,13.0,85.0,82.5,Sell ALL,548.67 thousand,Consumer Cyclical,Specialty Retail,0.683,70.75,84.85,1.08,0.78,0.5
SNOW,3.04,225.73,352.04,13.64,1,0.11,0.45,1/5,buy,108.71-249.99,1.7,10.0,440.0,351.88,Buy time,6.95 million,Technology,Software - Application,1.224,228.04,274.94,1.01,0.82,0.17
DVAX,3.04,9.94,298.22,-2.88,1,0.03,-1.54,1/5,buy,9.2-14.63,-0.45,32.0,32.0,27.4,Sell ALL,2.57 million,Healthcare,Drug Manufacturers - Specialty & Generic,1.244,9.99,12.3,1.01,0.81,0.68
MRBK,3.04,15.6,158.44,-5.77,2,-0.05,-0.19,2/5,buy,11.16-17.33,-0.9,10.0,19.0,19.0,Sell ALL,110.98 thousand,Financial Services,Banks - Regional,0.737,15.96,19.62,1.02,0.8,0.52
GBX,3.04,45.53,404.22,-23.89,1,0.79,0.84,1/5,buy,37.77-71.06,-3.28,36.0,57.0,55.25,Buy time,359.92 thousand,Industrials,Railroads,1.699,46.74,58.61,1.03,0.78,0.87
NET,3.04,214.12,514.11,16.29,0,0.03,0.14,0/5,buy,77.8-230.1,1.93,7.000000000000001,255.0,232.0,Sell ALL,2.52 million,Technology,Software - Infrastructure,1.949,220.96,267.33,1.03,0.8,0.28
HPE,3.05,24.26,394.92,40.44,0,0.07,0.22,0/5,hold,11.965-25.356,5.06,4.0,30.0,27.91,Sell ALL,34.27 million,Technology,Communication Equipment,1.441,24.59,29.54,1.01,0.82,0.08
RXRX,3.06,4.82,276.82,50.34,-1,-0.04,-0.13,-1/5,hold,3.79-12.36,6.32,61.0,10.0,8.23,Sell ALL,37.17 million,Healthcare,Biotechnology,0.905,4.93,5.86,1.02,0.82,0.8
CXAI,3.06,0.72,274.78,91.54,-1,0.23,0.97,-1/5,strongBuy,0.613-2.536,10.2,72.0,3.0,3.0,Sell ALL,649.26 thousand,Technology,Software - Application,0.847,0.75,0.91,1.04,0.79,-0.05
GRPN,3.07,22.87,158.51,-13.7,3,0.65,7.42,3/5,buy,7.75-43.08,-1.88,47.0,47.0,42.67,Buy time,1.97 million,Communication Services,Internet Content & Information,0.674,23.53,28.07,1.03,0.81,0.11
A,3.1,127.42,287.79,-5.79,2,0.05,0.04,2/5,hold,96.43-153.84,-0.83,17.0,165.0,151.98,Buy time,2.15 million,Healthcare,Diagnostics & Research,1.24,127.98,151.31,1.0,0.84,0.22
LB,3.1,53.58,236.95,-5.28,2,-0.28,-0.78,2/5,hold,38.71-87.597,-1.08,39.0,86.0,77.71,Sell ALL,492.31 thousand,Energy,Oil & Gas Equipment & Services,1,54.46,65.2,1.02,0.82,0.37
RLX,3.12,2.62,323.46,20.47,1,0.06,0.33,1/5,buy,1.57-2.84,2.1,8.0,4.029922,3.55,Buy,3.93 million,Consumer Defensive,Tobacco,1.089,2.61,3.14,1.0,0.83,0.19
SNEX,3.16,100.41,131.2,-25.79,3,0.03,0.02,3/5,buy,53.213333-106.98,-4.13,6.0,115.0,115.0,Buy time,688.34 thousand,Financial Services,Capital Markets,0.566,99.86,122.83,0.99,0.82,0.58
CCL,3.17,28.74,618.14,-73.49,0,0.22,0.54,0/5,buy,15.07-32.8,-10.53,12.0,43.0,39.24,Sell ALL,40.33 million,Consumer Cyclical,Travel Services,2.708,31.81,43.31,1.11,0.66,2.18
FVRR,3.18,23.94,288.84,24.92,0,0.09,0.15,0/5,buy,20.826-36.11,2.26,34.0,44.0,37.95,Sell ALL,1.02 million,Communication Services,Internet Content & Information,1.352,25.44,31.58,1.06,0.76,0.88
NBIX,3.18,140.82,96.65,3.18,2,-0.24,-0.26,2/5,buy,84.23-154.61,0.3,9.0,200.0,184.47,Sell ALL,1.05 million,Healthcare,Drug Manufacturers - Specialty & Generic,0.283,144.2,177.47,1.02,0.79,0.63
DBX,3.2,30.36,182.64,25.38,1,0.16,0.25,1/5,hold,24.42-33.33,3.06,9.0,35.0,31.44,Sell ALL,4.95 million,Technology,Software - Infrastructure,0.697,30.95,37.74,1.02,0.8,0.53
RNGR,3.21,13.95,95.86,-17.59,2,0,0,2/5,buy,10.56-18.45,-2.76,24.0,18.0,17.25,Sell ALL,232.84 thousand,Energy,Oil & Gas Equipment & Services,0.449,14.41,17.84,1.03,0.78,1.14
CAPL,3.22,21.0,116.13,0.55,2,-0.43,-4.83,2/5,hold,19.5-25.73,0.0,18.0,0.1,0.1,Sell ALL,30.63 thousand,Energy,Oil & Gas Refining & Marketing,0.467,21.24,26.79,1.01,0.78,0.67
VST,3.25,195.26,318.5,26.63,0,-1.8,-2.57,0/5,buy,90.51-219.82,2.93,11.0,325.0,278.31,Sell ALL,6.47 million,Utilities,Utilities - Independent Power Producers,1.348,202.87,254.0,1.04,0.77,0.81
TPR,3.26,111.93,370.97,47.63,0,0.02,0.02,0/5,buy,43.07-117.0,5.82,4.0,142.0,129.61,Sell ALL,3.89 million,Consumer Cyclical,Luxury Goods,1.538,111.39,136.59,1.0,0.82,0.2
NOTV,3.29,1.43,1062.69,-74.46,1,-0.66,-3.54,1/5,buy,1.15-6.48,-11.89,78.0,9.0,7.25,Buy time,302.95 thousand,Healthcare,Diagnostics & Research,4.171,1.54,1.76,1.08,0.81,0.56
SMR,3.32,36.8,373.5,60.09,-1,0.03,0.14,-1/5,hold,11.03-53.5,2.09,31.0,60.0,50.97,Sell ALL,25.97 million,Industrials,Specialty Industrial Machinery,2.043,41.23,50.56,1.12,0.73,0.84
CYRX,3.33,9.43,404.38,52.84,0,-0.15,-0.59,0/5,buy,4.58-10.46,6.15,10.0,16.0,14.33,Sell ALL,681.91 thousand,Industrials,Integrated Freight & Logistics,1.626,9.68,11.51,1.03,0.82,0.08
ZETA,3.38,20.0,286.43,59.63,0,0.02,0.11,0/5,buy,10.69-38.2,6.58,48.0,44.0,35.73,Sell ALL,6.60 million,Technology,Software - Infrastructure,1.307,20.43,25.32,1.02,0.79,0.32
IRBT,3.39,3.49,386.72,115.6,-2,0.17,0.22,-2/5,hold,1.76-13.06,10.02,73.0,11.94,11.94,== less Sell ALL==,1.38 million,Consumer Cyclical,Furnishings, Fixtures & Appliances,1.188,3.72,4.46,1.07,0.78,0.21
UNCY,3.4,4.27,444.92,-0.5,1,0.3,0.45,1/5,buy,3.4-11.0,-1.17,61.0,105.0,83.5,Buy,557.59 thousand,Healthcare,Biotechnology,1.863,4.25,4.99,1.0,0.86,0.64
CLMB,3.41,133.24,265.93,14.02,2,0.46,0.51,2/5,strongBuy,88.9-145.0,1.37,8.0,136.0,134.5,Sell ALL,57.69 thousand,Technology,Electronics & Computer Distribution,1.002,135.28,163.97,1.02,0.81,0.17
ANTX,3.42,1.3,-21.84,33.0,1,0.02,0.03,1/5,strongBuy,0.975-1.675,3.07,22.0,2.0,1.75,Buy time,95.16 thousand,Healthcare,Biotechnology,1,1.3,1.53,1.0,0.85,1.18
ANET,3.43,144.44,400.77,19.14,1,0.14,0.22,1/5,buy,59.43-156.32,2.26,8.0,185.0,170.69,Buy time,9.60 million,Technology,Computer Hardware,1.496,145.62,177.26,1.01,0.81,0.31
LAKE,3.46,14.57,269.2,-20.74,2,-0.01,4.73,2/5,buy,12.76-27.28,-2.92,47.0,27.0,25.62,Sell ALL,146.90 thousand,Consumer Cyclical,Apparel Manufacturing,1.106,15.12,17.87,1.04,0.82,0.98
CREX,3.46,2.28,407.38,-12.21,2,0.38,1.64,2/5,buy,1.28-4.75,-2.19,52.0,10.0,8.31,Sell ALL,33.73 thousand,Technology,Software - Application,1.599,2.44,2.87,1.07,0.79,0.43
QFIN,3.46,28.97,181.24,25.75,2,0.23,0.02,2/5,buy,27.64-48.94,2.86,41.0,58.465546,53.87,== less Sell ALL==,1.92 million,Financial Services,Credit Services,0.509,30.07,35.74,1.04,0.81,0.19
IKT,3.48,1.6,168.22,-46.76,1,-0.03,-0.38,1/5,strongBuy,1.146-4.2,-6.88,62.0,8.0,8.0,Sell,262.34 thousand,Healthcare,Biotechnology,0.921,1.71,2.15,1.07,0.74,2.5
APYX,3.48,2.1,400.65,27.09,0,0.02,0.2,0/5,hold,0.755-2.73,2.38,23.0,4.0,4.0,Buy,109.88 thousand,Healthcare,Medical Devices,1.427,2.16,2.71,1.03,0.77,0.84
SOFI,3.5,26.23,466.23,34.06,0,0.06,1.39,0/5,hold,7.57-30.3,3.22,13.0,31.0,26.28,Sell ALL,71.72 million,Financial Services,Credit Services,1.943,27.93,35.07,1.06,0.75,0.52
MOD,3.56,140.36,539.39,31.86,0,0.31,0.32,0/5,buy,64.79-159.54,3.11,12.0,185.0,172.5,Sell ALL,904.83 thousand,Consumer Cyclical,Auto Parts,2.085,145.62,175.12,1.04,0.8,0.43
MUFG,3.58,15.9,82.07,24.9,2,0.08,1.15,2/5,hold,9.85-16.24,3.24,2.0,16.3624,15.72,Sell ALL,4.46 million,Financial Services,Banks - Diversified,0.224,15.81,18.98,0.99,0.84,0.57
JVA,3.59,4.5,275.7,103.53,-2,0.05,1.84,-2/5,,2.69-9.93,8.67,55.00000000000001,0.1,0.1,mere Sell (some bought),64.83 thousand,Consumer Defensive,Packaged Foods,1.365,4.67,5.59,1.04,0.81,0.97
MDXG,3.59,6.94,421.28,-15.75,0,0.05,0.73,0/5,buy,5.47-10.14,-2.16,32.0,13.0,12.6,Sell ALL,782.88 thousand,Healthcare,Biotechnology,1.744,7.17,9.42,1.03,0.74,1.8
PRM,3.6,22.18,502.77,-3.26,2,0.15,1.56,2/5,strongBuy,8.76-23.79,-0.45,7.000000000000001,25.0,24.0,Buy time,1.58 million,Basic Materials,Specialty Chemicals,2.0,22.82,27.47,1.03,0.81,0.08
GEV,3.64,611.6,278.79,16.56,2,0.75,1.49,2/5,buy,248.5-677.29,2.09,10.0,760.0,710.15,Sell ALL,2.79 million,Industrials,Specialty Industrial Machinery,1,618.43,732.91,1.01,0.83,0.29
NGS,3.66,27.8,156.7,20.35,2,0.26,0.96,2/5,buy,16.73-29.74,2.52,7.000000000000001,45.0,40.62,Sell ALL,83.24 thousand,Energy,Oil & Gas Equipment & Services,0.564,27.77,33.77,1.0,0.82,0.56
MSTR,3.68,320.31,948.14,-14.42,0,-5.47,-707.02,0/5,buy,157.02-543.0,-2.27,41.0,705.0,635.96,Sell ALL,12.32 million,Technology,Software - Application,3.831,336.5,405.27,1.05,0.79,0.44
TECH,3.68,54.81,373.72,28.94,1,0.08,0.16,1/5,buy,46.01-80.8,3.45,32.0,75.0,70.33,- Buy time -,3.31 million,Healthcare,Biotechnology,1.466,53.82,66.64,0.98,0.82,0.41
OPFI,3.69,11.2,398.93,58.11,0,0.29,1.03,0/5,strongBuy,4.38-17.728,6.74,37.0,16.0,15.08,Sell ALL,930.58 thousand,Financial Services,Credit Services,1.719,11.55,14.33,1.03,0.78,0.34
ESOA,3.7,10.33,296.5,34.79,1,-0.51,-5.1,1/5,buy,7.64-19.83,4.36,48.0,21.0,21.0,- Buy time -,190.22 thousand,Industrials,Engineering & Construction,1.002,10.34,12.41,1.0,0.83,0.51
QDEL,3.71,29.27,89.62,44.59,2,0.26,8.84,2/5,buy,22.05-49.45,5.06,41.0,60.0,50.17,- Buy time -,1.39 million,Healthcare,Medical Devices,0.146,28.78,34.69,0.98,0.84,0.27
FTAI,3.72,166.87,510.6,58.09,0,0.53,0.47,0/5,buy,75.06-184.444,6.78,10.0,230.0,208.0,== less Sell ALL==,1.18 million,Industrials,Rental & Leasing Services,1.687,170.4,205.37,1.02,0.81,0.06
AMRX,3.72,10.08,339.27,41.57,1,0.14,0.86,1/5,strongBuy,6.685-10.34,5.26,3.0,14.0,13.25,- Buy time -,2.08 million,Healthcare,Drug Manufacturers - Specialty & Generic,1.192,9.89,12.16,0.98,0.83,0.26
BLIN,3.73,1.34,220.84,-15.98,0,-0.07,-0.48,0/5,strongBuy,1.05-2.8,-2.24,52.0,4.62,4.34,Sell,508.26 thousand,Technology,Software - Infrastructure,0.884,1.39,2.39,1.04,0.56,2.5
LUV,3.75,31.37,315.89,8.01,2,-0.02,0.16,2/5,hold,23.82-37.96,0.8,17.0,46.0,39.28,Sell ALL,12.54 million,Industrials,Airlines,1.189,32.81,39.87,1.05,0.79,0.5
BBCP,3.76,6.98,328.24,20.02,2,-0.04,-1.01,2/5,hold,4.78-9.678,2.44,28.000000000000004,9.0,8.38,Sell ALL,142.68 thousand,Industrials,Engineering & Construction,1.113,7.26,8.61,1.04,0.81,0.2
SHCO,3.81,8.85,173.0,-5.46,2,0.07,1.39,2/5,buy,4.6-8.92,-0.73,1.0,9.0,9.0,- Buy time -,1.05 million,Consumer Cyclical,Lodging,0.692,8.87,11.89,1.0,0.74,1.24
DKL,3.86,45.25,206.21,34.84,2,-0.05,-0.11,2/5,strongBuy,34.59-48.0,4.42,6.0,47.0,45.38,Sell ALL,52.75 thousand,Energy,Oil & Gas Refining & Marketing,0.588,45.38,54.54,1.0,0.83,0.3
SHOP,3.86,147.89,647.85,16.11,0,0.06,0.22,0/5,buy,69.84-159.01,1.85,7.000000000000001,200.0,181.0,Sell ALL,9.71 million,Technology,Software - Application,2.7,150.29,188.81,1.02,0.78,0.75
USEG,3.86,1.18,181.97,42.8,2,-0.15,-2.77,2/5,strongBuy,0.98-6.4,5.08,82.0,3.5,3.17,Sell,420.41 thousand,Energy,Oil & Gas E&P,0.515,1.21,1.45,1.03,0.81,0.2
TMDX,3.87,111.33,543.62,58.76,0,0.95,3.05,0/5,buy,55.0-155.99,6.54,28.999999999999996,170.0,155.33,Sell ALL,1.45 million,Healthcare,Medical Devices,2.169,117.42,143.17,1.05,0.78,0.12
PARR,3.88,35.23,494.11,27.7,1,0.49,0.53,1/5,hold,11.86-38.6,3.04,9.0,40.0,37.75,Sell ALL,1.91 million,Energy,Oil & Gas Refining & Marketing,1.822,36.53,44.67,1.04,0.79,0.33
STT,3.89,115.39,391.27,9.07,2,-0.16,-0.06,2/5,buy,72.81-118.06,1.15,2.0,162.0,141.72,Buy time,2.01 million,Financial Services,Asset Management,1.516,114.6,137.15,0.99,0.84,0.4
CRS,3.91,243.95,380.38,12.73,1,0.3,0.16,1/5,buy,138.61-290.84,1.51,16.0,375.0,350.36,- Buy time -,1.53 million,Industrials,Metal Fabrication,1.53,247.76,309.45,1.02,0.79,0.98
RNXT,3.92,1.24,320.43,42.7,1,-0.01,-0.07,1/5,strongBuy,0.75-1.69,4.03,27.0,12.0,8.81,Buy time,779.25 thousand,Healthcare,Biotechnology,1.233,1.29,1.55,1.04,0.8,0.55
EVEX,3.92,3.81,201.26,0.4,2,-0.04,-0.28,2/5,buy,2.61-7.699,-0.39,51.0,8.0,7.73,Sell ALL,2.03 million,Industrials,Aerospace & Defense,0.825,4.03,5.18,1.06,0.74,1.16
CVRX,3.94,7.88,436.8,24.81,1,-0.01,-0.02,1/5,buy,4.299-18.55,2.28,57.99999999999999,14.0,12.42,Buy time,216.40 thousand,Healthcare,Medical Devices,1.224,7.84,9.54,0.99,0.83,0.63
VRNA,3.96,106.62,37.91,2.72,4,-0.1,-3.69,4/5,hold,28.304-106.75,0.36,0.0,107.0,106.61,Buy time,1.54 million,Healthcare,Biotechnology,0.135,106.42,129.81,1.0,0.82,0.35
FGEN,3.98,12.25,199.8,63.25,1,-2.13,-1.38,1/5,strongBuy,4.5-21.95,7.67,44.0,43.0,43.0,Sell,31.34 thousand,Healthcare,Biotechnology,0.772,12.12,14.33,0.99,0.85,0.43
ATEN,3.99,17.95,321.85,6.25,2,0.03,0.16,2/5,buy,13.81-21.9,0.72,18.0,25.0,24.0,Sell ALL,946.04 thousand,Technology,Software - Infrastructure,1.363,18.09,22.86,1.01,0.79,0.75
MLAB,4.03,66.69,147.42,42.85,1,-1.92,-0.92,1/5,buy,55.45-155.12,3.54,56.99999999999999,110.0,99.25,Buy time,374.53 thousand,Technology,Scientific & Technical Instruments,0.82,67.79,87.28,1.02,0.76,1.15
FOXA,4.05,64.36,172.52,45.23,2,0.47,0.5,2/5,hold,41.13-65.295,5.52,1.0,74.0,67.82,Buy time,5.64 million,Communication Services,Entertainment,0.533,61.75,73.87,0.96,0.87,0.36
BRKR,4.08,32.24,384.02,63.13,1,-0.07,-0.18,1/5,hold,28.53-69.61,7.74,54.0,65.0,55.86,- Buy time -,6.76 million,Healthcare,Medical Devices,1.213,32.19,40.29,1.0,0.8,0.03
RDNT,4.12,76.2,415.54,40.3,1,-0.06,-0.59,1/5,buy,45.001-93.65,5.12,19.0,92.0,85.64,Buy time,734.24 thousand,Healthcare,Diagnostics & Research,1.545,75.53,91.7,0.99,0.83,0.48
FWONK,4.13,104.3,244.45,34.4,2,1.16,11.43,2/5,buy,74.34-106.26,4.44,2.0,140.0,128.07,Sell ALL,1.38 million,Communication Services,Entertainment,0.804,103.82,126.62,1.0,0.82,0.47
CRDO,4.15,143.96,761.32,70.97,-1,0.24,0.72,-1/5,buy,29.09-176.7,6.92,19.0,212.0,183.64,mere Sell (some bought),9.25 million,Technology,Semiconductors,2.59,155.71,192.39,1.08,0.75,0.21
FTEL,4.16,5.51,1542.96,-143.46,0,1,1,0/5,,5.0101-792.0,-25.44,99.0,0.1,0.1,Sell,130.46 thousand,Consumer Cyclical,Specialty Retail,7.188,7.26,13.34,1.32,0.41,2.5
WRBY,4.16,27.46,597.07,62.86,0,0.03,0.33,0/5,buy,13.63-29.73,7.68,8.0,30.0,28.04,Sell ALL,1.70 million,Healthcare,Medical Instruments & Supplies,2.109,27.55,34.04,1.0,0.81,0.15
EFXT,4.16,10.8,588.9,37.78,1,0.02,0.12,1/5,buy,5.91-11.27,4.73,4.0,15.0,13.75,Sell,382.86 thousand,Energy,Oil & Gas Equipment & Services,2.315,10.73,13.04,0.99,0.83,0.1
PLNT,4.2,104.21,350.48,9.32,3,0.04,0.05,3/5,buy,77.77-114.47,1.19,9.0,175.0,148.91,- +Buy time -,1.25 million,Consumer Cyclical,Leisure,1.368,104.04,124.25,1.0,0.84,0.2
OSPN,4.2,15.77,374.47,28.27,2,0.18,0.55,2/5,buy,12.51-20.36,3.61,23.0,23.0,21.25,Sell ALL,594.47 thousand,Technology,Software - Infrastructure,1.298,15.97,19.76,1.01,0.8,0.32
TPC,4.22,65.09,466.4,51.19,1,0.48,5.02,1/5,buy,18.34-68.09,6.28,4.0,90.0,83.0,- Buy time -,618.36 thousand,Industrials,Engineering & Construction,1.889,64.74,79.38,0.99,0.82,0.21
TARS,4.22,59.26,187.04,25.84,3,-0.13,-0.36,3/5,buy,31.66-59.77,3.1,1.0,93.0,84.56,Buy time,738.48 thousand,Healthcare,Biotechnology,0.818,57.7,69.74,0.97,0.85,0.31
ACIW,4.23,52.23,308.04,38.81,1,0.25,0.8,1/5,buy,40.45-59.71,4.96,13.0,77.0,70.8,Sell ALL,1.24 million,Technology,Software - Infrastructure,1.074,51.62,64.86,0.99,0.81,0.91
WNW,4.24,1.94,153.56,155.29,-4,1,1,-4/5,,0.95-70.0,5.15,97.0,0.1,0.1,Sell ALL,278.09 thousand,Consumer Cyclical,Internet Retail,0.795,2.34,3.58,1.21,0.54,2.5
BRZE,4.25,29.23,314.19,50.87,2,0.14,4.5,2/5,buy,23.91-48.33,5.37,40.0,68.0,56.56,Sell ALL,3.64 million,Technology,Software - Application,1.1,31.66,37.82,1.08,0.77,0.09
CVLT,4.31,188.62,294.34,50.22,1,0.14,0.15,1/5,buy,128.07-200.68,6.08,6.0,225.0,216.54,Buy time,1.19 million,Technology,Software - Application,0.744,190.19,241.7,1.01,0.78,0.79
DUOT,4.32,7.32,305.83,103.81,0,-0.08,-0.4,0/5,buy,2.834-9.27,12.02,21.0,14.0,13.38,Sell ALL,307.43 thousand,Technology,Software - Application,1.106,7.39,9.03,1.01,0.81,0.23
OLO,4.33,10.26,396.75,0.0,0,0.01,0.04,0/2,hold,4.56-10.545,0.0,3.0,10.25,10.25,Sell ALL,4.79 million,Technology,Software - Application,1.587,10.3,12.41,1.0,0.83,2.25
GTLS,4.34,200.15,419.96,2.97,3,0.11,0.05,3/5,hold,104.6-220.03,0.39,9.0,210.0,207.41,Buy time,867.21 thousand,Industrials,Specialty Industrial Machinery,1.672,199.96,244.03,1.0,0.82,0.29
TZOO,4.36,9.83,321.17,35.08,2,-0.1,-0.43,2/5,buy,9.2-24.85,4.17,60.0,32.0,28.62,Sell,111.90 thousand,Communication Services,Internet Content & Information,1.004,10.14,12.35,1.03,0.8,0.49
ICL,4.38,6.2,295.55,12.87,3,0.01,0.05,3/5,hold,3.91-7.35,1.69,16.0,7.0,6.81,- Buy time -,912.39 thousand,Basic Materials,Agricultural Inputs,1.133,6.2,7.64,1.0,0.81,0.45
JBL,4.38,216.67,328.3,33.19,2,0.57,0.21,2/5,buy,108.66-237.14,4.02,9.0,267.0,257.19,Sell,1.91 million,Technology,Electronic Components,1.252,219.78,261.35,1.01,0.83,0.53
EE,4.42,24.98,386.0,40.45,2,0.08,0.21,2/5,buy,21.285-32.99,4.96,24.0,43.0,38.0,Sell ALL,403.01 thousand,Energy,Oil & Gas Midstream,1.373,24.57,29.64,0.98,0.84,0.25
SRFM,4.45,4.25,734.78,46.46,0,0.1,0.01,0/5,strongBuy,1.19-9.91,5.41,56.99999999999999,12.0,9.94,Sell ALL,2.45 million,Industrials,Airlines,2.948,4.43,5.42,1.04,0.78,0.44
USLM,4.46,130.87,337.33,60.12,2,0,0,2/5,buy,80.47-159.53,7.55,18.0,125.0,125.0,Buy,145.13 thousand,Basic Materials,Building Materials,1.024,127.35,152.89,0.97,0.86,-0.02
OSIS,4.47,244.27,325.0,29.58,2,0.09,0.03,2/5,buy,129.84-245.6901,3.5,1.0,270.0,261.0,Buy time,215.73 thousand,Technology,Electronic Components,1.303,239.12,296.13,0.98,0.82,0.71
PMTS,4.47,15.0,370.34,15.28,2,-0.62,-0.9,2/5,buy,12.52-35.188,1.73,56.99999999999999,40.0,37.0,Sell ALL,64.38 thousand,Financial Services,Credit Services,1.453,15.39,19.43,1.03,0.77,0.91
VSCO,4.48,26.95,625.83,38.6,1,0.25,2.85,1/5,hold,13.76-48.73,4.75,45.0,30.0,26.95,Buy time,3.20 million,Consumer Cyclical,Apparel Retail,2.28,26.46,31.91,0.98,0.84,0.31
NFE,4.49,2.15,145.47,152.99,0,-0.89,-13.0,0/5,hold,1.26-16.66,-9.05,87.0,8.5,6.8,Sell ALL,20.66 million,Energy,Oil & Gas Midstream,0.961,2.33,2.68,1.08,0.8,1.04
OM,4.5,13.88,596.22,32.78,1,-2.16,-2.28,1/5,buy,5.85-25.35,3.82,45.0,39.0,32.38,Sell ALL,157.18 thousand,Healthcare,Medical Devices,2.131,14.52,18.08,1.05,0.77,0.55
TDOC,4.54,7.79,524.27,19.12,2,0.3,0.91,2/5,hold,6.35-15.21,2.05,49.0,12.0,10.56,Sell ALL,6.91 million,Healthcare,Health Information Services,1.848,8.15,10.13,1.05,0.77,0.48
CLS,4.57,243.65,480.32,77.24,1,0.24,0.2,1/5,buy,48.97-261.83,9.16,7.000000000000001,300.0,268.35,Buy,3.47 million,Technology,Electronic Components,1.624,246.9,299.78,1.01,0.81,-0.04
BKR,4.62,48.6,282.95,38.01,2,0.12,0.21,2/5,buy,33.6-50.93,4.68,5.0,60.0,55.55,Sell ALL,9.64 million,Energy,Oil & Gas Equipment & Services,0.995,48.25,58.35,0.99,0.83,0.78
FIP,4.69,4.3,452.24,41.77,2,0.87,2.64,2/5,buy,3.1-9.96,3.83,56.99999999999999,13.0,12.17,Sell ALL,2.48 million,Industrials,Conglomerates,1.999,4.57,5.57,1.06,0.77,0.37
AENT,4.69,6.84,97.53,79.79,1,0.03,0.38,1/5,buy,2.21-11.572,8.71,41.0,10.0,10.0,Buy time,62.17 thousand,Communication Services,Entertainment,0.452,6.78,8.11,0.99,0.84,1.1
DAVE,4.79,198.14,1074.13,25.5,0,2.27,1.38,0/5,buy,37.44-286.45,1.29,31.0,320.0,295.93,Sell ALL,642.89 thousand,Technology,Software - Application,3.945,225.99,281.88,1.14,0.7,0.39
ATRA,4.8,14.01,42.64,80.9,2,5.94,4.41,2/5,buy,5.005-18.705,8.64,25.0,17.0,16.67,Sell,90.83 thousand,Healthcare,Biotechnology,0.223,13.33,16.12,0.95,0.87,0.73
BILL,4.82,52.31,388.17,88.51,1,0.25,0.64,1/5,hold,36.55-100.19,10.75,48.0,89.0,74.07,- Buy time -,4.58 million,Technology,Software - Application,1.371,52.53,64.2,1.0,0.81,0.2
SONO,4.94,15.57,642.37,61.94,1,0.0,0.03,1/5,buy,7.63-15.95,7.71,2.0,17.0,15.31,Buy time,2.02 million,Technology,Consumer Electronics,2.171,15.29,18.6,0.98,0.84,0.2
FTNT,5.0,84.05,356.54,73.01,1,0.1,0.17,1/5,hold,70.12-114.82,9.05,27.0,120.0,105.16,Buy time,9.15 million,Technology,Software - Infrastructure,1.127,82.62,103.73,0.98,0.81,0.8
PSIX,5.05,99.07,510.78,115.82,0,1.74,2.38,0/5,buy,15.3-121.78,12.26,19.0,127.0,127.0,Sell ALL,893.04 thousand,Industrials,Specialty Industrial Machinery,1.588,104.95,129.36,1.06,0.77,0.19
RBLX,5.08,138.06,467.95,47.25,2,0.03,0.07,2/5,buy,37.5-150.59,5.99,8.0,180.0,164.0,Buy time,10.40 million,Communication Services,Electronic Gaming & Multimedia,1.625,137.15,168.96,0.99,0.82,0.53
KN,5.09,23.0,406.28,47.52,2,0.01,0.03,2/5,buy,12.19-23.58,5.91,2.0,25.0,23.75,Sell ALL,830.28 thousand,Technology,Electronic Components,1.501,22.59,28.45,0.98,0.81,0.7
RKLB,5.11,47.35,596.99,76.08,1,0.02,0.16,1/5,buy,8.8-55.17,9.21,14.000000000000002,60.0,53.36,Sell,22.91 million,Industrials,Aerospace & Defense,2.178,48.32,57.89,1.02,0.82,0.2
AAP,5.12,61.38,268.25,16.94,4,0.58,0.86,4/5,hold,28.89-70.0,2.14,12.0,65.0,59.23,Buy time,1.96 million,Consumer Cyclical,Auto Parts,1.093,61.31,75.35,1.0,0.81,0.56
RIVN,5.15,14.66,527.12,56.92,2,0.25,0.23,2/5,hold,9.5-17.15,6.58,14.000000000000002,21.0,17.63,Sell ALL,63.42 million,Consumer Cyclical,Auto Manufacturers,1.814,15.02,18.07,1.02,0.81,0.25
AIOT,5.15,5.11,433.87,107.27,0,-0.04,-1.17,0/5,buy,3.7-8.71,12.52,41.0,15.0,12.67,Sell ALL,1.81 million,Technology,Software - Infrastructure,1.274,5.23,6.61,1.02,0.77,0.63
PEGA,5.17,57.23,354.07,49.25,2,0.56,2.27,2/5,buy,29.835-61.0,5.98,6.0,78.0,71.36,Sell,1.93 million,Technology,Software - Application,1.085,58.51,73.65,1.02,0.78,0.9
KINS,5.18,14.69,185.48,18.13,5,0.37,0.36,5/5,buy,8.45-22.4,1.74,34.0,22.0,22.0,- +Buy time -,201.63 thousand,Financial Services,Insurance - Property & Casualty,0.489,14.34,16.94,0.98,0.87,0.23
RMNI,5.22,4.64,383.31,42.4,3,-0.07,-0.92,3/5,buy,1.53-5.38,5.39,14.000000000000002,7.0,6.81,Buy time,342.83 thousand,Technology,Software - Application,1.468,4.69,5.77,1.01,0.8,0.39
QNCX,5.22,1.63,263.18,11.68,4,-0.2,-0.88,4/5,buy,0.69-2.45,1.53,33.0,10.0,8.75,Buy time,258.84 thousand,Healthcare,Biotechnology,0.997,1.65,2.06,1.01,0.79,0.79
NRG,5.23,161.82,346.33,70.01,2,0.98,0.58,2/5,buy,79.57-175.96,8.57,8.0,212.0,194.47,Sell ALL,2.66 million,Utilities,Utilities - Independent Power Producers,1.166,161.21,199.19,1.0,0.81,0.52
AIP,5.25,9.83,366.99,85.99,2,-0.01,-0.1,2/5,buy,5.46-14.29,10.07,31.0,16.0,15.0,Sell ALL,581.76 thousand,Technology,Semiconductors,1.44,9.72,11.7,0.99,0.84,0.15
ASPN,5.27,6.83,734.99,56.12,1,0.09,0.82,1/5,buy,4.16-27.25,7.03,75.0,14.0,11.79,Sell ALL,1.65 million,Industrials,Building Products & Equipment,2.655,7.01,8.54,1.03,0.8,0.41
THC,5.32,202.55,464.56,39.39,3,2.38,0.79,3/5,buy,109.82-204.49,4.95,1.0,238.0,219.71,Buy time,1.66 million,Healthcare,Medical Care Facilities,1.557,196.72,242.15,0.97,0.84,0.34
AGX,5.33,270.46,209.78,113.0,2,1.37,0.99,2/5,hold,98.76-279.0,12.06,3.0,236.0,233.17,Buy time,490.60 thousand,Industrials,Engineering & Construction,0.613,254.54,304.53,0.94,0.89,0.12
HWM,5.35,195.45,404.19,65.44,2,0.12,0.15,2/5,buy,98.83-196.39,8.15,0.0,225.0,215.33,Buy time,2.71 million,Industrials,Aerospace & Defense,1.452,188.9,231.84,0.97,0.84,0.57
VCYT,5.38,34.36,617.73,68.0,1,0.25,1.0,1/5,buy,22.61-47.316,8.27,27.0,45.0,42.38,Buy time,1.33 million,Healthcare,Diagnostics & Research,2.073,33.53,41.1,0.98,0.84,0.59
ESQ,5.38,101.93,162.63,39.78,2,0.02,0.01,2/5,hold,60.42-107.25,4.97,5.0,113.0,112.25,Sell ALL,99.89 thousand,Financial Services,Banks - Regional,0.572,102.12,136.0,1.0,0.75,1.83
WMT,5.42,103.21,176.3,16.8,5,-0.03,-0.02,5/5,buy,78.98-106.11,2.2,3.0,129.0,120.91,Buy time,19.19 million,Consumer Defensive,Discount Stores,0.654,103.04,125.86,1.0,0.82,0.5
TAC,5.42,13.66,168.21,93.95,3,0.03,0.42,3/5,buy,7.82-14.64,11.31,7.000000000000001,0.1,0.1,Buy time,1.15 million,Utilities,Utilities - Independent Power Producers,0.548,13.2,16.17,0.97,0.84,0.06
FIVE,5.42,155.21,305.13,14.89,5,0.21,0.33,5/5,hold,52.38-156.505,1.55,1.0,187.0,172.83,Buy time,1.67 million,Consumer Cyclical,Specialty Retail,1.094,154.54,183.79,1.0,0.84,0.21
LITE,5.45,161.38,544.29,107.27,1,0.14,0.23,1/5,buy,45.65-173.385,12.06,7.000000000000001,225.0,184.39,Buy,4.76 million,Technology,Communication Equipment,1.423,159.23,194.4,0.99,0.83,0.04
PTON,5.47,8.95,579.21,76.82,1,0.04,0.97,1/5,hold,4.25-10.895,9.32,18.0,20.0,14.92,- Buy time -,17.21 million,Consumer Cyclical,Leisure,2.082,8.45,10.69,0.94,0.84,0.59
CVNA,5.49,377.96,911.18,17.18,1,0.92,1.17,1/5,hold,148.25-413.335,2.06,9.0,500.0,458.73,Buy time,3.30 million,Consumer Cyclical,Auto & Truck Dealerships,3.516,383.33,492.03,1.01,0.77,1.02
GHM,5.5,54.46,298.23,86.21,2,0.46,2.19,2/5,buy,24.78-58.0,9.71,6.0,65.0,62.25,Buy,131.91 thousand,Industrials,Specialty Industrial Machinery,0.939,51.53,61.78,0.95,0.88,0.6
RDW,5.5,8.82,577.01,65.69,1,-1.0,-7.66,1/5,buy,6.38-26.66,6.92,67.0,28.0,23.03,Sell,7.77 million,Industrials,Aerospace & Defense,2.499,8.86,10.65,1.0,0.83,0.92
AI,5.5,17.07,534.78,82.32,2,-0.12,-0.55,2/5,hold,14.7-45.08,9.43,62.0,24.0,19.33,Sell ALL,12.72 million,Technology,Software - Infrastructure,1.95,17.24,21.27,1.01,0.8,0.03
CDNA,5.52,14.58,658.4,83.86,1,0.01,0.28,1/5,buy,10.96-32.97,10.15,56.00000000000001,28.0,24.92,Sell ALL,1.72 million,Healthcare,Diagnostics & Research,2.28,14.51,18.14,1.0,0.8,0.27
CTOR,5.57,1.98,819.18,48.48,1,0.05,0.24,1/5,strongBuy,0.551-6.19,5.55,68.0,6.0,6.0,Buy time,305.66 thousand,Healthcare,Drug Manufacturers - Specialty & Generic,3.01,1.98,2.45,1.0,0.81,0.67
ZVIA,5.58,2.74,245.72,31.18,4,0.09,1.35,4/5,buy,0.962-4.99,3.28,45.0,6.0,5.43,Buy time,1.07 million,Consumer Defensive,Beverages - Non-Alcoholic,0.895,2.59,3.23,0.95,0.85,0.8
AEYE,5.59,13.66,215.87,54.26,4,0.0,0.02,4/5,buy,8.91-34.85,6.81,61.0,25.0,23.6,Buy time,119.02 thousand,Technology,Software - Application,0.67,13.82,16.71,1.01,0.82,0.35
MAMA,5.61,10.61,186.15,97.38,2,0.03,1.12,2/5,buy,5.5-11.49,11.45,8.0,18.0,16.4,Sell ALL,514.34 thousand,Consumer Defensive,Packaged Foods,0.651,10.38,12.53,0.98,0.85,0.75
NEOV,5.62,4.28,499.4,226.92,-3,-0.06,-5.0,-3/5,,1.8-6.109,18.13,30.0,7.5,7.5,Sell ALL,339.07 thousand,Industrials,Electrical Equipment & Parts,1,4.86,5.95,1.14,0.72,0.54
MXCT,5.63,1.55,243.81,107.54,2,-0.02,-0.15,2/5,buy,1.26-5.2,12.54,70.0,9.0,7.84,== less Sell ALL==,1.03 million,Healthcare,Medical Devices,0.288,1.56,1.86,1.01,0.83,0.39
HWKN,5.66,180.79,258.85,54.37,2,0.15,0.14,2/5,strongBuy,98.3-185.5,6.69,3.0,200.0,183.0,Buy time,240.70 thousand,Basic Materials,Specialty Chemicals,0.857,175.2,228.83,0.97,0.79,1.53
SSYS,5.69,11.14,459.18,73.0,2,0.03,1.76,2/5,buy,6.92-12.88,8.62,14.000000000000002,14.0,13.67,mere Buy (some sold),1.57 million,Technology,Computer Hardware,1.629,11.02,14.09,0.99,0.79,0.62
EQT,5.69,54.47,151.28,40.76,4,0.21,0.27,4/5,buy,35.45-61.02,4.91,11.0,80.0,71.34,Buy time,13.16 million,Energy,Oil & Gas E&P,0.574,52.36,63.21,0.96,0.86,0.93
KGS,5.69,36.88,361.12,12.39,4,0.08,0.2,4/5,buy,28.72-50.43,0.98,27.0,48.0,46.14,Buy time,3.44 million,Energy,Oil & Gas Equipment & Services,1.24,35.62,43.41,0.97,0.85,1.01
AROC,5.74,26.13,307.87,22.97,5,0.03,0.08,5/5,buy,19.73-30.44,2.64,14.000000000000002,32.0,31.44,Buy time,2.20 million,Energy,Oil & Gas Equipment & Services,1.116,25.58,31.43,0.98,0.83,0.34
PUMP,5.79,5.24,370.3,51.69,2,-0.07,-2.52,2/5,hold,4.51-11.17,5.64,53.0,10.0,8.61,Sell ALL,6.02 million,Energy,Oil & Gas Equipment & Services,1.139,5.14,6.61,0.98,0.79,1.45
ETR,5.85,92.6,193.83,37.29,5,0.27,0.35,5/5,buy,64.38-93.92,4.77,1.0,109.0,101.51,Buy time,3.64 million,Utilities,Utilities - Regulated Electric,0.595,90.4,108.78,0.98,0.85,0.43
AVAH,5.86,8.68,592.31,54.96,2,0.24,31.23,2/5,hold,3.67-8.93,6.91,3.0,11.5,10.15,Buy time,1.59 million,Healthcare,Medical Care Facilities,2.043,8.52,10.45,0.98,0.83,0.8
GPOR,5.88,180.65,183.94,22.78,4,0.62,0.12,4/5,buy,136.45-210.319,2.78,14.000000000000002,245.0,232.36,Buy time,449.61 thousand,Energy,Oil & Gas E&P,0.614,176.92,232.77,0.98,0.78,1.43
JXN,5.94,100.48,364.26,25.02,2,0.4,0.08,2/5,hold,64.701-115.22,3.11,13.0,118.0,110.5,== less Sell ALL==,1.18 million,Financial Services,Insurance - Life,1.474,101.0,133.29,1.01,0.75,2.17
NPCE,5.95,10.29,528.53,52.1,3,-0.01,-0.09,3/5,buy,5.45-18.975,6.61,46.0,20.0,18.38,Buy time,259.75 thousand,Healthcare,Medical Devices,1.904,10.24,12.63,1.0,0.81,0.51
MESO,5.96,16.06,438.5,140.31,0,1,1,0/5,strongBuy,7.09-22.0,15.82,27.0,30.0,28.5,Sell ALL,468.68 thousand,Healthcare,Biotechnology,1.171,15.71,19.94,0.98,0.81,0.73
RRC,5.96,37.35,172.34,53.71,5,0.05,0.07,5/5,hold,28.99-43.5,6.68,14.000000000000002,49.0,45.54,Buy time,3.90 million,Energy,Oil & Gas E&P,0.555,35.95,43.84,0.96,0.85,0.24
TLN,5.96,427.01,467.17,89.85,2,-0.9,-4.97,2/5,buy,148.02-430.71,10.91,1.0,576.0,503.72,Buy time,901.77 thousand,Utilities,Utilities - Independent Power Producers,1.582,413.05,497.9,0.97,0.86,0.48
XERS,5.97,8.14,261.13,23.8,5,0.0,0.17,5/5,buy,2.69-8.35,3.01,3.0,11.0,10.0,Buy time,2.93 million,Healthcare,Biotechnology,0.912,8.08,9.92,0.99,0.82,0.67
DMRC,6.06,9.83,499.89,160.88,0,0.0,0.16,0/5,strongBuy,7.77-48.32,17.7,80.0,30.0,25.0,Sell ALL,234.09 thousand,Technology,Software - Application,1.425,9.68,11.96,0.98,0.82,0.24
SUPN,6.06,47.87,242.08,39.6,5,0.5,1.12,5/5,buy,29.16-48.43,5.1,1.0,63.0,56.1,Buy time,792.16 thousand,Healthcare,Drug Manufacturers - Specialty & Generic,0.791,46.82,57.75,0.98,0.83,0.45
EUDA,6.07,1.74,-119.19,239.14,-1,1,1,-1/5,buy,1.03-6.3,13.79,72.0,6.0,6.0,mere Buy (some sold),164.24 thousand,Real Estate,Real Estate Services,1,1.63,1.99,0.94,0.87,1.46
PROV,6.08,15.89,107.56,14.01,5,0.0,0.01,5/5,buy,12.98-16.7,1.83,5.0,16.5,16.38,Buy time,9.87 thousand,Financial Services,Banks - Regional,0.377,15.81,19.17,0.99,0.83,1.41
RCAT,6.12,10.24,267.42,153.94,0,-0.15,-1.52,0/5,buy,2.41-15.274,16.89,33.0,16.0,15.67,== less Sell ALL==,13.62 million,Industrials,Aerospace & Defense,1.038,10.28,12.29,1.0,0.83,1.08
USAC,6.12,23.94,122.3,5.19,5,-0.03,-0.14,5/5,hold,21.24-30.1,0.65,20.0,30.0,28.25,Buy time,473.10 thousand,Energy,Oil & Gas Equipment & Services,0.396,24.09,32.2,1.01,0.74,1.61
CXT,6.14,66.29,362.38,60.95,4,0.05,0.07,4/5,buy,41.54-67.01,6.89,1.0,88.0,80.83,Buy time,575.32 thousand,Industrials,Specialty Industrial Machinery,1.189,62.44,73.64,0.94,0.9,0.38
FSLY,6.15,8.34,360.39,106.62,0,0.03,0.62,0/5,hold,4.65-12.08,12.47,31.0,10.0,8.83,Sell ALL,5.51 million,Technology,Software - Application,1.239,8.34,11.15,1.0,0.75,1.84
MEOH,6.16,39.34,326.38,48.42,5,0.69,2.47,5/5,buy,25.46-54.49,6.16,28.000000000000004,65.0,56.45,Buy time,523.18 thousand,Basic Materials,Chemicals,1.214,39.13,46.81,0.99,0.84,0.13
ACHR,6.2,9.51,741.63,98.88,0,0.02,0.03,0/5,buy,2.85-13.92,11.18,32.0,18.0,15.22,Sell ALL,45.85 million,Industrials,Aerospace & Defense,3.072,9.38,11.69,0.99,0.81,1.04
VLRS,6.25,6.97,403.94,107.17,2,0.09,-0.04,2/5,buy,3.49-9.0,12.4,23.0,12.0,9.74,Buy time,521.38 thousand,Industrials,Airlines,1.413,6.58,8.1,0.94,0.86,0.59
NVDA,6.26,186.23,580.05,62.57,3,0.1,0.12,3/5,buy,86.62-187.35,7.83,1.0,270.0,241.9,Buy time,210.00 million,Technology,Semiconductors,2.102,177.61,222.06,0.95,0.84,0.45
HIMS,6.28,56.19,606.84,134.55,1,0.12,0.5,1/5,hold,16.05-72.98,14.38,23.0,85.0,66.21,- Buy time -,33.74 million,Healthcare,Drug Manufacturers - Specialty & Generic,2.136,55.08,68.23,0.98,0.82,0.14
KOPN,6.31,2.45,796.96,115.7,0,-0.02,-2.06,0/5,buy,0.65-2.82,12.65,13.0,4.0,3.67,Sell ALL,5.72 million,Technology,Electronic Components,2.962,2.54,3.31,1.04,0.74,0.66
TAYD,6.32,48.29,257.96,-14.17,4,0,0,4/5,buy,29.5-53.73,-2.09,10.0,48.0,48.0,Buy time,12.56 thousand,Industrials,Specialty Industrial Machinery,0.973,49.09,63.07,1.02,0.77,2.5
IPX,6.34,48.72,256.61,34.41,4,1,1,4/5,buy,12.275-52.585,3.53,7.000000000000001,64.0,58.17,Buy time,198.40 thousand,Basic Materials,Other Industrial Metals & Mining,1,47.67,61.14,0.98,0.8,1.46
NXT,6.34,74.04,622.38,60.67,3,0.45,0.45,3/5,buy,30.93-77.79,7.02,5.0,97.0,84.6,Buy time,3.13 million,Technology,Solar,2.265,72.75,91.62,0.98,0.81,0.49
HUMA,6.37,1.69,518.02,132.43,1,0.1,0.44,1/5,buy,1.15-6.77,13.61,75.0,25.0,16.71,Buy time,4.04 million,Healthcare,Biotechnology,1.872,1.69,2.13,1.0,0.79,0.55
DAKT,6.39,20.72,387.87,153.42,0,0.15,0.79,0/5,buy,10.24-24.38,15.83,15.0,31.0,29.25,Sell ALL,718.75 thousand,Technology,Electronic Components,1.688,20.29,25.08,0.98,0.83,1.09
PLTR,6.39,181.33,722.54,118.16,1,0.02,0.17,1/5,hold,36.05-190.0,13.89,5.0,215.0,184.17,Buy time,68.10 million,Technology,Software - Infrastructure,2.592,174.2,217.67,0.96,0.83,0.23
NTGR,6.41,31.94,328.37,104.06,2,0.6,2.45,2/5,strongBuy,18.75-32.58,12.4,2.0,35.0,33.5,- Buy time -,527.85 thousand,Technology,Communication Equipment,1.071,29.44,37.83,0.92,0.84,1.01
FWONA,6.42,95.48,252.61,44.48,5,0.13,3.34,5/5,buy,68.0-96.4,5.71,1.0,110.0,109.0,Buy time,169.17 thousand,Communication Services,Entertainment,0.804,93.7,113.42,0.98,0.84,0.67
BYRN,6.45,22.42,680.67,133.94,1,0.17,7.61,1/5,buy,13.1-34.78,15.54,36.0,46.0,42.25,- Buy time -,698.60 thousand,Industrials,Aerospace & Defense,2.018,21.76,26.06,0.97,0.86,0.07
CLOV,6.47,3.06,659.97,101.86,2,0.12,1.82,2/5,buy,2.12-4.87,12.09,37.0,5.0,4.33,Sell ALL,5.38 million,Healthcare,Healthcare Plans,1.973,3.06,3.78,1.0,0.81,0.22
GDS,6.49,38.85,218.02,136.59,2,5.0,5.64,2/5,buy,16.925-52.5,15.68,26.0,67.142654,57.6,mere Buy (some sold),3.88 million,Technology,Information Technology Services,0.334,38.92,49.49,1.0,0.79,0.7
ADPT,6.51,14.75,526.23,103.59,2,0.18,0.64,2/5,buy,4.27-15.04,11.73,2.0,20.0,17.43,- Buy time -,2.76 million,Healthcare,Biotechnology,1.937,13.7,16.88,0.93,0.87,0.61
SMTC,6.63,68.84,521.53,112.52,1,0.02,0.05,1/5,buy,24.05-79.52,12.99,13.0,81.0,73.12,- Buy time -,1.87 million,Technology,Semiconductors,1.987,62.94,79.19,0.91,0.87,1.15
SYM,6.64,53.01,621.85,133.53,0,0.02,0.54,0/5,hold,16.318-64.16,14.7,17.0,60.0,54.57,Sell ALL,2.31 million,Industrials,Specialty Industrial Machinery,2.056,52.33,67.75,0.99,0.78,1.08
EXOD,6.68,27.88,1032.47,119.33,0,-0.21,-1.79,0/5,buy,14.77-117.399,12.8,76.0,65.0,60.21,mere Buy (some sold),174.24 thousand,Technology,Software - Infrastructure,3.005,28.89,36.85,1.04,0.76,0.32
SOUN,6.68,15.62,976.64,138.46,0,0.02,0.48,0/5,buy,4.45-24.98,14.94,37.0,18.0,16.78,Sell ALL,79.75 million,Technology,Software - Application,2.776,15.98,19.9,1.02,0.78,0.06
VIR,6.71,5.74,372.35,85.31,4,-0.12,-0.16,4/5,strongBuy,4.155-14.45,10.37,60.0,31.0,24.11,Buy time,1.54 million,Healthcare,Biotechnology,1.28,5.46,6.48,0.95,0.89,0.36
IESC,6.72,393.77,469.94,70.36,4,0,0,4/5,buy,146.51-404.27,8.79,3.0,421.0,421.0,Buy time,179.23 thousand,Industrials,Engineering & Construction,1.642,380.01,462.88,0.97,0.85,0.43
RGEN,6.72,131.66,340.73,67.68,5,0.02,0.06,5/5,buy,102.97-182.52,8.42,28.000000000000004,220.0,199.59,Buy time,984.54 thousand,Healthcare,Medical Instruments & Supplies,1.072,125.17,149.22,0.95,0.88,0.23
BKV,6.75,23.0,237.33,27.55,4,0.43,2.49,4/5,buy,15.0-26.78,3.3,14.000000000000002,32.0,30.0,Buy time,618.94 thousand,Energy,Oil & Gas E&P,1,22.77,30.05,0.99,0.77,2.05
CLBT,6.77,18.53,421.18,95.04,4,0.02,0.29,4/5,buy,13.1-26.3,11.66,30.0,28.0,25.79,Buy,2.89 million,Technology,Software - Infrastructure,1.277,18.06,22.29,0.97,0.83,0.07
CAE,6.78,29.33,433.48,73.95,4,0.01,0.0,4/5,hold,17.59-30.13,9.12,3.0,31.666067,30.97,Buy time,1.04 million,Industrials,Aerospace & Defense,1.442,28.15,34.32,0.96,0.85,0.51
XMTR,6.78,54.92,261.03,85.59,5,0.07,5.68,5/5,buy,16.26-58.03,10.5,5.0,55.0,51.33,- +Buy time -,1.07 million,Industrials,Specialty Industrial Machinery,0.873,53.56,64.61,0.98,0.85,0.11
PPTA,6.86,20.07,222.79,86.01,5,0.12,0.36,5/5,buy,7.81-22.616,9.97,11.0,30.0,27.8,Buy time,4.33 million,Basic Materials,Other Precious Metals & Mining,0.326,19.48,23.38,0.97,0.86,0.32
DMAC,6.91,6.83,351.97,217.52,0,0.01,0.05,0/5,buy,3.19-7.4899,21.38,9.0,14.0,13.17,Sell ALL,566.58 thousand,Healthcare,Biotechnology,1.399,6.83,8.5,1.0,0.8,0.4
ARQT,6.98,18.77,605.05,116.85,1,0.04,0.23,1/5,buy,8.03-19.36,13.64,3.0,29.0,25.88,- Buy time -,2.75 million,Healthcare,Biotechnology,1.938,17.96,22.63,0.96,0.83,1.17
RVSB,7.0,5.39,204.33,56.6,5,0.03,0.87,5/5,strongBuy,4.45-6.59,7.15,18.0,7.0,7.0,Buy time,113.81 thousand,Financial Services,Banks - Regional,0.59,5.19,6.12,0.96,0.88,1.12
PTGX,7.03,66.44,656.94,84.59,3,-0.33,-2.78,3/5,buy,33.31-68.26,10.3,3.0,82.0,76.08,Buy time,1.79 million,Healthcare,Biotechnology,2.221,63.64,78.9,0.96,0.84,0.54
WK,7.05,85.04,289.49,85.3,5,0.21,3.51,5/5,buy,60.5-116.83,10.57,27.0,110.0,103.8,Buy time,967.49 thousand,Technology,Software - Application,0.876,83.46,103.41,0.98,0.82,0.31
INSG,7.07,14.58,423.51,99.34,4,0.14,3.46,4/5,hold,6.24-20.67,12.14,28.999999999999996,13.5,12.17,Buy time,372.57 thousand,Technology,Communication Equipment,1.253,13.99,16.92,0.96,0.86,0.27
REAL,7.07,10.41,610.15,170.26,1,0.02,0.29,1/5,buy,2.71-11.375,16.66,8.0,15.0,12.92,Buy time,5.02 million,Consumer Cyclical,Luxury Goods,2.51,9.88,12.48,0.95,0.83,0.23
RAIL,7.07,9.64,576.24,109.33,3,0.03,0.62,3/5,buy,4.31-16.1,13.17,40.0,17.0,15.67,Buy time,182.94 thousand,Industrials,Railroads,1.953,9.09,11.06,0.94,0.87,0.26
ASTS,7.08,49.11,769.54,159.87,1,-0.33,-4.13,1/5,buy,17.5-60.95,14.76,19.0,60.0,53.93,Sell ALL,16.67 million,Technology,Communication Equipment,2.421,48.12,59.98,0.98,0.82,0.07
BKSY,7.1,19.57,595.81,192.77,0,0.2,0.42,0/5,buy,4.47-28.85,19.7,32.0,31.0,28.14,mere Sell (some bought),2.24 million,Industrials,Specialty Business Services,2.156,19.46,24.29,0.99,0.81,0.4
ARTL,7.16,4.68,499.9,83.35,1,-4.96,-4.88,1/5,buy,4.2-28.6,6.95,84.0,0.1,0.1,Sell ALL,253.81 thousand,Healthcare,Biotechnology,1.459,5.46,6.81,1.17,0.69,2.5
TATT,7.2,42.59,359.43,163.38,2,-0.03,-0.1,2/5,buy,16.25-42.99,18.69,1.0,40.0,39.17,Buy time,167.60 thousand,Industrials,Aerospace & Defense,0.785,40.16,49.13,0.94,0.87,0.45
SLNG,7.28,4.33,137.12,119.1,5,-0.09,-1.5,5/5,strongBuy,3.29-8.28,13.36,48.0,10.0,9.75,Buy time,16.15 thousand,Energy,Oil & Gas Integrated,0.112,4.06,4.98,0.94,0.87,0.27
CEVA,7.49,25.95,355.32,120.15,2,0.01,0.17,2/5,buy,18.31-38.94,13.81,33.0,40.0,35.92,Sell ALL,437.29 thousand,Technology,Semiconductors,1.263,25.41,33.69,0.98,0.77,1.69
CMPO,7.5,20.69,325.69,82.82,5,0.08,0.41,5/5,buy,9.244-21.0,10.29,1.0,23.0,21.0,Buy time,1.18 million,Industrials,Metal Fabrication,0.995,20.09,25.14,0.97,0.82,0.71
DY,7.55,289.03,402.48,99.65,5,0.86,0.41,5/5,buy,131.37-300.0,12.12,4.0,310.0,305.11,Buy time,458.27 thousand,Industrials,Engineering & Construction,1.184,273.02,336.25,0.94,0.86,0.19
CRNC,7.57,12.08,698.28,171.91,1,0.54,3.31,1/5,hold,2.56-27.5,17.22,56.00000000000001,16.0,13.88,Buy time,2.42 million,Technology,Software - Application,2.793,11.55,15.0,0.96,0.81,0.44
RSSS,7.6,3.72,252.59,101.27,2,0.02,0.37,2/5,buy,2.32-4.24,11.41,12.0,6.0,5.67,Sell ALL,251.91 thousand,Technology,Software - Application,0.664,3.66,5.18,0.98,0.72,2.5
AXGN,7.62,17.74,357.19,108.68,5,0.02,-1.25,5/5,buy,9.22-21.0,13.19,16.0,30.0,27.36,Buy time,967.97 thousand,Healthcare,Medical Devices,1.023,17.06,20.76,0.96,0.85,0.19
UI,7.63,653.2,479.25,111.47,4,2.35,1.11,4/5,strongBuy,215.62-676.25,13.48,3.0,600.0,524.75,Buy time,258.39 thousand,Technology,Communication Equipment,1.423,626.89,771.45,0.96,0.85,0.42
EXE,7.68,106.49,219.69,74.52,5,0.1,0.04,5/5,buy,80.75-123.345,9.23,14.000000000000002,154.0,141.3,Buy time,5.38 million,Energy,Oil & Gas E&P,0.443,101.19,126.85,0.95,0.84,1.37
PRDO,7.71,37.27,323.97,95.71,5,0.06,0.09,5/5,strongBuy,20.55-37.88,11.78,2.0,42.0,42.0,Buy time,751.60 thousand,Consumer Defensive,Education & Training Services,0.902,35.36,44.84,0.95,0.83,0.65
PRIM,7.73,135.96,440.41,118.96,4,0.92,1.05,4/5,buy,49.1-136.5706,13.76,0.0,136.0,131.78,Buy time,1.12 million,Industrials,Engineering & Construction,1.432,126.84,153.51,0.93,0.89,0.49
CHRS,7.75,1.65,338.25,188.97,2,-0.2,-0.88,2/5,buy,0.66-2.43,20.85,32.0,7.0,6.33,Buy time,2.11 million,Healthcare,Biotechnology,0.885,1.55,1.85,0.94,0.89,0.54
ATGE,7.75,153.5,333.53,99.59,5,0.4,0.25,5/5,buy,71.09-155.39,12.2,1.0,169.0,160.62,Buy time,484.75 thousand,Consumer Defensive,Education & Training Services,0.941,143.38,180.89,0.93,0.85,0.58
EHTH,7.93,4.3,366.64,65.07,5,0.9,0.89,5/5,hold,3.18-11.36,8.14,62.0,12.0,10.62,Buy time,354.12 thousand,Financial Services,Insurance Brokers,1.127,4.14,5.07,0.96,0.85,1.42
NGD,7.95,7.09,352.71,109.95,5,0.01,0.34,5/5,buy,2.43-7.21,13.4,2.0,7.85,6.91,Buy time,24.89 million,Basic Materials,Gold,0.987,6.76,8.36,0.95,0.85,0.5
BKTI,8.01,83.76,223.51,132.96,5,0.69,1.13,5/5,buy,19.48-85.7253,15.59,2.0,83.0,83.0,Buy time,80.18 thousand,Technology,Communication Equipment,0.426,76.81,92.57,0.92,0.9,0.43
SPIR,8.03,10.89,793.06,179.72,1,0.14,0.17,1/5,buy,6.853-21.426,19.56,49.0,17.0,16.62,Sell ALL,460.23 thousand,Industrials,Specialty Business Services,2.38,10.44,13.23,0.96,0.82,0.4
VRAR,8.03,1.67,322.82,158.7,2,-0.05,-2.5,2/5,buy,0.503-7.0,17.96,76.0,2.62,2.62,Sell ALL,355.52 thousand,Technology,Software - Infrastructure,1,1.63,2.05,0.98,0.81,1.49
LUNR,8.04,10.08,401.32,143.58,4,-0.22,-4.58,4/5,buy,6.135-24.95,16.48,60.0,18.5,16.54,Buy time,6.38 million,Industrials,Aerospace & Defense,1.377,9.66,11.68,0.96,0.86,0.38
EGAN,8.04,8.66,206.86,291.43,-1,0.04,1.38,-1/5,buy,4.34-9.64,28.75,10.0,10.0,9.12,Sell ALL,166.50 thousand,Technology,Software - Application,0.302,8.58,10.13,0.99,0.85,0.98
LINK,8.07,11.73,328.1,240.58,0,0,0,0/5,buy,3.25-14.74,22.25,20.0,13.0,13.0,Sell ALL,251.59 thousand,Technology,Electronic Components,0.574,11.69,15.55,1.0,0.75,1.21
JOBY,8.09,16.02,668.08,169.67,1,-0.01,-0.08,1/5,hold,4.78-20.95,18.23,24.0,22.0,16.42,Buy,40.52 million,Industrials,Airports & Air Services,2.507,15.46,19.5,0.97,0.82,1.03
XLO,8.09,0.86,126.85,138.18,2,-0.36,-3.89,2/5,buy,0.615-1.7,16.13,50.0,2.0,2.0,Buy time,2.55 million,Healthcare,Biotechnology,1,0.8,1.26,0.93,0.68,2.5
QTTB,8.23,1.97,389.2,131.93,5,0.53,0.47,5/5,hold,1.345-53.17,15.74,96.0,20.0,16.0,Buy time,77.64 thousand,Healthcare,Biotechnology,1,1.88,2.28,0.95,0.86,0.21
UTI,8.25,32.31,526.18,130.12,4,0.17,1.45,4/5,buy,15.14-36.32,15.51,11.0,40.0,38.67,Buy time,1.03 million,Consumer Defensive,Education & Training Services,1.655,29.8,36.03,0.92,0.9,0.51
CDZI,8.3,4.59,546.96,207.47,2,-0.05,-0.49,2/5,buy,2.13-5.68,22.0,19.0,10.0,10.0,Sell ALL,796.88 thousand,Utilities,Utilities - Regulated Water,1.826,4.24,5.35,0.92,0.86,0.16
PRAX,8.33,54.47,906.28,146.56,2,-0.03,-0.01,2/5,buy,26.7-91.83,15.38,41.0,270.0,185.0,Buy time,565.80 thousand,Healthcare,Biotechnology,2.623,47.9,59.07,0.88,0.92,0.52
CNC,8.41,35.69,281.48,170.62,5,0.01,-1.62,5/5,hold,25.08-75.28,19.71,53.0,70.0,51.97,- +Buy time -,19.59 million,Healthcare,Healthcare Plans,0.442,32.68,38.9,0.92,0.92,-0.13
TTI,8.5,5.71,465.15,142.34,4,0.06,0.91,4/5,buy,2.03-6.04,16.46,5.0,7.0,6.92,Buy time,1.80 million,Industrials,Conglomerates,1.398,5.41,6.73,0.95,0.85,0.68
PAYS,8.73,6.24,341.38,135.89,5,-0.01,-0.35,5/5,buy,1.8-8.88,16.03,30.0,10.0,9.55,Buy time,785.12 thousand,Technology,Software - Infrastructure,0.938,5.75,7.12,0.92,0.88,0.76
CRVS,8.75,7.13,392.9,174.3,4,-0.03,-0.22,4/5,buy,2.54-10.0,19.64,28.999999999999996,24.0,19.4,Buy time,986.36 thousand,Healthcare,Biotechnology,0.509,6.52,7.87,0.91,0.91,0.46
APEI,8.78,39.17,555.76,162.73,4,0.47,4.0,4/5,buy,13.45-39.7,19.02,1.0,46.0,42.25,Buy time,310.76 thousand,Consumer Defensive,Education & Training Services,1.618,36.21,45.22,0.92,0.87,0.26
RYAM,8.8,7.23,806.93,199.06,1,-5.63,-26.51,1/5,strongBuy,3.35-10.28,21.72,30.0,6.0,6.0,Buy time,896.46 thousand,Basic Materials,Chemicals,2.557,6.72,8.79,0.93,0.82,0.72
NRXP,8.9,3.25,548.13,175.12,2,-0.84,-3.62,2/5,buy,1.1-6.01,19.02,46.0,46.0,41.12,Buy time,719.81 thousand,Healthcare,Biotechnology,1.635,3.1,3.8,0.95,0.86,1.43
ALLT,8.92,10.48,508.52,173.33,4,0.1,1.4,4/5,buy,2.78-10.77,19.85,3.0,15.0,15.0,Buy time,580.75 thousand,Technology,Software - Infrastructure,1.434,9.65,11.97,0.92,0.88,0.32
TTMI,8.95,56.95,527.49,164.12,4,0.16,0.38,4/5,buy,15.77-58.74,19.1,3.0,65.0,62.0,Buy time,2.89 million,Technology,Electronic Components,1.566,52.74,65.0,0.93,0.88,0.48
NVTS,9.0,7.07,852.39,198.91,1,0.0,0.03,1/5,hold,1.52-9.48,21.59,25.0,8.0,7.37,- Buy time -,26.83 million,Technology,Semiconductors,2.992,6.72,8.93,0.95,0.79,0.8
RZLT,9.0,9.26,227.14,182.29,4,-0.06,-0.23,4/5,buy,2.215-9.56,20.3,3.0,20.0,17.0,Buy time,2.02 million,Healthcare,Biotechnology,0.033,8.61,10.4,0.93,0.89,1.0
CRK,9.04,19.78,258.31,170.3,5,0.05,0.53,5/5,hold,10.84-31.17,19.18,37.0,32.0,25.2,Buy time,3.83 million,Energy,Oil & Gas E&P,0.266,17.89,21.27,0.9,0.93,0.59
NRGV,9.12,2.89,102.2,406.7,-1,0.01,-0.05,-1/5,buy,0.596-3.55,28.5,18.0,1.7,1.4,== less Sell ALL==,4.48 million,Utilities,Utilities - Renewable,0.828,2.7,3.26,0.93,0.89,0.48
MRVL,9.15,83.16,644.13,202.96,3,0.01,0.01,3/5,buy,47.09-127.48,22.92,35.0,122.0,104.48,Buy,31.85 million,Technology,Semiconductors,1.849,74.83,93.46,0.9,0.89,0.17
HUT,9.17,34.75,533.18,257.63,2,1.65,10.69,2/5,buy,10.04-39.47,26.3,12.0,60.0,46.27,Sell,7.86 million,Financial Services,Capital Markets,1,33.69,41.11,0.97,0.85,0.05
FSFG,9.2,31.27,137.25,103.36,5,0.24,0.38,5/5,strongBuy,21.63-33.0,12.18,5.0,31.0,31.0,Buy time,37.23 thousand,Financial Services,Banks - Regional,0.421,28.34,41.47,0.91,0.75,2.5
UNFI,9.29,37.42,270.12,219.64,2,0.29,1.43,2/5,hold,18.81-38.06,22.74,2.0,36.0,32.5,Buy time,1.80 million,Consumer Defensive,Food Distribution,0.9,31.35,40.83,0.84,0.92,1.67
DOGZ,9.29,12.89,659.59,130.36,2,1,1,2/5,,6.81-58.5,14.63,78.0,0.1,0.1,Sell,691.34 thousand,Consumer Cyclical,Leisure,1.916,13.38,16.96,1.04,0.76,2.45
FTK,9.3,14.47,429.57,157.7,5,0.22,3.32,5/5,buy,4.55-16.87,17.21,14.000000000000002,19.0,18.25,Buy time,667.52 thousand,Energy,Oil & Gas Equipment & Services,1.062,13.06,16.33,0.9,0.89,0.68
CDE,9.32,18.45,412.84,218.52,3,0.14,12.09,3/5,buy,4.58-19.17,23.6,4.0,20.0,17.15,Buy time,24.44 million,Basic Materials,Gold,1.197,16.81,21.01,0.91,0.88,0.68
ETON,9.36,21.55,440.6,145.73,5,-0.1,-1.84,5/5,buy,5.8-23.0,17.08,6.0,35.0,32.5,Buy time,438.20 thousand,Healthcare,Drug Manufacturers - Specialty & Generic,1.11,19.56,24.09,0.91,0.89,0.91
RPID,9.38,3.32,541.46,259.4,1,-0.01,-0.03,1/5,buy,0.83-4.5,26.56,26.0,8.0,8.0,Buy time,66.13 thousand,Healthcare,Medical Devices,1.304,3.08,3.83,0.93,0.87,0.81
LPTH,9.46,7.62,367.48,256.25,2,-0.08,-1.86,2/5,buy,1.35-8.43,24.98,10.0,10.0,9.06,Buy time,1.78 million,Technology,Electronic Components,1.105,6.94,8.97,0.91,0.85,0.88
QUBT,9.5,18.26,996.94,230.45,0,0.0,0.01,0/5,buy,0.639-27.15,19.19,33.0,24.0,22.17,Sell ALL,44.15 million,Technology,Computer Hardware,3.884,19.78,27.63,1.08,0.66,1.12
BBAI,9.66,6.43,913.24,266.44,0,-0.84,-13.62,0/5,hold,1.36-10.36,23.27,38.0,8.0,6.92,Sell,99.01 million,Technology,Information Technology Services,3.163,6.39,8.45,0.99,0.76,0.73
IMPP,9.66,4.81,484.25,268.82,2,0.57,14.25,2/5,strongBuy,2.117-5.25,28.07,8.0,6.0,6.0,== less Sell ALL==,508.00 thousand,Energy,Oil & Gas Midstream,1.048,4.44,5.59,0.92,0.86,0.41
HMY,9.72,17.98,222.31,196.02,5,1,1,5/5,hold,7.97-18.77,22.06,4.0,20.0,18.17,Buy time,11.59 million,Basic Materials,Gold,0.333,16.75,20.47,0.93,0.88,0.81
BFRI,9.78,0.98,232.9,117.21,5,-0.4,-1.2,5/5,buy,0.536-2.22,14.15,56.00000000000001,10.0,8.25,Buy time,116.34 thousand,Healthcare,Drug Manufacturers - Specialty & Generic,0.502,0.92,1.13,0.94,0.87,2.5
BTDR,9.83,16.71,885.63,269.81,1,-0.21,-0.94,1/5,buy,6.61-26.99,28.13,38.0,40.0,32.16,Sell,5.29 million,Technology,Software - Application,2.233,15.93,19.89,0.95,0.84,0.08
MGX,10.0,2.29,457.37,194.93,5,-0.1,-0.21,5/5,buy,1.23-4.92,22.1,54.0,12.0,11.0,Buy time,295.40 thousand,Healthcare,Biotechnology,1,2.11,2.58,0.92,0.89,0.47
FULC,10.08,9.05,927.44,214.79,2,0.05,0.17,2/5,buy,2.315-9.085,23.98,0.0,15.0,13.04,Buy time,810.97 thousand,Healthcare,Biotechnology,2.814,7.87,10.47,0.87,0.86,0.69
BB,10.4,4.88,487.88,199.09,5,0.05,8.55,5/5,hold,2.24-6.24,22.05,22.0,6.0,5.45,Buy time,13.06 million,Technology,Software - Infrastructure,1.13,4.26,5.29,0.87,0.92,0.72
VUZI,10.4,3.12,612.17,278.96,2,0.03,0.25,2/5,buy,0.85-5.79,29.05,46.0,3.0,3.0,Sell ALL,2.69 million,Technology,Consumer Electronics,1.5,2.83,3.58,0.91,0.87,0.59
ATOM,10.51,4.28,503.08,209.93,5,-0.06,-0.43,5/5,buy,2.42-17.55,23.38,76.0,6.0,6.0,Buy time,460.07 thousand,Technology,Semiconductor Equipment & Materials,1.131,3.84,4.73,0.9,0.9,0.55
BFLY,10.55,1.93,858.15,191.54,1,0.05,0.86,1/5,buy,1.32-4.98,20.77,61.0,4.0,3.58,== less Sell ALL==,6.50 million,Healthcare,Medical Devices,2.523,1.9,2.44,0.98,0.79,2.5
TSSI,10.59,17.93,747.12,256.38,3,1,1,3/5,,5.04-31.94,27.81,44.0,0.1,0.1,Buy time,3.03 million,Technology,Information Technology Services,1.771,16.29,20.75,0.91,0.86,0.22
HROW,10.59,48.19,331.46,225.07,5,-0.18,-52.11,5/5,buy,20.85-59.23,24.87,19.0,76.0,71.84,Buy time,774.45 thousand,Healthcare,Drug Manufacturers - Specialty & Generic,0.333,44.6,55.76,0.93,0.86,0.78
RMBS,10.73,103.53,368.46,280.16,2,0.09,0.19,2/5,buy,39.56-109.15,27.17,5.0,130.0,115.19,Buy time,3.32 million,Technology,Semiconductors,1.375,93.68,121.43,0.9,0.85,1.65
VOR,10.78,48.17,986.17,285.76,1,-240.44,-20.54,1/5,hold,2.62-65.8,19.86,27.0,60.0,47.88,Buy time,641.50 thousand,Healthcare,Biotechnology,2.055,39.86,49.92,0.83,0.96,0.89
IAG,10.87,12.74,552.38,233.68,4,0.0,0.11,4/5,buy,4.44-13.13,25.75,3.0,14.0,12.32,Buy time,18.49 million,Basic Materials,Gold,1.321,11.3,14.56,0.89,0.88,0.89
FBRX,11.13,15.0,851.37,255.7,2,0.15,0.13,2/5,buy,4.11-28.68,26.93,48.0,75.0,63.62,Sell ALL,123.68 thousand,Healthcare,Biotechnology,2.689,13.84,18.6,0.92,0.81,1.15
APLT,11.34,0.61,601.9,236.27,2,0.05,0.29,2/5,buy,0.295-10.624,23.73,94.0,5.0,4.08,Buy time,9.30 million,Healthcare,Biotechnology,2.062,0.53,1.06,0.87,0.58,2.5
SEI,11.42,39.63,367.97,382.55,2,0.25,1.61,2/5,buy,12.59-43.46,33.41,9.0,50.0,47.56,- Buy time -,3.64 million,Energy,Oil & Gas Equipment & Services,1.15,34.6,43.24,0.87,0.92,0.38
TENX,11.49,7.66,484.31,196.11,4,0.31,0.71,4/5,buy,3.25-7.89,21.71,3.0,30.0,24.4,Buy time,120.54 thousand,Healthcare,Biotechnology,1.443,6.6,10.61,0.86,0.72,2.5
IONQ,11.51,61.14,774.82,391.43,0,-0.02,-0.16,0/5,buy,7.99-76.129,31.13,20.0,100.0,82.31,Sell ALL,31.68 million,Technology,Computer Hardware,2.536,60.68,82.34,0.99,0.74,0.55
TKNO,11.53,5.99,302.55,279.41,5,0.05,0.46,5/5,buy,3.94-10.37,29.22,42.0,12.0,11.0,Buy,352.62 thousand,Healthcare,Drug Manufacturers - Specialty & Generic,0.321,5.14,6.42,0.86,0.93,0.71
ONDS,11.74,7.74,700.7,301.25,3,-0.04,-0.42,3/5,buy,0.57-8.71,31.09,11.0,9.0,7.7,Buy time,63.08 million,Technology,Communication Equipment,1.926,6.92,9.23,0.89,0.84,0.62
HOOD,11.81,140.9,837.29,248.91,3,0.22,0.61,3/5,buy,22.05-142.48,26.96,1.0,160.0,140.71,Buy time,82.27 million,Financial Services,Capital Markets,2.364,124.24,165.96,0.88,0.85,1.36
MVST,12.49,3.77,1101.0,332.88,1,0.1,8.5,1/5,strongBuy,0.152-4.72,32.8,20.0,6.0,5.75,Sell ALL,7.96 million,Consumer Cyclical,Auto Parts,3.125,3.52,4.95,0.93,0.76,0.9
APP,12.5,713.67,952.02,285.12,1,0.61,0.3,1/5,buy,128.01-745.61,29.94,4.0,810.0,699.75,Buy time,22.21 million,Communication Services,Advertising Agencies,2.439,626.28,915.69,0.88,0.78,2.23
QBTS,12.82,24.07,476.74,465.03,1,-0.02,-0.3,1/5,buy,0.872-29.18,36.46,18.0,33.0,28.15,Sell ALL,66.99 million,Technology,Computer Hardware,1.382,23.43,30.33,0.97,0.79,0.61
EOSE,12.98,11.12,745.73,363.42,3,-0.03,-0.6,3/5,hold,2.06-11.45,33.99,3.0,10.0,8.96,- +Buy time -,24.68 million,Industrials,Electrical Equipment & Parts,2.171,9.53,12.19,0.86,0.91,0.58
CDTX,13.1,96.72,598.33,331.55,4,1.98,0.61,4/5,strongBuy,10.14-99.0,32.87,2.0,167.0,150.2,- +Buy time -,1.78 million,Healthcare,Biotechnology,1.294,78.87,98.42,0.82,0.98,1.06
BE,13.18,84.17,1149.98,432.79,0,0.17,6.04,0/5,hold,9.02-86.89,34.76,3.0,105.0,79.29,Buy,19.19 million,Industrials,Electrical Equipment & Parts,3.29,70.07,99.72,0.83,0.84,0.36
PLUG,13.46,2.33,644.88,447.76,1,-0.02,-0.17,1/5,hold,0.69-3.32,38.2,30.0,5.0,3.56,Sell,102.76 million,Industrials,Electrical Equipment & Parts,2.099,2.06,2.72,0.88,0.86,0.99
WBD,13.52,19.28,498.47,462.31,2,0.81,3.37,2/5,hold,7.25-20.24,38.95,5.0,24.0,19.79,Sell ALL,77.20 million,Communication Services,Entertainment,1.592,16.71,21.9,0.87,0.88,0.57
KTOS,13.94,90.49,458.41,289.57,5,0.05,0.51,5/5,buy,22.69-90.98,29.73,1.0,90.0,82.11,Buy time,10.21 million,Industrials,Aerospace & Defense,1.054,77.51,108.73,0.86,0.83,2.5
INOD,15.47,75.09,1224.83,514.58,1,0.12,0.82,1/5,buy,14.79-77.47,45.27,3.0,75.0,71.4,- Buy time -,3.35 million,Technology,Information Technology Services,2.581,63.93,88.83,0.85,0.85,0.0
SKYT,16.01,18.28,1312.53,443.11,2,0.12,0.76,2/5,strongBuy,5.67-19.87,40.86,8.0,18.0,15.6,Buy time,2.13 million,Technology,Semiconductors,3.41,14.37,21.99,0.79,0.83,1.06
GRAL,16.07,58.54,603.5,451.65,5,1.08,0.29,5/5,hold,12.33-63.99,42.62,9.0,43.0,41.75,Buy time,1.25 million,Healthcare,Diagnostics & Research,1,44.39,58.56,0.76,1.0,0.99
RGTI,17.32,29.1,662.5,636.66,2,-0.06,-1.3,2/5,buy,0.725-34.4,48.04,15.0,35.0,28.42,== less Sell ALL==,99.85 million,Technology,Computer Hardware,1.446,25.68,33.52,0.88,0.87,0.65
KOD,18.36,16.79,1003.55,624.93,2,-0.2,-0.23,2/5,hold,1.92-19.39,49.08,13.0,17.0,13.9,- +Buy time -,891.95 thousand,Healthcare,Biotechnology,2.451,12.33,18.0,0.73,0.93,0.9
PL,18.49,12.75,912.52,577.84,3,0.04,1.33,3/5,buy,2.06-13.0,49.33,2.0,12.0,10.62,Buy time,23.00 million,Industrials,Aerospace & Defense,1.817,10.55,14.17,0.83,0.9,1.42
MNPR,19.3,80.74,770.27,618.68,5,0.32,0.61,5/5,buy,4.5-81.55,51.89,1.0,130.0,114.2,Buy time,79.51 thousand,Healthcare,Biotechnology,1.216,61.23,78.35,0.76,1.03,0.61
CLPT,20.46,21.58,436.69,638.87,5,-0.07,-0.42,5/5,buy,9.76-22.39,48.66,4.0,30.0,29.5,Buy,3.11 million,Healthcare,Medical Devices,0.894,15.46,27.36,0.72,0.79,2.5
