GEV,0.02,585.14,239.72,-25.85,-2,0.01,0.03,-2/5,buy,252.25-677.29,-3.55,14.000000000000002,760.0,719.47,mere Sell (some bought),2.92 million,Industrials,Specialty Industrial Machinery,1,606.18,725.16,1.04,0.81,0.11
QTWO,0.03,61.76,297.36,-67.73,-1,0.0,0.01,-1/5,buy,58.57-112.82,-10.3,45.0,115.0,106.71,== less Sell ALL==,1.22 million,Technology,Software - Application,1.474,65.7,76.91,1.06,0.8,-0.09
JVA,0.05,4.08,266.58,-99.07,-1,0.05,1.84,-1/5,,2.75-9.93,-14.46,59.0,0.1,0.1,mere Sell (some bought),54.60 thousand,Consumer Defensive,Packaged Foods,1.431,4.54,5.47,1.11,0.75,0.41
CCRD,0.05,23.6,147.63,-93.84,-1,0.16,0.9,-1/5,,15.6701-31.99,-15.0,26.0,21.0,21.0,Sell ALL,48.52 thousand,Technology,Software - Application,0.677,26.9,33.25,1.14,0.71,0.65
RSI,0.11,16.96,261.13,-115.18,0,0.07,0.99,0/5,buy,9.542-22.65,-18.22,25.0,26.0,24.07,mere Sell (some bought),1.81 million,Consumer Cyclical,Gambling,1.901,19.39,22.29,1.14,0.76,0.08
IART,0.14,12.01,237.96,-123.6,0,0.13,0.29,0/5,hold,11.05-27.13,-22.65,56.00000000000001,25.0,20.25,Sell ALL,1.23 million,Healthcare,Medical Devices,1,14.56,17.11,1.21,0.7,0.38
SE,0.15,156.25,327.89,-104.46,-1,-0.12,-0.13,-1/5,buy,92.706-199.3,-16.49,22.0,230.0,213.33,Sell,5.31 million,Consumer Cyclical,Internet Retail,1.544,175.62,210.33,1.12,0.74,0.48
ETH-USD,0.22,3845.49,300.72,-45.67,-1,1,1,-1/7,,1386.7993-4953.733,-13.15,22.0,0.1,0.1,Sell ALL,45.49 billion,N/A,N/A,1,4169.99,4913.38,1.08,0.78,0.0
ALLT,0.28,9.63,370.02,-53.85,-1,0.1,1.4,-1/5,buy,3.35-11.42,-8.93,16.0,15.0,14.19,Sell,330.32 thousand,Technology,Software - Infrastructure,1.461,10.43,12.17,1.08,0.79,-0.17
HPP,0.32,2.44,342.78,-82.55,-1,-0.28,-0.92,-1/5,hold,1.78-4.67,-11.89,48.0,5.0,4.14,Sell ALL,4.10 million,Real Estate,REIT - Office,1.662,2.71,3.21,1.11,0.76,0.28
BTC-USD,0.34,109768.19,218.54,-33.57,-1,1,1,-1/7,,66803.65-126198.07,-8.09,13.0,0.1,0.1,Sell ALL,77.22 billion,N/A,N/A,1,115628.91,138032.32,1.05,0.8,0.04
RDW,0.38,7.87,499.92,-70.1,-1,-1.0,-7.66,-1/5,buy,6.61-26.66,-16.39,70.0,28.0,22.86,Sell,6.77 million,Industrials,Aerospace & Defense,2.482,9.32,10.79,1.18,0.73,0.01
CVNA,0.4,306.54,689.82,-179.15,0,-0.06,-0.0,0/5,hold,148.25-413.335,-28.99,26.0,500.0,461.7,Sell ALL,3.10 million,Consumer Cyclical,Auto & Truck Dealerships,3.555,362.12,393.67,1.18,0.78,0.28
XRP-USD,0.4,2.5,236.33,-67.03,0,1,1,0/7,,0.493652-3.65021,-17.87,32.0,0.1,0.1,Sell ALL,6.41 billion,N/A,N/A,1,2.67,3.13,1.07,0.8,0.01
ZETA,0.4,17.99,208.12,-73.72,0,0.02,0.11,0/5,buy,10.69-38.2,-11.34,53.0,44.0,36.14,== less Sell ALL==,7.91 million,Technology,Software - Infrastructure,1.295,19.86,23.16,1.1,0.78,-0.08
WLFC,0.44,128.38,219.49,-48.79,-1,2.2,0.86,-1/5,buy,124.9-235.43,-6.81,45.0,190.0,190.0,Sell ALL,57.96 thousand,Industrials,Rental & Leasing Services,1.052,135.66,161.34,1.06,0.8,0.23
XRP-CAD,0.47,3.51,239.86,-63.8,0,1,1,0/7,,0.689509-5.014604,-16.93,30.0,0.1,0.1,Sell ALL,8.97 billion,N/A,N/A,1,3.73,4.39,1.06,0.8,0.01
MSTR,0.47,269.51,894.85,-143.74,-1,24.59,3.7,-1/5,buy,220.82-543.0,-25.56,50.0,705.0,616.04,Sell ALL,11.86 million,Technology,Software - Application,3.846,318.57,342.49,1.18,0.79,0.12
APEI,0.5,33.49,341.98,-104.78,-1,0.47,4.0,-1/5,buy,14.97-39.83,-15.83,16.0,46.0,42.25,Sell ALL,327.90 thousand,Consumer Defensive,Education & Training Services,1.648,38.27,46.9,1.14,0.71,0.78
PFE,0.52,24.65,61.18,-70.77,0,0.46,0.72,0/5,hold,20.92-28.14,-10.39,12.0,36.0,32.38,Sell ALL,86.32 million,Healthcare,Drug Manufacturers - General,0.465,25.82,31.63,1.05,0.78,0.32
EXOD,0.61,24.49,706.42,-85.12,-1,-0.21,-1.79,-1/5,buy,14.78-117.399,-15.6,79.0,65.0,60.21,Sell,102.74 thousand,Technology,Software - Infrastructure,2.991,27.92,31.56,1.14,0.78,-0.13
PAY,0.63,28.6,361.14,-42.31,-1,0.05,0.41,-1/5,buy,22.65-40.433,-7.17,28.999999999999996,40.0,39.0,Sell ALL,772.26 thousand,Technology,Software - Infrastructure,1.514,30.82,36.53,1.08,0.78,0.05
USLM,0.64,117.22,247.81,-75.42,0,0,0,0/5,buy,80.47-159.53,-11.86,27.0,125.0,125.0,Sell ALL,92.02 thousand,Basic Materials,Building Materials,1.018,130.95,155.41,1.12,0.75,0.1
EAT,0.71,108.66,384.25,-89.83,0,0.18,0.1,0/5,hold,102.96-192.22,-15.08,43.0,210.0,185.62,Sell ALL,1.30 million,Consumer Cyclical,Restaurants,1.383,126.46,147.65,1.16,0.74,0.08
SMWB,0.78,8.55,240.25,-54.01,0,0.01,1.5,0/5,buy,6.36-17.64,-7.72,52.0,17.0,15.19,== less Sell ALL==,262.38 thousand,Technology,Software - Application,1.099,9.13,10.87,1.07,0.79,-0.06
TBBK,0.78,65.37,268.36,-78.3,-1,-0.16,-0.12,-1/5,hold,40.51-81.65,-12.77,20.0,77.0,76.75,Sell ALL,871.92 thousand,Financial Services,Banks - Regional,1.32,75.68,91.34,1.16,0.72,0.9
ALIT,0.8,2.88,194.11,-71.67,0,0.0,-0.06,0/5,buy,2.765-8.925,-10.76,68.0,9.0,8.11,Sell ALL,7.29 million,Technology,Software - Application,1.127,3.14,3.71,1.09,0.78,0.31
BYRN,0.86,20.25,425.83,-75.36,0,0.15,2.84,0/5,buy,13.68-34.78,-11.01,42.0,46.0,42.85,Sell,480.40 thousand,Industrials,Aerospace & Defense,2.05,22.27,25.9,1.1,0.78,-0.12
AENT,0.92,6.42,-32.62,-41.69,-1,0.03,0.38,-1/5,buy,2.21-11.572,-7.79,45.0,11.0,10.73,- Buy time -,45.68 thousand,Communication Services,Entertainment,0.507,6.51,7.76,1.01,0.83,1.26
TTGT,0.93,5.49,304.06,1.53,-1,-1.39,-8.38,-1/5,buy,5.32-33.96,-1.28,84.0,15.0,13.67,Sell ALL,480.18 thousand,Technology,Information Technology Services,1.108,5.83,7.02,1.06,0.78,-0.09
DOGE-USD,1.0,0.19,321.61,-110.09,2,1,1,2/7,,0.114784-0.48351,-33.37,61.0,0.1,0.1,Sell,3.33 billion,N/A,N/A,1,0.22,0.26,1.16,0.73,-0.02
EUDA,1.02,2.1,164.86,167.71,-3,1,1,-3/5,buy,1.03-6.3,5.24,67.0,6.0,6.0,Sell,59.66 thousand,Real Estate,Real Estate Services,1,2.85,3.46,1.36,0.61,-0.0
ABBV,1.03,218.04,29.23,-77.37,1,0.14,0.06,1/5,buy,163.81-244.81,-11.28,11.0,284.0,260.76,Sell ALL,8.61 million,Healthcare,Drug Manufacturers - General,0.507,231.83,270.69,1.06,0.81,0.34
ATUS,1.07,2.23,315.55,-24.04,-1,-0.27,-13.49,-1/5,hold,1.95-3.2,-4.48,30.0,5.5,4.14,Sell ALL,4.61 million,Communication Services,Telecom Services,1.596,2.46,2.99,1.1,0.75,0.35
BKSY,1.08,21.12,373.49,-6.24,-1,0.2,0.42,-1/5,buy,6.15-33.198,-6.16,36.0,42.0,34.64,Sell ALL,2.39 million,Industrials,Specialty Business Services,2.221,26.35,31.43,1.25,0.67,0.13
CLBT,1.15,17.06,292.6,-57.59,0,0.02,0.29,0/5,buy,13.1-26.3,-8.44,35.0,28.0,25.79,Sell ALL,1.35 million,Technology,Software - Infrastructure,1.295,18.63,22.4,1.09,0.76,0.24
VST,1.2,188.3,341.13,-44.67,0,-1.8,-2.57,0/5,buy,90.51-219.82,-7.02,14.000000000000002,325.0,276.01,Buy,5.00 million,Utilities,Utilities - Independent Power Producers,1.34,203.25,238.64,1.08,0.79,0.02
TLN,1.3,399.78,365.62,-45.32,0,-0.9,-4.97,0/5,buy,158.08-451.28,-6.81,11.0,576.0,510.42,Buy,845.12 thousand,Utilities,Utilities - Independent Power Producers,1.587,425.17,504.23,1.06,0.79,0.07
RKT,1.31,16.66,491.02,-113.24,1,0.03,1.0,1/5,hold,10.06-22.555,-17.59,26.0,25.0,21.92,Sell ALL,63.85 million,Financial Services,Mortgage Finance,2.236,17.94,20.5,1.08,0.81,0.06
BKTI,1.37,74.71,147.55,-31.75,1,0.69,1.13,1/5,buy,26.2-86.24,-6.69,13.0,83.0,83.0,- +Buy time -,42.02 thousand,Technology,Communication Equipment,0.426,76.31,89.09,1.02,0.84,-0.14
OKLO,1.37,132.77,360.02,133.16,-3,-0.03,-0.27,-3/5,buy,17.14-193.84,12.68,32.0,175.0,138.29,Sell,20.27 million,Utilities,Utilities - Independent Power Producers,0.706,147.27,174.64,1.11,0.76,-0.05
SPSC,1.37,82.24,226.17,-135.69,-1,0.22,0.24,-1/5,buy,73.05-201.06,-25.69,59.0,160.0,142.91,Sell ALL,1.16 million,Technology,Software - Application,0.684,104.19,140.31,1.27,0.59,2.5
AVPT,1.4,14.07,317.89,-27.85,0,-0.03,-0.56,0/5,buy,12.2-20.245,-4.62,31.0,26.0,23.51,== less Sell ALL==,1.02 million,Technology,Software - Infrastructure,1.409,14.93,17.66,1.06,0.8,0.05
CAVA,1.43,53.73,671.11,-88.78,0,0.1,0.72,0/5,buy,52.8-172.43,-14.78,69.0,100.0,91.78,Sell ALL,3.40 million,Consumer Cyclical,Restaurants,2.526,62.52,72.74,1.16,0.74,0.12
NIO,1.44,7.25,306.65,-34.64,0,0.0,0.03,0/5,hold,3.02-8.02,-5.52,10.0,9.02774,7.97,- Buy time -,66.10 million,Consumer Cyclical,Auto Manufacturers,1.3,7.36,8.75,1.02,0.83,0.21
ELMD,1.47,24.06,102.84,-14.5,1,0.05,0.21,1/5,buy,17.73-35.56,-2.04,32.0,38.0,36.5,Sell,46.12 thousand,Healthcare,Medical Devices,0.469,24.99,30.0,1.04,0.8,-0.23
TPB,1.48,89.9,121.8,-55.09,1,0.31,0.39,1/5,buy,47.525-104.76,-8.35,14.000000000000002,115.0,111.38,Buy,427.72 thousand,Consumer Defensive,Tobacco,0.748,92.64,111.46,1.03,0.81,0.29
INOD,1.54,74.61,610.78,-69.57,0,0.12,0.82,0/5,buy,20.22-93.85,-10.39,21.0,110.0,94.0,mere Sell (some bought),1.98 million,Technology,Information Technology Services,2.96,83.6,100.4,1.12,0.74,0.06
FFWM,1.59,5.44,325.29,-5.14,-1,-1.9,-112.68,-1/5,hold,4.415-8.52,-1.84,36.0,6.0,6.0,Sell ALL,923.56 thousand,Financial Services,Banks - Regional,1,5.64,6.91,1.04,0.79,0.6
ALAB,1.6,186.68,397.51,18.16,-1,0.17,0.52,-1/5,buy,47.125-262.9,-4.19,28.999999999999996,275.0,232.05,Buy,6.76 million,Technology,Semiconductors,1,191.67,230.34,1.03,0.81,0.32
RAIL,1.64,8.89,513.98,-47.61,0,0.03,0.62,0/5,buy,4.31-16.1,-6.97,45.0,17.0,15.67,Sell ALL,120.80 thousand,Industrials,Railroads,2.198,9.64,11.37,1.08,0.78,0.09
TMC,1.64,7.07,451.46,31.52,-1,-0.17,-3.71,-1/5,buy,0.721-11.35,1.84,38.0,12.0,10.38,Sell,9.30 million,Basic Materials,Other Industrial Metals & Mining,1.7,8.02,9.63,1.13,0.73,-0.08
NN,1.68,13.35,285.39,-44.21,1,-0.67,-4.89,1/5,buy,9.045-18.538,-6.89,28.000000000000004,20.0,20.0,Buy time,1.36 million,Technology,Software - Infrastructure,1.009,13.99,16.52,1.05,0.81,-0.03
SPOT,1.76,655.32,339.95,-48.22,1,-3.7,-1.75,1/5,buy,376.04-785.0,-6.92,17.0,901.03894,819.24,== less Sell ALL==,1.58 million,Communication Services,Internet Content & Information,1.674,692.94,818.66,1.06,0.8,-0.04
VRNA,1.82,106.91,15.53,2.53,0,-0.1,-3.69,0/2,hold,31.6-106.93,0.08,0.0,0.1,0.1,- Buy time -,1.46 million,Healthcare,Biotechnology,0.052,106.89,128.25,1.0,0.83,0.76
SOL-USD,1.85,186.65,313.83,-66.15,2,1,1,2/7,,96.588066-294.33496,-18.76,37.0,0.1,0.1,== less Sell ALL==,8.14 billion,N/A,N/A,1,204.72,240.04,1.1,0.78,-0.01
DXCM,1.85,58.22,374.68,-82.47,0,0.08,0.16,0/5,buy,56.445-93.25,-13.5,38.0,115.0,101.72,Sell ALL,9.71 million,Healthcare,Medical Devices,1.476,66.55,81.78,1.14,0.71,1.13
PL,1.99,13.45,525.96,-5.62,0,0.06,1.34,0/5,buy,2.185-16.78,-2.38,20.0,20.0,17.27,Buy,13.96 million,Industrials,Aerospace & Defense,1.998,14.51,16.95,1.08,0.79,-0.1
QUBT,2.06,16.71,811.5,-66.01,-1,0.0,0.01,-1/5,buy,1.03-27.15,-13.52,38.0,40.0,33.17,Buy,52.61 million,Technology,Computer Hardware,3.857,19.74,22.39,1.18,0.75,0.85
LX,2.07,4.82,-9.95,-88.43,0,1,1,0/5,buy,3.01-11.635,-13.49,59.0,14.329718,12.97,Sell ALL,5.06 million,Financial Services,Credit Services,0.486,5.27,6.82,1.09,0.71,2.29
META,2.16,648.35,289.71,-70.05,0,-4.42,-0.63,0/5,buy,479.8-796.25,-10.64,19.0,1117.0,981.96,Sell ALL,23.11 million,Communication Services,Internet Content & Information,1.203,715.52,854.27,1.1,0.76,1.44
WAVE,2.18,7.6,-68.67,-70.25,2,-0.11,-0.85,2/5,strongBuy,4.41-17.63,-10.92,56.99999999999999,15.0,14.88,mere Buy (some sold),28.00 thousand,Utilities,Utilities - Renewable,1,8.29,9.95,1.09,0.76,0.99
RZLT,2.2,9.32,21.27,-6.11,2,-0.06,-0.23,2/5,buy,2.215-10.04,-1.18,7.000000000000001,20.0,17.44,Buy,1.62 million,Healthcare,Biotechnology,0.051,9.44,11.32,1.01,0.82,-0.07
GCTS,2.24,1.45,306.88,-0.5,0,-0.17,-1.36,0/5,buy,0.9-2.86,-0.69,49.0,4.5,4.5,Sell ALL,367.72 thousand,Technology,Semiconductors,1.225,1.53,1.85,1.06,0.78,0.56
TIGR,2.29,10.78,169.44,21.81,1,0.13,1.25,1/5,buy,5.36-13.55,1.72,20.0,17.4,15.67,Buy time,3.03 million,Financial Services,Capital Markets,0.549,10.38,12.43,0.96,0.87,0.0
SMTC,2.31,67.86,441.59,-38.92,1,0.02,0.05,1/5,buy,24.05-79.52,-5.63,15.0,90.0,80.93,- Buy time -,1.71 million,Technology,Semiconductors,2.011,70.71,83.41,1.04,0.81,0.15
APP,2.33,637.33,548.13,-51.6,1,0.64,0.36,1/5,buy,158.33-745.61,-10.47,15.0,860.0,754.98,Buy,6.54 million,Communication Services,Advertising Agencies,2.527,650.33,785.49,1.02,0.81,0.19
AI,2.39,17.58,446.89,11.85,0,-0.12,-0.55,0/5,hold,14.7-45.08,0.46,61.0,24.0,19.33,Sell ALL,7.86 million,Technology,Software - Infrastructure,1.945,18.69,22.86,1.06,0.77,0.24
^RUT,2.42,2479.38,257.56,11.46,1,1,1,1/5,,1732.99-2541.67,1.49,2.0,0.1,0.1,Sell ALL,5.87 billion,N/A,N/A,1,2492.68,2982.14,1.01,0.83,0.02
IONQ,2.43,62.38,583.83,28.45,0,-0.26,-0.87,0/5,buy,14.15-84.64,-1.14,26.0,100.0,82.31,Buy,30.33 million,Technology,Computer Hardware,2.602,68.36,80.48,1.1,0.78,-0.12
DNUT,2.46,3.59,219.9,-40.04,1,-0.12,-3.71,1/5,hold,2.5-12.68,-6.69,72.0,6.0,4.85,mere Buy (some sold),8.39 million,Consumer Defensive,Grocery Stores,1.34,3.72,4.63,1.04,0.78,0.86
KINS,2.51,14.58,134.02,5.76,2,0.37,0.36,2/5,buy,10.29-22.4,0.69,35.0,22.0,22.0,Sell,155.14 thousand,Financial Services,Insurance - Property & Casualty,0.489,15.01,17.94,1.03,0.81,-0.18
MEOH,2.53,39.32,276.96,9.74,0,0.3,1.6,0/5,buy,25.46-54.49,-0.61,28.000000000000004,65.0,56.8,- Buy time -,822.26 thousand,Basic Materials,Chemicals,1.309,38.01,47.62,0.97,0.83,0.83
DOGZ,2.69,12.65,567.91,-24.59,0,1,1,0/5,,6.81-56.015,-5.06,77.0,0.1,0.1,mere Buy (some sold),85.98 thousand,Consumer Cyclical,Leisure,1.931,13.91,18.11,1.1,0.7,0.75
PRTH,2.72,6.96,442.98,11.68,1,0.01,0.0,1/5,buy,5.01-12.47,1.15,44.0,16.0,14.4,Sell,370.00 thousand,Technology,Software - Infrastructure,1.863,7.14,8.46,1.03,0.82,-0.09
BBAI,2.78,6.92,766.55,-0.07,0,-0.84,-13.62,0/5,strongBuy,1.51-10.36,-0.87,33.0,8.0,6.92,mere Sell (some bought),106.48 million,Technology,Information Technology Services,3.194,7.61,9.12,1.1,0.76,0.04
GETY,2.78,1.88,363.05,-66.88,-1,-0.18,-0.05,-1/5,hold,1.25-4.485,-10.11,57.99999999999999,7.0,5.71,Sell ALL,26.57 million,Communication Services,Internet Content & Information,1.894,2.43,13.41,1.29,0.14,2.5
TATT,2.84,42.0,232.8,-36.52,3,-0.03,-0.1,3/5,buy,17.71-45.83,-5.4,8.0,56.0,51.25,- +Buy time -,128.88 thousand,Industrials,Aerospace & Defense,0.911,43.55,52.17,1.04,0.81,-0.17
RGC,2.88,16.65,631.89,46.5,0,1,1,0/5,,0.092789-83.6,4.92,80.0,0.1,0.1,Buy,122.48 thousand,Healthcare,Drug Manufacturers - Specialty & Generic,2.052,17.36,20.73,1.04,0.8,-0.14
TSM,2.88,300.43,321.45,31.61,1,0.45,0.18,1/5,buy,134.25-311.37,3.98,4.0,450.0,392.7,Buy,16.12 million,Technology,Semiconductors,1.216,303.24,367.17,1.01,0.82,0.08
OS,2.92,18.89,410.7,35.87,1,0.11,5.75,1/5,buy,16.51-35.39,3.23,47.0,38.0,33.39,Buy time,1.54 million,Technology,Software - Infrastructure,1,18.57,22.37,0.98,0.84,-0.09
PPTA,2.97,24.03,295.67,141.38,-1,0.12,0.36,-1/5,buy,7.81-31.652,13.98,24.0,32.0,30.2,Buy,4.22 million,Basic Materials,Other Precious Metals & Mining,0.257,25.06,29.4,1.04,0.82,0.28
TV,3.0,2.64,352.76,19.03,1,-3.49,-0.83,1/5,hold,1.55-2.97,1.89,11.0,8.925027,6.15,- Buy time -,1.00 million,Communication Services,Telecom Services,1.673,2.6,3.21,0.98,0.82,0.31
RXRX,3.01,5.52,295.01,73.9,-1,-0.04,-0.13,-1/5,hold,3.79-12.36,7.61,55.00000000000001,10.0,8.23,Sell,81.95 million,Healthcare,Biotechnology,0.91,6.08,7.79,1.1,0.71,1.1
TARS,3.08,68.81,320.89,153.26,-1,-0.13,-0.36,-1/5,buy,38.51-76.81,16.67,10.0,93.0,86.69,Sell ALL,618.24 thousand,Healthcare,Biotechnology,0.811,69.38,84.59,1.01,0.81,0.14
ANET,3.09,157.69,370.34,43.67,1,0.14,0.22,1/5,buy,59.43-164.94,5.34,4.0,185.0,172.4,- Buy time -,6.37 million,Technology,Computer Hardware,1.475,152.21,182.9,0.97,0.86,0.03
INSG,3.1,16.64,339.05,50.83,1,0.14,3.46,1/5,hold,6.24-19.75,5.29,16.0,20.0,17.31,Buy,384.18 thousand,Technology,Communication Equipment,1.266,16.34,19.93,0.98,0.83,0.06
SOUN,3.12,17.62,842.6,84.18,-1,0.02,0.48,-1/5,buy,4.97-24.98,8.34,28.999999999999996,26.0,21.28,mere Sell (some bought),45.25 million,Technology,Software - Application,2.791,18.92,23.15,1.07,0.76,-0.16
AEVA,3.21,16.34,508.27,74.36,0,0.06,0.13,0/5,buy,2.52-38.8,8.51,57.99999999999999,33.0,29.6,Sell ALL,1.96 million,Technology,Software - Infrastructure,2.019,17.57,21.4,1.08,0.76,0.12
CMPO,3.32,19.86,242.95,-6.86,3,0.08,0.41,3/5,buy,9.244-21.155,-0.96,6.0,24.0,22.67,Buy time,595.04 thousand,Industrials,Metal Fabrication,1.004,20.47,24.52,1.03,0.81,-0.11
NBIS,3.43,130.82,396.74,125.65,0,2.86,6.97,0/5,buy,17.385-141.1,11.63,7.000000000000001,206.0,181.2,Buy,14.86 million,Communication Services,Internet Content & Information,1.194,124.59,151.18,0.95,0.87,0.06
AXL,3.48,6.2,488.74,44.24,1,0.1,1.08,1/5,hold,3.0-7.03,4.68,12.0,8.5,7.67,Buy,2.89 million,Consumer Cyclical,Auto Parts,1.532,6.12,7.44,0.99,0.83,0.17
PRM,3.51,23.51,257.46,59.55,1,0.27,0.69,1/5,strongBuy,8.76-27.74,6.76,15.0,27.0,26.5,- Buy time -,1.67 million,Basic Materials,Specialty Chemicals,1,23.24,29.5,0.99,0.8,0.53
OPEN,3.51,7.77,1041.92,9.61,0,0.03,0.51,0/5,hold,0.508-10.87,-3.73,28.999999999999996,6.0,3.93,- Buy time -,146.34 million,Real Estate,Real Estate Services,3.596,8.31,9.8,1.07,0.79,0.14
TSLA,3.53,456.56,548.54,-2.79,2,-0.06,-0.11,2/5,hold,214.25-488.54,-0.64,7.000000000000001,600.0,495.66,Buy time,79.61 million,Consumer Cyclical,Auto Manufacturers,2.086,452.5,537.07,0.99,0.85,0.0
ECOR,3.58,5.04,110.37,15.22,2,-0.13,-0.41,2/5,buy,4.16-19.49,1.98,74.0,25.2,23.16,Buy,37.12 thousand,Healthcare,Medical Devices,0.345,5.15,6.57,1.02,0.77,0.82
NVDA,3.68,202.49,511.77,63.74,1,0.1,0.12,1/5,buy,86.62-212.19,7.53,5.0,320.0,273.56,Buy,162.99 million,Technology,Semiconductors,2.123,189.88,231.16,0.94,0.88,0.05
MESO,3.68,16.66,382.4,23.54,2,1,1,2/5,strongBuy,8.34-22.0,2.34,24.0,35.0,35.0,mere Buy (some sold),239.26 thousand,Healthcare,Biotechnology,1.17,17.69,21.47,1.06,0.78,0.21
XOM,3.74,114.36,171.02,16.43,3,0.13,0.08,3/5,hold,97.8-123.21,2.07,7.000000000000001,156.0,141.33,Buy time,13.97 million,Energy,Oil & Gas Integrated,0.484,113.71,138.09,0.99,0.83,0.17
LUNR,3.77,11.93,441.25,96.98,1,-0.22,-4.58,1/5,buy,6.135-24.95,11.06,52.0,18.5,16.96,Sell,7.61 million,Industrials,Aerospace & Defense,1.409,12.43,14.82,1.04,0.8,-0.09
^GSPC,3.82,6840.2,279.85,14.57,3,1,1,3/5,,4835.04-6920.34,1.89,1.0,0.1,0.1,Buy time,5.87 billion,N/A,N/A,1,6761.73,8098.3,0.99,0.84,0.02
CVX,3.85,157.72,218.38,15.48,3,0.17,0.1,3/5,hold,132.04-168.96,1.99,7.000000000000001,197.0,183.54,Buy time,6.85 million,Energy,Oil & Gas Integrated,0.813,155.39,187.72,0.99,0.84,0.19
DNN,3.9,3.17,630.13,119.84,0,-0.01,-1.19,0/5,buy,1.08-3.42,12.62,7.000000000000001,4.6880355,4.2,Buy,105.52 million,Energy,Uranium,1.836,3.08,3.81,0.97,0.83,0.01
AGX,3.91,306.21,218.0,80.23,2,1.37,0.99,2/5,hold,101.02-320.0,8.85,4.0,315.0,288.5,Buy,358.78 thousand,Industrials,Engineering & Construction,0.633,294.75,351.22,0.96,0.87,0.12
IDCC,3.94,361.96,228.41,33.89,2,3.64,1.17,2/5,buy,162.74-412.6,3.95,12.0,488.0,450.0,Sell ALL,394.20 thousand,Technology,Software - Application,1,366.19,445.9,1.01,0.81,0.69
DQ,3.97,32.66,59.33,108.25,1,0.37,0.02,1/5,buy,12.41-34.2075,10.99,5.0,39.0,34.29,Buy,1.23 million,Technology,Semiconductor Equipment & Materials,0.602,29.67,36.98,0.91,0.88,0.9
TSSI,4.09,20.26,373.66,69.91,2,1,1,2/5,,5.63-31.94,7.4,37.0,0.1,0.1,Buy time,2.34 million,Technology,Information Technology Services,1.733,19.16,22.96,0.95,0.88,0.08
ACHR,4.1,11.22,682.39,153.94,-1,0.02,0.03,-1/5,buy,3.14-14.62,12.57,23.0,18.0,15.22,Sell ALL,83.40 million,Industrials,Aerospace & Defense,3.062,12.34,15.58,1.1,0.72,0.45
APH,4.15,139.34,327.97,89.09,2,0.27,0.38,2/5,buy,56.45-141.72,10.54,2.0,163.0,153.56,Buy,7.05 million,Technology,Electronic Components,1.18,129.69,157.46,0.93,0.88,-0.02
NPWR,4.17,3.82,443.34,198.7,-1,-0.54,-4.67,-1/5,buy,1.48-14.278,20.16,73.0,17.0,12.12,Buy,1.69 million,Industrials,Specialty Industrial Machinery,0.75,3.89,4.76,1.02,0.8,0.45
FTAI,4.17,172.9,421.7,-0.72,3,0.35,0.27,3/5,buy,75.06-194.36,-0.12,11.0,306.0,264.3,Buy time,974.44 thousand,Industrials,Rental & Leasing Services,1.736,178.44,221.84,1.03,0.78,0.24
SES,4.25,2.36,421.46,294.6,-3,-0.03,-1.47,-3/5,hold,0.2-3.73,24.58,37.0,2.0,1.75,Sell,26.86 million,Consumer Cyclical,Auto Parts,0.506,2.69,3.35,1.14,0.7,0.92
NEOG,4.26,6.17,535.81,48.51,2,-0.04,-0.35,2/5,hold,3.87-16.79,6.0,63.0,10.0,9.08,- Buy time -,4.39 million,Healthcare,Diagnostics & Research,1.899,6.11,7.38,0.99,0.84,0.1
NVMI,4.28,344.64,449.03,30.0,3,0.23,0.11,3/5,buy,154.0-361.32,3.86,5.0,390.0,355.83,- +Buy time -,269.84 thousand,Technology,Semiconductor Equipment & Materials,1.753,342.59,414.84,0.99,0.83,-0.1
HOOD,4.38,146.78,667.26,48.22,2,0.15,0.49,2/5,buy,23.54-153.86,5.21,5.0,170.0,154.72,Buy time,26.34 million,Financial Services,Capital Markets,2.43,144.06,174.54,0.98,0.84,-0.05
LRCX,4.46,157.46,555.19,77.6,2,0.16,0.14,2/5,buy,56.32-165.22,9.32,5.0,200.0,179.01,Buy time,11.38 million,Technology,Semiconductor Equipment & Materials,1.841,150.77,184.4,0.96,0.85,-0.1
UAL,4.46,94.04,410.89,9.41,2,0.16,0.05,2/5,buy,52.0-116.0,0.95,19.0,156.0,139.6,== less Sell ALL==,9.28 million,Industrials,Airlines,1.457,99.34,124.27,1.06,0.76,1.09
F,4.52,13.13,506.14,56.01,2,0.13,0.37,2/5,hold,8.44-13.97,6.55,6.0,16.0,14.13,Buy,127.76 million,Consumer Cyclical,Auto Manufacturers,1.542,12.53,15.65,0.95,0.84,0.35
CRVS,4.56,8.04,227.38,86.45,2,-0.03,-0.22,2/5,buy,2.54-10.0,9.7,20.0,24.0,19.5,Buy time,1.09 million,Healthcare,Biotechnology,0.565,7.77,9.55,0.97,0.84,0.67
^DJI,4.59,47562.87,278.6,18.24,4,1,1,4/5,,36611.78-48040.64,2.36,1.0,0.1,0.1,Buy time,533.90 million,N/A,N/A,1,46928.32,56667.06,0.99,0.84,0.1
DSVSF,4.62,4.18,769.94,113.26,0,1,1,0/5,,0.438-4.362,10.05,4.0,0.1,0.1,- Buy time -,1.68 million,Basic Materials,Silver,2.269,4.06,5.18,0.97,0.81,0.55
TPC,4.65,67.36,510.47,42.22,3,0.48,5.02,3/5,buy,18.34-71.07,5.36,5.0,90.0,83.0,- +Buy time -,504.72 thousand,Industrials,Engineering & Construction,1.869,66.24,80.05,0.98,0.84,-0.03
^IXIC,4.71,23724.96,288.3,31.96,4,1,1,4/5,,14784.03-24019.99,4.09,1.0,0.1,0.1,Buy time,10.72 billion,N/A,N/A,1,23123.55,27796.66,0.97,0.85,0.02
PDEX,4.76,36.24,138.36,141.28,1,0.79,1.57,1/5,,23.47-70.26,6.76,48.0,56.0,56.0,Buy time,59.40 thousand,Healthcare,Medical Instruments & Supplies,1,31.27,39.59,0.86,0.92,1.36
PLTR,4.78,200.47,665.52,64.75,2,0.02,0.17,2/5,hold,41.032-204.18,7.74,2.0,215.0,184.89,Buy time,44.23 million,Technology,Software - Infrastructure,2.595,188.12,229.99,0.94,0.87,0.13
CTM,4.81,1.17,0.36,57.17,1,0,0,1/5,strongBuy,0.146-2.83,5.13,59.0,3.0,3.0,Buy time,19.77 million,Technology,Information Technology Services,1,1.13,2.02,0.97,0.58,2.5
BHF,4.87,57.07,219.34,74.11,1,-1.34,-0.3,1/5,hold,42.07-64.12,6.77,11.0,72.0,64.17,Buy time,2.33 million,Financial Services,Insurance - Life,0.861,52.79,69.91,0.93,0.82,1.86
ADMA,4.94,15.48,183.96,24.26,5,-0.05,-0.26,5/5,buy,13.5-25.67,2.78,40.0,32.0,29.62,Buy time,2.80 million,Healthcare,Biotechnology,0.463,15.11,18.22,0.98,0.85,-0.06
KWR,4.96,138.89,385.88,39.86,3,-0.02,-0.02,3/5,buy,95.91-180.97,5.07,23.0,165.0,161.3,Buy time,120.88 thousand,Basic Materials,Specialty Chemicals,1.422,135.64,167.44,0.98,0.83,0.6
CYBR,4.98,520.78,336.55,47.02,4,0.28,0.35,4/5,hold,271.68-526.19,5.88,1.0,551.0,512.27,Buy time,413.34 thousand,Technology,Software - Infrastructure,1.014,504.46,610.61,0.97,0.85,-0.01
KOD,5.03,18.13,627.96,131.75,1,-0.2,-0.23,1/5,hold,1.92-21.17,13.07,14.000000000000002,40.0,28.86,Sell,1.09 million,Healthcare,Biotechnology,2.676,17.63,22.49,0.97,0.81,0.37
TECX,5.07,18.25,319.82,126.57,2,0.07,0.06,2/5,buy,13.7-61.07,14.19,70.0,101.0,90.38,Sell ALL,543.58 thousand,Healthcare,Biotechnology,1,17.93,21.4,0.98,0.85,0.48
DSP,5.11,8.88,333.32,48.37,4,0.03,10.98,4/5,buy,8.11-26.33,5.97,66.0,26.0,22.27,Buy,297.04 thousand,Technology,Software - Application,1.064,8.87,10.85,1.0,0.82,0.11
FCEL,5.12,8.95,1015.35,46.59,0,0.24,0.11,0/5,hold,3.58-13.98,2.46,36.0,12.0,9.92,- Buy time -,7.38 million,Industrials,Electrical Equipment & Parts,4.238,9.8,12.31,1.09,0.73,1.3
AAPL,5.14,270.37,324.17,44.77,4,0.22,0.15,4/5,buy,169.21-277.32,5.52,3.0,345.0,309.98,Buy time,53.19 million,Technology,Consumer Electronics,1.094,261.9,318.86,0.97,0.85,0.21
UI,5.18,787.18,475.64,126.22,2,2.35,1.11,2/5,strongBuy,245.0-796.28,14.33,1.0,720.0,614.75,- Buy time -,171.20 thousand,Technology,Communication Equipment,1.441,731.44,885.02,0.93,0.89,0.23
RDDT,5.2,208.95,281.25,23.87,4,0.54,1.92,4/5,buy,79.75-282.95,3.04,26.0,300.0,269.62,Buy time,9.13 million,Communication Services,Internet Content & Information,1,214.46,275.05,1.03,0.76,0.63
AMPX,5.24,14.09,826.27,132.41,1,0.04,0.49,1/5,buy,1.18-16.03,14.55,12.0,20.0,17.67,Buy,12.00 million,Industrials,Electrical Equipment & Parts,2.875,13.88,17.26,0.99,0.82,0.07
RKLB,5.27,62.98,719.88,227.95,0,-0.02,-0.17,0/5,buy,10.85-73.97,23.83,15.0,83.0,70.83,mere Sell (some bought),22.36 million,Industrials,Aerospace & Defense,2.151,62.48,77.97,0.99,0.81,-0.12
BFAM,5.39,109.23,343.63,12.09,3,0.31,0.25,3/5,buy,91.49-135.78,1.14,20.0,160.0,145.78,Buy time,1.13 million,Consumer Cyclical,Personal Services,1.334,106.13,134.9,0.97,0.81,1.49
SEI,5.4,53.23,565.43,190.65,1,0.25,1.61,1/5,buy,12.86-56.14,20.5,5.0,67.0,62.22,Buy,2.92 million,Energy,Oil & Gas Equipment & Services,1.117,50.61,61.09,0.95,0.87,0.14
REAL,5.41,12.21,679.59,113.72,2,0.02,0.29,2/5,buy,2.93-12.838,12.86,5.0,15.0,13.12,Buy,3.11 million,Consumer Cyclical,Luxury Goods,2.565,11.56,14.37,0.95,0.85,0.14
ABVX,5.44,102.42,209.48,170.8,2,0,0,2/5,strongBuy,4.77-108.0,19.55,5.0,150.0,133.62,Buy time,1.39 million,Healthcare,Biotechnology,0.095,94.88,118.06,0.93,0.87,0.55
INTC,5.45,39.99,411.75,81.54,4,0.11,17.4,4/5,hold,17.67-42.48,10.13,6.0,50.0,43.42,Buy time,102.29 million,Technology,Semiconductors,1.33,38.39,47.27,0.96,0.85,-0.15
MU,5.47,223.77,556.17,160.96,2,0.49,0.26,2/5,buy,61.54-232.4,18.65,4.0,275.0,240.69,Buy time,30.03 million,Technology,Semiconductors,1.567,205.35,248.9,0.92,0.9,-0.11
DVLT,5.47,2.03,494.41,447.67,-3,-0.51,-3.67,-3/5,,0.25-4.1,33.0,50.0,3.0,3.0,Sell ALL,97.49 million,Technology,Software - Infrastructure,0.387,2.18,2.57,1.07,0.79,0.39
WGS,5.49,136.91,642.19,148.05,2,0.46,3.88,2/5,buy,55.17-146.0,17.14,6.0,163.0,151.28,Buy time,487.66 thousand,Healthcare,Diagnostics & Research,2.042,125.57,156.04,0.92,0.88,-0.12
DX,5.51,13.24,261.28,54.74,5,-0.12,-0.39,5/5,buy,10.79-14.52,6.94,9.0,16.0,15.12,Buy,4.91 million,Real Estate,REIT - Mortgage,0.909,12.96,15.4,0.98,0.86,-0.06
TTI,5.57,7.06,440.78,160.33,2,0.01,0.17,2/5,buy,2.03-8.2,17.14,14.000000000000002,9.0,8.58,mere Buy (some sold),3.67 million,Industrials,Conglomerates,1.326,6.94,8.55,0.98,0.83,0.32
SOFI,5.61,29.68,566.71,109.18,3,0.05,0.68,3/5,hold,8.6-32.565,13.21,9.0,37.0,31.26,Buy time,75.02 million,Financial Services,Credit Services,1.933,28.37,34.41,0.96,0.86,-0.02
OGCP,5.61,7.7,488.21,28.56,1,1,1,1/5,,6.25-11.04,2.47,30.0,0.1,0.1,- Buy time -,7.84 thousand,Real Estate,REIT - Office,1.825,7.58,inf,0.98,0.0,2.5
SMR,5.63,44.87,929.5,192.24,0,-0.01,-0.12,0/5,hold,11.08-57.42,18.41,22.0,60.0,50.42,Buy,24.20 million,Industrials,Specialty Industrial Machinery,2.029,45.14,58.15,1.01,0.77,0.24
ARQT,5.64,25.31,603.55,203.66,1,0.18,1.82,1/5,buy,8.29-27.079,21.93,7.000000000000001,34.0,31.69,Buy time,2.06 million,Healthcare,Biotechnology,2.065,21.78,27.23,0.86,0.93,0.14
CDTX,5.73,109.24,438.77,96.73,4,1.98,0.61,4/5,strongBuy,12.74-121.21,11.81,10.0,200.0,179.79,- +Buy time -,724.22 thousand,Healthcare,Biotechnology,1.338,106.68,129.23,0.98,0.85,-0.11
FSLR,5.82,266.94,430.15,140.74,2,0.51,0.2,2/5,buy,116.56-269.672,15.78,1.0,335.0,297.06,- Buy time -,2.88 million,Technology,Solar,1.379,242.03,302.05,0.91,0.88,0.8
SHOP,5.97,173.86,843.13,119.53,2,0.06,0.22,2/5,buy,69.84-182.19,13.97,5.0,200.0,182.93,Buy time,8.82 million,Technology,Software - Application,2.726,166.27,207.47,0.96,0.84,0.24
RIG,6.01,3.84,798.53,141.37,2,0.08,2.64,2/5,hold,1.97-4.74,15.89,19.0,5.5,4.71,Buy time,58.61 million,Energy,Oil & Gas Drilling,2.674,3.5,4.4,0.91,0.87,0.13
COMM,6.08,17.3,287.13,63.93,5,0.45,1.54,5/5,hold,2.94-17.93,7.57,4.0,25.0,23.17,Buy time,5.37 million,Technology,Communication Equipment,1,16.33,19.87,0.94,0.87,0.35
AMZN,6.1,244.22,374.96,80.48,4,0.74,0.51,4/5,buy,161.38-250.5,9.66,3.0,351.87,319.72,Buy time,69.35 million,Consumer Cyclical,Internet Retail,1.281,227.26,289.04,0.93,0.84,0.61
GC=F,6.1,4013.4,360.04,37.07,2,1,1,2/5,,2554.2-4358.0,4.3,8.0,0.1,0.1,Sell ALL,48.68 thousand,N/A,N/A,1,4100.92,15916.17,1.02,0.25,2.5
EOSE,6.24,16.03,828.1,205.22,1,-0.03,-0.6,1/5,hold,2.06-19.045,22.83,16.0,22.0,18.04,mere Buy (some sold),32.33 million,Industrials,Electrical Equipment & Parts,2.294,15.88,20.06,0.99,0.8,0.18
ACA,6.36,102.0,301.62,74.81,5,0.43,0.37,5/5,buy,68.11-113.43,9.2,10.0,130.0,123.0,Buy time,241.96 thousand,Industrials,Engineering & Construction,0.983,95.59,118.8,0.94,0.86,0.45
SPXC,6.48,223.89,454.49,150.61,3,0.42,0.27,3/5,buy,115.0-233.71,16.96,4.0,240.0,226.97,Buy time,458.06 thousand,Industrials,Building Products & Equipment,1.365,198.68,250.97,0.89,0.89,0.63
NET,6.48,253.3,535.9,128.63,2,0.07,0.31,2/5,buy,85.6-254.3,14.31,0.0,300.0,266.25,Buy time,3.55 million,Technology,Software - Infrastructure,1.989,226.77,291.58,0.9,0.87,1.37
DGNX,6.5,20.89,657.56,365.98,-1,1,1,-1/5,,0.45-39.855,30.3,48.0,0.1,0.1,Buy,862.46 thousand,Industrials,Consulting Services,1,18.46,22.92,0.88,0.91,0.52
NTRA,6.55,198.93,605.1,160.12,3,0.01,-0.0,3/5,buy,120.8-199.21,18.76,0.0,235.0,218.75,Buy time,1.38 million,Healthcare,Diagnostics & Research,1.737,182.57,224.13,0.92,0.89,0.21
IREN,6.61,60.75,1306.69,217.96,0,-0.05,-0.28,0/5,buy,5.125-74.15,22.5,18.0,100.0,81.75,Buy,35.76 million,Financial Services,Capital Markets,4.199,59.36,79.17,0.98,0.77,-0.0
ASTS,6.62,80.25,974.86,305.39,0,-0.17,-0.78,0/5,buy,17.5-102.79,29.05,22.0,95.0,76.93,Buy,14.17 million,Technology,Communication Equipment,2.408,79.63,102.74,0.99,0.78,-0.19
OSIS,6.67,278.46,394.77,98.37,4,0.09,0.05,4/5,buy,131.34-282.54,11.78,1.0,300.0,286.83,Buy time,249.82 thousand,Technology,Electronic Components,1.32,260.57,328.6,0.94,0.85,0.92
DAVE,6.67,239.32,1143.18,148.79,2,2.27,1.38,2/5,buy,37.44-286.45,17.54,16.0,320.0,297.69,- +Buy time -,335.66 thousand,Technology,Software - Application,3.893,221.91,279.84,0.93,0.86,-0.12
SNOW,6.7,274.88,426.24,137.54,4,0.11,0.45,4/5,buy,113.23-275.48,16.13,0.0,440.0,353.01,Buy time,5.38 million,Technology,Software - Application,1.207,250.79,306.15,0.91,0.9,0.4
QURE,6.7,67.69,327.64,165.44,5,0.37,0.43,5/5,buy,5.35-71.5,18.76,5.0,108.12074,91.2,- +Buy time -,2.63 million,Healthcare,Biotechnology,0.563,62.52,75.94,0.92,0.89,-0.35
COHU,6.75,23.79,440.47,119.55,4,0.18,2.9,4/5,buy,12.57-29.42,14.17,19.0,28.0,26.88,Buy time,1.01 million,Technology,Semiconductor Equipment & Materials,1.359,22.27,27.98,0.94,0.85,0.63
ILMN,6.79,123.54,379.01,163.11,3,0.35,0.32,3/5,hold,68.7-156.66,17.23,21.0,185.0,149.55,Buy time,2.78 million,Healthcare,Diagnostics & Research,1.398,105.99,132.9,0.86,0.93,1.0
CRDO,6.92,187.62,759.42,225.59,2,0.24,0.72,2/5,buy,29.09-193.5,22.76,3.0,212.0,186.47,Buy time,5.68 million,Technology,Semiconductors,2.598,157.18,204.19,0.84,0.92,0.19
QBTS,6.96,37.06,830.44,351.45,0,-0.02,-0.3,0/5,buy,0.975-46.75,30.84,21.0,50.0,38.15,Buy,50.60 million,Technology,Computer Hardware,1.482,35.76,45.61,0.96,0.81,0.03
TE,6.99,3.72,548.66,474.1,-2,-0.15,-1.6,-2/5,buy,0.92-5.31,35.75,30.0,7.0,6.75,Sell ALL,7.82 million,Industrials,Electrical Equipment & Parts,1.434,3.87,5.18,1.04,0.72,0.82
RGTI,7.0,44.27,787.25,366.01,0,-0.06,-1.3,0/5,buy,1.06-58.15,32.57,24.0,50.0,38.42,Buy,96.75 million,Technology,Computer Hardware,1.608,43.56,55.46,0.98,0.8,-0.01
NOK,7.18,6.91,408.67,296.39,2,-0.01,-0.01,2/5,hold,3.91-8.19,30.25,16.0,8.5,7.6,- Buy time -,47.29 million,Technology,Communication Equipment,0.588,5.67,7.02,0.82,0.98,0.41
CLS,7.21,344.48,613.2,278.59,2,0.25,0.19,2/5,buy,58.05-360.99,26.94,5.0,420.0,386.3,Buy time,2.92 million,Technology,Electronic Components,1.643,285.88,363.97,0.83,0.95,0.23
GRAL,7.34,91.93,388.59,346.23,2,1.08,0.29,2/5,hold,13.24-103.0,32.49,11.0,85.0,73.25,Buy,1.35 million,Healthcare,Diagnostics & Research,1,81.27,100.54,0.88,0.91,0.12
LPLA,7.36,377.31,276.22,137.11,5,1.01,0.23,5/5,strongBuy,262.83-403.58,15.98,7.000000000000001,504.0,465.18,Buy time,1.64 million,Financial Services,Capital Markets,0.611,346.32,421.04,0.92,0.9,0.76
QS,7.49,18.44,1336.75,189.7,1,0.0,0.01,1/5,hold,3.4-19.07,20.88,3.0,16.0,12.24,Buy time,59.73 million,Consumer Cyclical,Auto Parts,4.859,16.91,22.55,0.92,0.82,0.45
YPF,7.61,36.43,281.05,395.27,2,-0.18,-0.73,2/5,buy,22.82-47.43,35.3,23.0,55.0,48.64,- Buy time -,2.55 million,Energy,Oil & Gas Integrated,0.428,27.85,33.75,0.76,1.08,0.12
BITF,7.7,3.97,1288.6,372.22,-1,-0.07,-2.33,-1/5,buy,0.673-6.6,29.47,40.0,7.0,5.73,Sell,113.53 million,Financial Services,Capital Markets,4.435,4.32,6.44,1.09,0.62,0.24
BE,8.5,132.16,1215.66,345.53,1,0.13,5.04,1/5,hold,9.65-144.2,31.76,8.0,157.0,130.65,- Buy time -,14.59 million,Industrials,Electrical Equipment & Parts,3.48,110.75,153.21,0.84,0.86,0.05
TWLO,8.79,134.88,483.9,222.3,4,0.32,0.3,4/5,buy,77.512-151.95,23.86,11.0,170.0,152.77,Buy time,4.28 million,Technology,Software - Infrastructure,1.251,115.26,146.22,0.85,0.92,1.38
APLD,8.89,34.66,1908.33,287.94,0,0.31,1.67,0/5,buy,3.31-40.2,27.87,14.000000000000002,56.0,49.85,Buy,30.22 million,Technology,Information Technology Services,6.592,33.32,51.83,0.96,0.67,0.12
TVTX,9.04,35.16,369.8,286.62,5,0.76,10.19,5/5,buy,12.91-35.34,29.49,1.0,47.0,42.07,Buy time,3.02 million,Healthcare,Biotechnology,0.838,28.58,35.79,0.81,0.98,0.5
ATEC,9.26,18.99,467.23,250.62,5,0.11,3.81,5/5,buy,7.87-20.15,26.43,6.0,25.0,22.77,Buy time,4.21 million,Healthcare,Medical Devices,1.056,15.79,20.55,0.83,0.92,0.91
BFLY,9.28,2.69,949.78,316.79,1,0.03,0.63,1/5,buy,1.32-4.98,29.37,46.0,4.0,3.58,Buy time,9.85 million,Healthcare,Medical Devices,2.599,2.45,3.44,0.91,0.78,1.77
AMD,10.1,256.12,814.66,363.22,3,0.03,0.02,3/5,buy,76.48-267.08,35.96,4.0,310.0,275.55,- +Buy time -,88.00 million,Technology,Semiconductors,1.894,227.3,314.38,0.89,0.81,0.98
AXTI,10.35,7.95,788.72,449.37,2,0.07,0.63,2/5,buy,1.13-9.84,38.24,19.0,5.0,4.41,Buy time,3.90 million,Technology,Semiconductor Equipment & Materials,2.264,6.1,9.27,0.77,0.86,1.13
SNDK,10.44,199.33,588.16,420.78,5,0,0,5/5,buy,27.885-209.77,39.24,5.0,215.0,166.07,Buy time,7.92 million,Technology,Computer Hardware,1,153.53,193.81,0.77,1.03,-0.06
PACB,10.51,2.34,915.02,427.85,3,0.08,0.42,3/5,hold,0.85-2.72,41.03,14.000000000000002,3.0,2.58,Buy time,11.11 million,Healthcare,Medical Devices,2.104,1.83,2.46,0.78,0.95,0.44
HKD,11.11,2.95,509.47,525.01,1,1,1,1/5,,1.55-5.47,39.66,46.0,0.1,0.1,Buy,64.91 million,Technology,Software - Application,2.042,2.52,87.25,0.85,0.03,2.5
CABA,11.12,3.61,1107.66,379.13,1,-0.17,-0.27,1/5,buy,0.986-5.46,36.01,34.0,22.0,17.12,- Buy time -,9.28 million,Healthcare,Biotechnology,3.011,2.89,4.52,0.8,0.8,2.5
BBAR,11.13,16.57,297.29,694.01,2,-0.51,-0.95,2/5,buy,7.76-25.01,51.36,34.0,22.5,20.69,- Buy time -,1.34 million,Financial Services,Banks - Regional,0.091,10.76,13.1,0.65,1.26,0.53
GGAL,12.01,59.13,480.96,782.04,2,-0.93,-0.73,2/5,strongBuy,25.89-74.0,54.96,20.0,78.0,69.93,- Buy time -,2.92 million,Financial Services,Banks - Regional,0.516,36.94,45.72,0.62,1.29,0.12
EDN,12.45,33.31,436.04,817.56,2,3.82,378.38,2/5,buy,14.38-51.69,54.94,36.0,37.0,36.75,- Buy time -,158.52 thousand,Utilities,Utilities - Regulated Electric,0.28,20.9,25.7,0.63,1.3,0.36
BMA,13.85,90.46,562.89,748.74,5,324.89,0.6,5/5,buy,38.3-118.42,55.36,24.0,116.5109,103.65,Buy time,659.54 thousand,Financial Services,Banks - Regional,0.502,58.22,71.04,0.64,1.27,0.07
SUPV,14.06,12.42,579.29,980.07,2,0,0,2/5,strongBuy,4.54-19.75,62.24,37.0,15.0,13.54,- Buy time -,2.51 million,Financial Services,Banks - Regional,0.419,7.2,8.87,0.58,1.4,0.01
MSAI,16.91,1.56,432.33,1076.18,2,-0.13,0.14,2/5,buy,0.464-3.33,58.27,53.0,3.0,2.62,Buy time,41.47 million,Technology,Software - Infrastructure,1,1.0,9.83,0.64,0.16,2.5
PRAX,24.64,198.76,980.76,1775.26,2,-0.03,-0.01,2/5,buy,26.7-206.71,73.32,4.0,441.0,364.61,Buy,3.28 million,Healthcare,Biotechnology,2.64,142.04,397.57,0.71,0.5,2.5
RANI,35.54,2.2,-112.6,3560.87,-1,0.04,0.16,-1/5,strongBuy,0.387-3.87,76.86,43.0,11.0,10.25,mere Buy (some sold),36.96 million,Healthcare,Biotechnology,1,1.45,14.55,0.66,0.15,2.5
